Fiş ID,Tarih,Saat,Ürün Adı,Birim Fiyat (TL),Adet,Toplam Tutar (TL)
FIS_1000,22.04.2026,14:43,Yumurta (15li),55.72,2.0,111.44
FIS_1000,22.04.2026,14:43,Çay (500g),95.29,2.0,190.58
FIS_1000,22.04.2026,14:43,Diş Macunu,46.17,2.0,92.34
FIS_1000,22.04.2026,14:43,Şampuan,78.24,2.0,156.48
FIS_1001,02.05.2026,17:32,Çay (500g),98.06,3.0,294.18
FIS_1001,02.05.2026,17:32,Şampuan,73.79,2.0,147.58
FIS_1001,02.05.2026,17:32,Peynir (500g),115.56,2.0,231.12
FIS_1002,02.04.2026,17:00,Şampuan,72.88,3.0,218.64
FIS_1003,04.02.2026,21:20,Ekmek,9.62,2.0,19.24
FIS_1003,04.02.2026,21:20,Tavuk Göğsü (kg),160.98,3.0,482.94
FIS_1003,04.02.2026,21:20,Süt (1L),32.57,1.0,32.57
FIS_1003,04.02.2026,21:20,Yumurta (15li),53.73,3.0,161.19
FIS_1004,08.02.2026,10:17,Peynir (500g),116.35,1.0,116.35
FIS_1004,08.02.2026,10:17,Makarna,16.37,2.0,32.74
FIS_1004,08.02.2026,10:17,Ekmek,9.54,2.0,19.08
FIS_1005,22.04.2026,11:57,Yoğurt (2kg),65.32,3.0,195.96
FIS_1005,22.04.2026,11:57,Deterjan (5kg),189.74,2.0,379.48
FIS_1005,22.04.2026,11:57,Çay (500g),96.65,3.0,289.95
FIS_1006,02.03.2026,19:21,Şeker (1kg),34.46,3.0,103.38
FIS_1006,02.03.2026,19:21,Şampuan,78.25,2.0,156.5
FIS_1006,02.03.2026,19:21,Sıvı Yağ (1L),50.65,3.0,151.95
FIS_1007,01.05.2026,09:40,Peynir (500g),109.33,1.0,109.33
FIS_1007,01.05.2026,09:40,Yoğurt (2kg),63.84,3.0,191.52
FIS_1007,01.05.2026,09:40,Şeker (1kg),35.14,3.0,105.42
FIS_1007,01.05.2026,09:40,Yoğurt (2kg),65.48,1.0,65.48
FIS_1008,29.03.2026,15:52,Salatalık (kg),22.14,3.0,66.42
FIS_1008,29.03.2026,15:52,Yoğurt (2kg),65.79,1.0,65.79
FIS_1008,29.03.2026,15:52,Yumurta (15li),55.01,3.0,165.03
FIS_1008,29.03.2026,15:52,Salatalık (kg),23.37,2.0,46.74
FIS_1008,29.03.2026,15:52,Ekmek,9.58,3.0,28.74
FIS_1009,30.04.2026,21:55,Diş Macunu,44.72,3.0,134.16
FIS_1009,30.04.2026,21:55,Sıvı Yağ (1L),50.15,3.0,150.45
FIS_1009,30.04.2026,21:55,Diş Macunu,46.04,3.0,138.12
FIS_1009,30.04.2026,21:55,Çay (500g),94.91,3.0,284.73
FIS_1010,09.04.2026,18:34,Şeker (1kg),32.79,1.0,32.79
FIS_1010,09.04.2026,18:34,Tavuk Göğsü (kg),162.81,2.0,325.62
FIS_1010,09.04.2026,18:34,Makarna,16.12,1.0,16.12
FIS_1011,21.03.2026,18:23,Şampuan,72.7,2.0,145.4
FIS_1011,21.03.2026,18:23,Şeker (1kg),34.46,3.0,103.38
FIS_1011,21.03.2026,18:23,Deterjan (5kg),190.74,2.0,381.48
FIS_1011,21.03.2026,18:23,Yumurta (15li),56.22,1.0,56.22
FIS_1011,21.03.2026,18:23,Çay (500g),99.51,3.0,298.53
FIS_1012,10.04.2026,19:02,Çay (500g),92.74,3.0,278.22
FIS_1012,10.04.2026,19:02,Çay (500g),97.03,2.0,194.06
FIS_1012,10.04.2026,19:02,Süt (1L),32.15,2.0,64.3
FIS_1012,10.04.2026,19:02,Makarna,16.3,3.0,48.9
FIS_1013,26.03.2026,12:47,Salatalık (kg),21.42,3.0,64.26
FIS_1014,08.01.2026,15:15,Tavuk Göğsü (kg),159.09,3.0,477.27
FIS_1015,09.03.2026,15:01,Sıvı Yağ (1L),49.17,2.0,98.34
FIS_1015,09.03.2026,15:01,Yumurta (15li),52.45,1.0,52.45
FIS_1016,16.03.2026,21:51,Domates (kg),28.5,2.0,57.0
FIS_1016,16.03.2026,21:51,Çay (500g),92.67,2.0,185.34
FIS_1016,16.03.2026,21:51,Süt (1L),33.01,1.0,33.01
FIS_1016,16.03.2026,21:51,Sıvı Yağ (1L),46.65,3.0,139.95
FIS_1016,16.03.2026,21:51,Diş Macunu,45.5,1.0,45.5
FIS_1017,22.01.2026,15:07,Yoğurt (2kg),63.49,3.0,190.47
FIS_1017,22.01.2026,15:07,Tavuk Göğsü (kg),161.38,1.0,161.38
FIS_1017,22.01.2026,15:07,Yumurta (15li),55.12,1.0,55.12
FIS_1017,22.01.2026,15:07,Yoğurt (2kg),65.86,3.0,197.58
FIS_1018,04.03.2026,21:46,Ekmek,10.32,1.0,10.32
FIS_1018,04.03.2026,21:46,Sıvı Yağ (1L),48.78,1.0,48.78
FIS_1018,04.03.2026,21:46,Ekmek,9.86,3.0,29.58
FIS_1018,04.03.2026,21:46,Tavuk Göğsü (kg),164.7,1.0,164.7
FIS_1019,04.04.2026,17:08,Diş Macunu,44.08,1.0,44.08
FIS_1019,04.04.2026,17:08,Peynir (500g),113.34,2.0,226.68
FIS_1019,04.04.2026,17:08,Şampuan,75.81,1.0,75.81
FIS_1020,27.03.2026,15:44,Yumurta (15li),53.66,2.0,107.32
FIS_1021,05.01.2026,13:22,Diş Macunu,43.2,2.0,86.4
FIS_1021,05.01.2026,13:22,Ekmek,9.63,2.0,19.26
FIS_1021,05.01.2026,13:22,Yumurta (15li),54.36,3.0,163.08
FIS_1021,05.01.2026,13:22,Salatalık (kg),22.75,1.0,22.75
FIS_1021,05.01.2026,13:22,Yoğurt (2kg),66.55,3.0,199.65
FIS_1022,06.02.2026,09:15,Makarna,15.84,1.0,15.84
FIS_1022,06.02.2026,09:15,Tavuk Göğsü (kg),167.99,3.0,503.97
FIS_1022,06.02.2026,09:15,Ekmek,10.19,1.0,10.19
FIS_1022,06.02.2026,09:15,Süt (1L),31.78,1.0,31.78
FIS_1023,29.03.2026,14:31,Salatalık (kg),22.63,1.0,22.63
FIS_1023,29.03.2026,14:31,Şeker (1kg),32.59,2.0,65.18
FIS_1023,29.03.2026,14:31,Süt (1L),32.53,1.0,32.53
FIS_1023,29.03.2026,14:31,Çay (500g),98.29,3.0,294.87
FIS_1024,29.04.2026,20:07,Çay (500g),98.12,1.0,98.12
FIS_1024,29.04.2026,20:07,Çay (500g),92.21,2.0,184.42
FIS_1024,29.04.2026,20:07,Salatalık (kg),22.26,2.0,44.52
FIS_1024,29.04.2026,20:07,Deterjan (5kg),183.2,1.0,183.2
FIS_1024,29.04.2026,20:07,Deterjan (5kg),181.8,3.0,545.4
FIS_1025,10.02.2026,19:03,Makarna,15.86,2.0,31.72
FIS_1025,10.02.2026,19:03,Tavuk Göğsü (kg),166.2,3.0,498.6
FIS_1026,05.03.2026,10:03,Diş Macunu,46.62,3.0,139.86
FIS_1026,05.03.2026,10:03,Çay (500g),96.84,3.0,290.52
FIS_1026,05.03.2026,10:03,Süt (1L),31.45,3.0,94.35
FIS_1026,05.03.2026,10:03,Ekmek,9.63,1.0,9.63
FIS_1027,15.04.2026,16:35,Yoğurt (2kg),63.98,2.0,127.96
FIS_1028,23.03.2026,10:46,Sıvı Yağ (1L),46.42,3.0,139.26
FIS_1028,23.03.2026,10:46,Çay (500g),96.49,3.0,289.47
FIS_1028,23.03.2026,10:46,Deterjan (5kg),189.52,2.0,379.04
FIS_1029,02.05.2026,14:54,Süt (1L),32.07,3.0,96.21
FIS_1029,02.05.2026,14:54,Deterjan (5kg),184.87,3.0,554.61
FIS_1029,02.05.2026,14:54,Çay (500g),94.89,3.0,284.67
FIS_1030,19.02.2026,18:48,Ekmek,9.89,3.0,29.67
FIS_1030,19.02.2026,18:48,Domates (kg),29.29,1.0,29.29
FIS_1030,19.02.2026,18:48,Çay (500g),94.88,2.0,189.76
FIS_1031,10.02.2026,14:34,Deterjan (5kg),183.21,3.0,549.63
FIS_1031,10.02.2026,14:34,Diş Macunu,43.21,1.0,43.21
FIS_1031,10.02.2026,14:34,Sıvı Yağ (1L),49.79,3.0,149.37
FIS_1031,10.02.2026,14:34,Domates (kg),28.3,2.0,56.6
FIS_1031,10.02.2026,14:34,Peynir (500g),114.91,2.0,229.82
FIS_1032,28.02.2026,10:42,Yoğurt (2kg),64.16,1.0,64.16
FIS_1032,28.02.2026,10:42,Makarna,16.23,1.0,16.23
FIS_1032,28.02.2026,10:42,Şampuan,73.72,1.0,73.72
FIS_1032,28.02.2026,10:42,Yumurta (15li),55.93,1.0,55.93
FIS_1033,11.03.2026,14:39,Yumurta (15li),54.55,1.0,54.55
FIS_1033,11.03.2026,14:39,Makarna,16.21,3.0,48.63
FIS_1033,11.03.2026,14:39,Deterjan (5kg),179.31,3.0,537.93
FIS_1033,11.03.2026,14:39,Diş Macunu,45.27,2.0,90.54
FIS_1033,11.03.2026,14:39,Makarna,15.43,1.0,15.43
FIS_1034,19.03.2026,15:41,Şampuan,74.21,2.0,148.42
FIS_1034,19.03.2026,15:41,Yumurta (15li),52.63,1.0,52.63
FIS_1034,19.03.2026,15:41,Çay (500g),92.61,1.0,92.61
FIS_1035,07.03.2026,12:47,Şeker (1kg),35.46,2.0,70.92
FIS_1036,14.04.2026,10:09,Süt (1L),31.84,2.0,63.68
FIS_1036,14.04.2026,10:09,Şampuan,76.82,2.0,153.64
FIS_1037,07.02.2026,09:59,Domates (kg),27.55,3.0,82.65
FIS_1037,07.02.2026,09:59,Diş Macunu,46.79,3.0,140.37
FIS_1037,07.02.2026,09:59,Şampuan,72.65,2.0,145.3
FIS_1037,07.02.2026,09:59,Salatalık (kg),23.47,3.0,70.41
FIS_1038,27.02.2026,15:45,Sıvı Yağ (1L),48.05,1.0,48.05
FIS_1038,27.02.2026,15:45,Süt (1L),30.99,3.0,92.97
FIS_1039,10.03.2026,19:57,Deterjan (5kg),180.8,1.0,180.8
FIS_1039,10.03.2026,19:57,Peynir (500g),118.63,2.0,237.26
FIS_1039,10.03.2026,19:57,Yumurta (15li),55.35,3.0,166.05
FIS_1040,20.02.2026,19:04,Ekmek,10.22,2.0,20.44
FIS_1040,20.02.2026,19:04,Salatalık (kg),22.64,1.0,22.64
FIS_1040,20.02.2026,19:04,Şeker (1kg),33.04,3.0,99.12
FIS_1041,04.04.2026,11:34,Tavuk Göğsü (kg),158.89,2.0,317.78
FIS_1042,14.03.2026,19:54,Yoğurt (2kg),64.68,3.0,194.04
FIS_1042,14.03.2026,19:54,Tavuk Göğsü (kg),169.08,2.0,338.16
FIS_1042,14.03.2026,19:54,Şampuan,75.87,2.0,151.74
FIS_1042,14.03.2026,19:54,Çay (500g),93.35,3.0,280.05
FIS_1043,02.02.2026,19:15,Şampuan,72.13,1.0,72.13
FIS_1044,09.01.2026,11:42,Süt (1L),32.28,2.0,64.56
FIS_1044,09.01.2026,11:42,Süt (1L),32.64,1.0,32.64
FIS_1044,09.01.2026,11:42,Tavuk Göğsü (kg),167.74,1.0,167.74
FIS_1044,09.01.2026,11:42,Domates (kg),27.33,1.0,27.33
FIS_1044,09.01.2026,11:42,Süt (1L),31.01,3.0,93.03
FIS_1045,05.03.2026,21:43,Şeker (1kg),33.42,1.0,33.42
FIS_1045,05.03.2026,21:43,Deterjan (5kg),176.03,1.0,176.03
FIS_1045,05.03.2026,21:43,Sıvı Yağ (1L),47.87,2.0,95.74
FIS_1046,08.04.2026,12:03,Çay (500g),95.3,2.0,190.6
FIS_1046,08.04.2026,12:03,Domates (kg),28.66,2.0,57.32
FIS_1047,03.02.2026,19:22,Süt (1L),31.52,1.0,31.52
FIS_1047,03.02.2026,19:22,Ekmek,9.57,1.0,9.57
FIS_1047,03.02.2026,19:22,Ekmek,9.91,3.0,29.73
FIS_1047,03.02.2026,19:22,Çay (500g),91.68,3.0,275.04
FIS_1048,16.04.2026,15:41,Çay (500g),99.45,3.0,298.35
FIS_1049,06.03.2026,09:08,Ekmek,9.94,2.0,19.88
FIS_1049,06.03.2026,09:08,Tavuk Göğsü (kg),161.37,3.0,484.11
FIS_1049,06.03.2026,09:08,Şampuan,73.65,1.0,73.65
FIS_1049,06.03.2026,09:08,Domates (kg),27.31,2.0,54.62
FIS_1049,06.03.2026,09:08,Peynir (500g),111.66,1.0,111.66
FIS_1050,04.02.2026,09:31,Salatalık (kg),22.85,2.0,45.7
FIS_1050,04.02.2026,09:31,Salatalık (kg),21.5,2.0,43.0
FIS_1050,04.02.2026,09:31,Deterjan (5kg),186.18,2.0,372.36
FIS_1050,04.02.2026,09:31,Diş Macunu,43.17,2.0,86.34
FIS_1050,04.02.2026,09:31,Süt (1L),31.66,3.0,94.98
FIS_1051,04.04.2026,14:49,Tavuk Göğsü (kg),172.01,2.0,344.02
FIS_1051,04.04.2026,14:49,Sıvı Yağ (1L),47.27,1.0,47.27
FIS_1051,04.04.2026,14:49,Tavuk Göğsü (kg),167.2,2.0,334.4
FIS_1051,04.04.2026,14:49,Ekmek,9.52,2.0,19.04
FIS_1052,30.03.2026,13:17,Çay (500g),91.41,2.0,182.82
FIS_1053,23.04.2026,12:43,Yumurta (15li),55.93,3.0,167.79
FIS_1053,23.04.2026,12:43,Peynir (500g),114.17,3.0,342.51
FIS_1053,23.04.2026,12:43,Ekmek,9.73,1.0,9.73
FIS_1054,06.03.2026,14:42,Süt (1L),32.27,1.0,32.27
FIS_1054,06.03.2026,14:42,Diş Macunu,45.96,3.0,137.88
FIS_1054,06.03.2026,14:42,Salatalık (kg),22.6,3.0,67.8
FIS_1054,06.03.2026,14:42,Sıvı Yağ (1L),50.2,3.0,150.6
FIS_1055,14.01.2026,20:42,Yoğurt (2kg),64.59,3.0,193.77
FIS_1055,14.01.2026,20:42,Çay (500g),90.43,2.0,180.86
FIS_1056,09.02.2026,16:21,Peynir (500g),113.99,3.0,341.97
FIS_1057,25.02.2026,10:01,Salatalık (kg),22.22,2.0,44.44
FIS_1058,23.03.2026,09:57,Peynir (500g),118.54,2.0,237.08
FIS_1058,23.03.2026,09:57,Diş Macunu,43.11,1.0,43.11
FIS_1059,23.03.2026,12:25,Salatalık (kg),22.78,1.0,22.78
FIS_1059,23.03.2026,12:25,Diş Macunu,46.35,3.0,139.05
FIS_1059,23.03.2026,12:25,Tavuk Göğsü (kg),162.01,2.0,324.02
FIS_1059,23.03.2026,12:25,Makarna,15.95,3.0,47.85
FIS_1060,19.04.2026,15:35,Tavuk Göğsü (kg),162.07,3.0,486.21
FIS_1060,19.04.2026,15:35,Sıvı Yağ (1L),47.37,2.0,94.74
FIS_1060,19.04.2026,15:35,Ekmek,10.02,1.0,10.02
FIS_1061,07.05.2026,21:53,Salatalık (kg),22.15,2.0,44.3
FIS_1061,07.05.2026,21:53,Yumurta (15li),53.98,3.0,161.94
FIS_1061,07.05.2026,21:53,Sıvı Yağ (1L),47.61,3.0,142.83
FIS_1061,07.05.2026,21:53,Tavuk Göğsü (kg),161.86,2.0,323.72
FIS_1062,08.03.2026,13:12,Şampuan,73.82,2.0,147.64
FIS_1062,08.03.2026,13:12,Yoğurt (2kg),64.15,2.0,128.3
FIS_1062,08.03.2026,13:12,Yoğurt (2kg),63.56,3.0,190.68
FIS_1062,08.03.2026,13:12,Peynir (500g),117.29,2.0,234.58
FIS_1062,08.03.2026,13:12,Makarna,15.78,2.0,31.56
FIS_1063,13.01.2026,10:08,Süt (1L),31.52,3.0,94.56
FIS_1063,13.01.2026,10:08,Sıvı Yağ (1L),47.84,2.0,95.68
FIS_1063,13.01.2026,10:08,Sıvı Yağ (1L),50.67,1.0,50.67
FIS_1063,13.01.2026,10:08,Sıvı Yağ (1L),50.39,2.0,100.78
FIS_1064,11.02.2026,21:36,Sıvı Yağ (1L),48.12,2.0,96.24
FIS_1064,11.02.2026,21:36,Çay (500g),96.71,2.0,193.42
FIS_1064,11.02.2026,21:36,Salatalık (kg),22.33,1.0,22.33
FIS_1065,11.02.2026,18:24,Ekmek,10.5,1.0,10.5
FIS_1066,23.04.2026,09:50,Ekmek,10.35,2.0,20.7
FIS_1066,23.04.2026,09:50,Ekmek,9.75,2.0,19.5
FIS_1066,23.04.2026,09:50,Çay (500g),94.7,3.0,284.1
FIS_1067,26.04.2026,09:15,Şampuan,78.47,1.0,78.47
FIS_1068,02.03.2026,10:04,Yoğurt (2kg),68.11,1.0,68.11
FIS_1068,02.03.2026,10:04,Şeker (1kg),33.49,1.0,33.49
FIS_1068,02.03.2026,10:04,Salatalık (kg),22.62,1.0,22.62
FIS_1069,21.03.2026,10:02,Şampuan,71.86,1.0,71.86
FIS_1069,21.03.2026,10:02,Makarna,15.05,2.0,30.1
FIS_1070,31.01.2026,10:45,Domates (kg),27.37,2.0,54.74
FIS_1070,31.01.2026,10:45,Şeker (1kg),35.62,3.0,106.86
FIS_1070,31.01.2026,10:45,Yoğurt (2kg),66.08,2.0,132.16
FIS_1071,22.03.2026,20:40,Ekmek,9.99,1.0,9.99
FIS_1071,22.03.2026,20:40,Tavuk Göğsü (kg),171.19,1.0,171.19
FIS_1071,22.03.2026,20:40,Yoğurt (2kg),65.75,3.0,197.25
FIS_1071,22.03.2026,20:40,Makarna,15.94,3.0,47.82
FIS_1072,18.02.2026,19:53,Domates (kg),28.68,2.0,57.36
FIS_1072,18.02.2026,19:53,Yoğurt (2kg),62.59,1.0,62.59
FIS_1073,26.02.2026,21:26,Ekmek,10.2,1.0,10.2
FIS_1074,25.04.2026,13:34,Yumurta (15li),56.09,1.0,56.09
FIS_1074,25.04.2026,13:34,Deterjan (5kg),176.46,2.0,352.92
FIS_1074,25.04.2026,13:34,Salatalık (kg),23.5,2.0,47.0
FIS_1074,25.04.2026,13:34,Ekmek,9.64,2.0,19.28
FIS_1074,25.04.2026,13:34,Domates (kg),29.23,3.0,87.69
FIS_1075,19.03.2026,13:56,Süt (1L),34.01,2.0,68.02
FIS_1075,19.03.2026,13:56,Sıvı Yağ (1L),46.19,3.0,138.57
FIS_1075,19.03.2026,13:56,Salatalık (kg),21.69,1.0,21.69
FIS_1075,19.03.2026,13:56,Domates (kg),28.55,2.0,57.1
FIS_1075,19.03.2026,13:56,Yumurta (15li),56.6,1.0,56.6
FIS_1076,30.04.2026,11:12,Şampuan,77.4,2.0,154.8
FIS_1076,30.04.2026,11:12,Domates (kg),27.56,2.0,55.12
FIS_1077,28.04.2026,19:23,Ekmek,10.27,3.0,30.81
FIS_1077,28.04.2026,19:23,Deterjan (5kg),188.15,3.0,564.45
FIS_1078,22.03.2026,18:42,Deterjan (5kg),190.85,2.0,381.7
FIS_1078,22.03.2026,18:42,Çay (500g),96.85,3.0,290.55
FIS_1078,22.03.2026,18:42,Domates (kg),27.72,1.0,27.72
FIS_1078,22.03.2026,18:42,Yoğurt (2kg),63.21,2.0,126.42
FIS_1078,22.03.2026,18:42,Sıvı Yağ (1L),49.47,1.0,49.47
FIS_1079,10.01.2026,12:47,Yoğurt (2kg),62.13,2.0,124.26
FIS_1079,10.01.2026,12:47,Şeker (1kg),33.66,2.0,67.32
FIS_1079,10.01.2026,12:47,Yumurta (15li),51.75,1.0,51.75
FIS_1079,10.01.2026,12:47,Diş Macunu,43.0,3.0,129.0
FIS_1079,10.01.2026,12:47,Peynir (500g),115.51,1.0,115.51
FIS_1080,04.02.2026,14:54,Süt (1L),31.4,1.0,31.4
FIS_1080,04.02.2026,14:54,Peynir (500g),110.82,2.0,221.64
FIS_1081,24.03.2026,14:42,Diş Macunu,45.8,3.0,137.4
FIS_1082,03.04.2026,20:49,Şampuan,74.64,1.0,74.64
FIS_1083,06.04.2026,20:30,Peynir (500g),109.77,1.0,109.77
FIS_1083,06.04.2026,20:30,Yumurta (15li),52.14,2.0,104.28
FIS_1084,01.02.2026,17:42,Şampuan,74.03,1.0,74.03
FIS_1084,01.02.2026,17:42,Süt (1L),31.25,1.0,31.25
FIS_1085,16.04.2026,14:29,Tavuk Göğsü (kg),163.02,1.0,163.02
FIS_1085,16.04.2026,14:29,Süt (1L),31.29,1.0,31.29
FIS_1085,16.04.2026,14:29,Ekmek,10.29,2.0,20.58
FIS_1085,16.04.2026,14:29,Ekmek,9.82,3.0,29.46
FIS_1085,16.04.2026,14:29,Yumurta (15li),54.08,1.0,54.08
FIS_1086,16.01.2026,09:59,Makarna,16.47,2.0,32.94
FIS_1087,29.03.2026,20:25,Domates (kg),28.38,2.0,56.76
FIS_1088,17.04.2026,11:59,Şampuan,78.04,3.0,234.12
FIS_1088,17.04.2026,11:59,Yumurta (15li),53.12,3.0,159.36
FIS_1088,17.04.2026,11:59,Salatalık (kg),23.13,2.0,46.26
FIS_1088,17.04.2026,11:59,Salatalık (kg),22.14,1.0,22.14
FIS_1088,17.04.2026,11:59,Şeker (1kg),33.0,1.0,33.0
FIS_1089,12.04.2026,19:35,Şeker (1kg),35.32,1.0,35.32
FIS_1089,12.04.2026,19:35,Şeker (1kg),32.99,1.0,32.99
FIS_1089,12.04.2026,19:35,Ekmek,10.47,2.0,20.94
FIS_1089,12.04.2026,19:35,Domates (kg),28.12,3.0,84.36
FIS_1089,12.04.2026,19:35,Peynir (500g),117.02,2.0,234.04
FIS_1090,23.01.2026,14:54,Şampuan,72.91,1.0,72.91
FIS_1091,04.04.2026,18:16,Şeker (1kg),34.87,1.0,34.87
FIS_1091,04.04.2026,18:16,Çay (500g),97.58,2.0,195.16
FIS_1092,22.03.2026,16:29,Yoğurt (2kg),68.19,3.0,204.57
FIS_1092,22.03.2026,16:29,Şampuan,74.21,2.0,148.42
FIS_1092,22.03.2026,16:29,Çay (500g),92.58,3.0,277.74
FIS_1092,22.03.2026,16:29,Şeker (1kg),34.14,1.0,34.14
FIS_1093,18.03.2026,15:12,Yoğurt (2kg),66.54,3.0,199.62
FIS_1093,18.03.2026,15:12,Şeker (1kg),32.48,3.0,97.44
FIS_1093,18.03.2026,15:12,Şeker (1kg),33.44,1.0,33.44
FIS_1093,18.03.2026,15:12,Şampuan,75.32,3.0,225.96
FIS_1094,17.02.2026,13:08,Makarna,15.95,3.0,47.85
FIS_1094,17.02.2026,13:08,Domates (kg),28.63,1.0,28.63
FIS_1094,17.02.2026,13:08,Yumurta (15li),54.97,1.0,54.97
FIS_1095,27.03.2026,17:42,Şampuan,71.52,3.0,214.56
FIS_1095,27.03.2026,17:42,Deterjan (5kg),183.97,1.0,183.97
FIS_1095,27.03.2026,17:42,Ekmek,9.77,1.0,9.77
FIS_1095,27.03.2026,17:42,Tavuk Göğsü (kg),166.88,2.0,333.76
FIS_1095,27.03.2026,17:42,Ekmek,10.22,2.0,20.44
FIS_1096,20.04.2026,09:58,Sıvı Yağ (1L),47.56,2.0,95.12
FIS_1096,20.04.2026,09:58,Makarna,15.19,2.0,30.38
FIS_1096,20.04.2026,09:58,Ekmek,9.96,2.0,19.92
FIS_1096,20.04.2026,09:58,Sıvı Yağ (1L),48.32,3.0,144.96
FIS_1097,20.03.2026,10:29,Şeker (1kg),32.82,1.0,32.82
FIS_1097,20.03.2026,10:29,Diş Macunu,43.89,3.0,131.67
FIS_1097,20.03.2026,10:29,Ekmek,10.08,1.0,10.08
FIS_1098,30.01.2026,14:56,Çay (500g),99.36,3.0,298.08
FIS_1099,06.04.2026,19:54,Şampuan,74.58,2.0,149.16
FIS_1099,06.04.2026,19:54,Domates (kg),29.02,3.0,87.06
FIS_1099,06.04.2026,19:54,Süt (1L),32.27,2.0,64.54
FIS_1100,15.03.2026,17:47,Domates (kg),27.12,2.0,54.24
FIS_1100,15.03.2026,17:47,Domates (kg),26.6,3.0,79.8
FIS_1100,15.03.2026,17:47,Makarna,15.08,2.0,30.16
FIS_1101,26.04.2026,13:29,Diş Macunu,45.13,1.0,45.13
FIS_1102,14.02.2026,19:55,Yumurta (15li),54.94,1.0,54.94
FIS_1103,27.04.2026,19:28,Tavuk Göğsü (kg),165.95,2.0,331.9
FIS_1103,27.04.2026,19:28,Diş Macunu,45.17,3.0,135.51
FIS_1103,27.04.2026,19:28,Yumurta (15li),53.79,1.0,53.79
FIS_1104,31.03.2026,18:50,Deterjan (5kg),188.82,1.0,188.82
FIS_1104,31.03.2026,18:50,Yoğurt (2kg),62.88,2.0,125.76
FIS_1104,31.03.2026,18:50,Yumurta (15li),52.97,2.0,105.94
FIS_1104,31.03.2026,18:50,Şeker (1kg),32.66,3.0,97.98
FIS_1104,31.03.2026,18:50,Ekmek,9.66,1.0,9.66
FIS_1105,22.03.2026,14:59,Ekmek,9.95,1.0,9.95
FIS_1105,22.03.2026,14:59,Domates (kg),27.94,3.0,83.82
FIS_1105,22.03.2026,14:59,Tavuk Göğsü (kg),163.49,3.0,490.47
FIS_1106,01.05.2026,19:22,Makarna,15.32,2.0,30.64
FIS_1107,13.04.2026,11:39,Süt (1L),34.07,2.0,68.14
FIS_1108,07.02.2026,21:30,Makarna,15.87,2.0,31.74
FIS_1108,07.02.2026,21:30,Yoğurt (2kg),62.57,1.0,62.57
FIS_1109,29.04.2026,11:00,Ekmek,9.77,1.0,9.77
FIS_1109,29.04.2026,11:00,Çay (500g),95.76,1.0,95.76
FIS_1109,29.04.2026,11:00,Domates (kg),27.89,1.0,27.89
FIS_1109,29.04.2026,11:00,Deterjan (5kg),184.44,3.0,553.32
FIS_1110,29.03.2026,14:31,Domates (kg),26.88,3.0,80.64
FIS_1111,25.02.2026,09:33,Deterjan (5kg),177.97,2.0,355.94
FIS_1111,25.02.2026,09:33,Ekmek,10.2,3.0,30.6
FIS_1111,25.02.2026,09:33,Peynir (500g),113.1,2.0,226.2
FIS_1111,25.02.2026,09:33,Yumurta (15li),53.79,3.0,161.37
FIS_1111,25.02.2026,09:33,Süt (1L),33.62,1.0,33.62
FIS_1112,09.04.2026,11:28,Şeker (1kg),35.63,1.0,35.63
FIS_1112,09.04.2026,11:28,Şeker (1kg),34.39,1.0,34.39
FIS_1113,01.05.2026,17:00,Çay (500g),97.4,2.0,194.8
FIS_1113,01.05.2026,17:00,Süt (1L),32.46,2.0,64.92
FIS_1113,01.05.2026,17:00,Makarna,16.16,1.0,16.16
FIS_1113,01.05.2026,17:00,Makarna,15.19,2.0,30.38
FIS_1114,17.03.2026,15:55,Domates (kg),27.41,1.0,27.41
FIS_1114,17.03.2026,15:55,Çay (500g),97.13,2.0,194.26
FIS_1114,17.03.2026,15:55,Sıvı Yağ (1L),46.14,2.0,92.28
FIS_1115,27.04.2026,20:28,Tavuk Göğsü (kg),161.03,2.0,322.06
FIS_1115,27.04.2026,20:28,Peynir (500g),111.35,2.0,222.7
FIS_1115,27.04.2026,20:28,Şeker (1kg),34.03,3.0,102.09
FIS_1115,27.04.2026,20:28,Çay (500g),94.14,3.0,282.42
FIS_1116,16.04.2026,10:46,Şeker (1kg),34.09,2.0,68.18
FIS_1116,16.04.2026,10:46,Peynir (500g),113.1,1.0,113.1
FIS_1116,16.04.2026,10:46,Ekmek,9.85,2.0,19.7
FIS_1117,12.01.2026,18:44,Sıvı Yağ (1L),46.16,2.0,92.32
FIS_1117,12.01.2026,18:44,Şeker (1kg),34.27,3.0,102.81
FIS_1117,12.01.2026,18:44,Domates (kg),27.25,1.0,27.25
FIS_1118,10.03.2026,16:55,Şeker (1kg),35.28,3.0,105.84
FIS_1118,10.03.2026,16:55,Salatalık (kg),22.82,2.0,45.64
FIS_1119,26.02.2026,11:06,Sıvı Yağ (1L),46.31,3.0,138.93
FIS_1119,26.02.2026,11:06,Sıvı Yağ (1L),48.25,1.0,48.25
FIS_1120,16.01.2026,10:25,Peynir (500g),113.57,3.0,340.71
FIS_1120,16.01.2026,10:25,Ekmek,9.56,1.0,9.56
FIS_1121,31.03.2026,11:12,Şampuan,74.71,3.0,224.13
FIS_1121,31.03.2026,11:12,Salatalık (kg),22.8,2.0,45.6
FIS_1121,31.03.2026,11:12,Makarna,15.39,3.0,46.17
FIS_1122,18.01.2026,15:33,Makarna,15.92,1.0,15.92
FIS_1122,18.01.2026,15:33,Ekmek,10.3,1.0,10.3
FIS_1122,18.01.2026,15:33,Şeker (1kg),32.82,1.0,32.82
FIS_1123,03.03.2026,18:30,Domates (kg),26.63,2.0,53.26
FIS_1123,03.03.2026,18:30,Şampuan,78.1,3.0,234.3
FIS_1123,03.03.2026,18:30,Ekmek,9.97,2.0,19.94
FIS_1123,03.03.2026,18:30,Makarna,15.5,2.0,31.0
FIS_1124,03.03.2026,18:33,Yoğurt (2kg),61.96,3.0,185.88
FIS_1124,03.03.2026,18:33,Çay (500g),93.46,1.0,93.46
FIS_1124,03.03.2026,18:33,Domates (kg),28.06,2.0,56.12
FIS_1124,03.03.2026,18:33,Yoğurt (2kg),66.54,3.0,199.62
FIS_1125,24.02.2026,15:43,Yumurta (15li),51.93,3.0,155.79
FIS_1126,31.03.2026,19:25,Makarna,16.3,1.0,16.3
FIS_1126,31.03.2026,19:25,Çay (500g),91.72,1.0,91.72
FIS_1126,31.03.2026,19:25,Şampuan,78.18,3.0,234.54
FIS_1127,19.03.2026,18:23,Yoğurt (2kg),62.81,3.0,188.43
FIS_1127,19.03.2026,18:23,Peynir (500g),118.08,1.0,118.08
FIS_1127,19.03.2026,18:23,Yoğurt (2kg),65.72,2.0,131.44
FIS_1127,19.03.2026,18:23,Süt (1L),32.78,2.0,65.56
FIS_1128,21.03.2026,11:44,Diş Macunu,45.72,3.0,137.16
FIS_1129,19.03.2026,14:45,Şampuan,76.36,2.0,152.72
FIS_1130,26.03.2026,14:40,Yoğurt (2kg),65.63,3.0,196.89
FIS_1131,30.04.2026,19:21,Makarna,16.13,1.0,16.13
FIS_1131,30.04.2026,19:21,Yumurta (15li),51.98,2.0,103.96
FIS_1131,30.04.2026,19:21,Peynir (500g),118.63,2.0,237.26
FIS_1131,30.04.2026,19:21,Deterjan (5kg),187.55,1.0,187.55
FIS_1132,03.04.2026,21:06,Süt (1L),33.15,3.0,99.45
FIS_1132,03.04.2026,21:06,Yoğurt (2kg),61.84,1.0,61.84
FIS_1133,06.03.2026,09:59,Çay (500g),95.22,1.0,95.22
FIS_1134,09.04.2026,15:27,Şeker (1kg),34.08,1.0,34.08
FIS_1134,09.04.2026,15:27,Tavuk Göğsü (kg),169.97,2.0,339.94
FIS_1135,30.01.2026,18:14,Süt (1L),31.03,3.0,93.09
FIS_1135,30.01.2026,18:14,Diş Macunu,43.05,1.0,43.05
FIS_1135,30.01.2026,18:14,Yoğurt (2kg),65.14,1.0,65.14
FIS_1135,30.01.2026,18:14,Makarna,15.87,2.0,31.74
FIS_1136,22.01.2026,14:34,Peynir (500g),119.27,2.0,238.54
FIS_1136,22.01.2026,14:34,Şampuan,73.25,2.0,146.5
FIS_1136,22.01.2026,14:34,Deterjan (5kg),191.51,1.0,191.51
FIS_1137,04.04.2026,13:22,Makarna,16.4,2.0,32.8
FIS_1137,04.04.2026,13:22,Salatalık (kg),22.84,3.0,68.52
FIS_1138,20.04.2026,10:50,Yumurta (15li),52.75,2.0,105.5
FIS_1139,07.03.2026,21:49,Ekmek,9.65,2.0,19.3
FIS_1140,03.05.2026,11:12,Süt (1L),33.5,1.0,33.5
FIS_1140,03.05.2026,11:12,Şeker (1kg),35.29,2.0,70.58
FIS_1141,26.03.2026,09:57,Salatalık (kg),23.4,1.0,23.4
FIS_1141,26.03.2026,09:57,Makarna,15.17,2.0,30.34
FIS_1141,26.03.2026,09:57,Süt (1L),32.4,3.0,97.2
FIS_1141,26.03.2026,09:57,Salatalık (kg),21.74,2.0,43.48
FIS_1142,02.04.2026,17:33,Makarna,15.97,3.0,47.91
FIS_1142,02.04.2026,17:33,Sıvı Yağ (1L),48.82,3.0,146.46
FIS_1142,02.04.2026,17:33,Şampuan,71.28,2.0,142.56
FIS_1143,05.03.2026,21:40,Sıvı Yağ (1L),48.98,3.0,146.94
FIS_1143,05.03.2026,21:40,Deterjan (5kg),185.14,2.0,370.28
FIS_1143,05.03.2026,21:40,Sıvı Yağ (1L),50.69,1.0,50.69
FIS_1143,05.03.2026,21:40,Sıvı Yağ (1L),47.21,1.0,47.21
FIS_1144,28.03.2026,15:37,Sıvı Yağ (1L),46.92,3.0,140.76
FIS_1145,04.03.2026,15:17,Tavuk Göğsü (kg),166.49,3.0,499.47
FIS_1145,04.03.2026,15:17,Şeker (1kg),32.46,3.0,97.38
FIS_1145,04.03.2026,15:17,Salatalık (kg),22.83,2.0,45.66
FIS_1146,24.01.2026,21:01,Yumurta (15li),54.6,2.0,109.2
FIS_1146,24.01.2026,21:01,Makarna,15.04,3.0,45.12
FIS_1146,24.01.2026,21:01,Makarna,15.6,1.0,15.6
FIS_1147,20.03.2026,12:08,Peynir (500g),116.99,2.0,233.98
FIS_1147,20.03.2026,12:08,Şampuan,72.02,3.0,216.06
FIS_1147,20.03.2026,12:08,Ekmek,9.78,2.0,19.56
FIS_1148,18.01.2026,10:54,Çay (500g),94.74,2.0,189.48
FIS_1148,18.01.2026,10:54,Salatalık (kg),23.29,1.0,23.29
FIS_1148,18.01.2026,10:54,Tavuk Göğsü (kg),156.81,2.0,313.62
FIS_1148,18.01.2026,10:54,Salatalık (kg),23.57,2.0,47.14
FIS_1148,18.01.2026,10:54,Ekmek,9.84,2.0,19.68
FIS_1149,11.03.2026,19:52,Domates (kg),28.54,3.0,85.62
FIS_1150,21.01.2026,12:08,Tavuk Göğsü (kg),162.5,2.0,325.0
FIS_1150,21.01.2026,12:08,Deterjan (5kg),179.53,1.0,179.53
FIS_1150,21.01.2026,12:08,Yumurta (15li),51.42,1.0,51.42
FIS_1150,21.01.2026,12:08,Salatalık (kg),22.78,2.0,45.56
FIS_1151,20.02.2026,10:04,Sıvı Yağ (1L),46.97,1.0,46.97
FIS_1151,20.02.2026,10:04,Şeker (1kg),34.47,1.0,34.47
FIS_1151,20.02.2026,10:04,Makarna,15.25,2.0,30.5
FIS_1152,08.05.2026,16:47,Ekmek,10.27,3.0,30.81
FIS_1152,08.05.2026,16:47,Tavuk Göğsü (kg),172.78,2.0,345.56
FIS_1152,08.05.2026,16:47,Ekmek,9.67,2.0,19.34
FIS_1153,19.03.2026,20:12,Makarna,15.61,2.0,31.22
FIS_1153,19.03.2026,20:12,Sıvı Yağ (1L),46.87,1.0,46.87
FIS_1153,19.03.2026,20:12,Süt (1L),34.03,3.0,102.09
FIS_1153,19.03.2026,20:12,Salatalık (kg),22.47,3.0,67.41
FIS_1154,08.02.2026,10:55,Tavuk Göğsü (kg),172.01,2.0,344.02
FIS_1154,08.02.2026,10:55,Tavuk Göğsü (kg),166.44,2.0,332.88
FIS_1154,08.02.2026,10:55,Çay (500g),95.45,3.0,286.35
FIS_1154,08.02.2026,10:55,Makarna,16.48,2.0,32.96
FIS_1154,08.02.2026,10:55,Peynir (500g),116.63,2.0,233.26
FIS_1155,01.01.2026,15:06,Diş Macunu,43.08,3.0,129.24
FIS_1156,05.01.2026,16:11,Salatalık (kg),23.36,3.0,70.08
FIS_1156,05.01.2026,16:11,Domates (kg),28.3,1.0,28.3
FIS_1157,13.03.2026,18:53,Deterjan (5kg),193.31,1.0,193.31
FIS_1157,13.03.2026,18:53,Çay (500g),95.4,3.0,286.2
FIS_1157,13.03.2026,18:53,Tavuk Göğsü (kg),159.25,3.0,477.75
FIS_1158,06.05.2026,11:00,Deterjan (5kg),182.78,2.0,365.56
FIS_1159,25.02.2026,14:36,Şeker (1kg),35.2,3.0,105.6
FIS_1159,25.02.2026,14:36,Şeker (1kg),34.3,2.0,68.6
FIS_1160,29.04.2026,11:43,Şampuan,78.55,2.0,157.1
FIS_1160,29.04.2026,11:43,Sıvı Yağ (1L),50.27,2.0,100.54
FIS_1160,29.04.2026,11:43,Yoğurt (2kg),67.27,3.0,201.81
FIS_1160,29.04.2026,11:43,Makarna,15.18,3.0,45.54
FIS_1161,03.04.2026,19:33,Yumurta (15li),53.54,3.0,160.62
FIS_1161,03.04.2026,19:33,Deterjan (5kg),188.62,2.0,377.24
FIS_1161,03.04.2026,19:33,Diş Macunu,43.26,1.0,43.26
FIS_1161,03.04.2026,19:33,Çay (500g),98.73,3.0,296.19
FIS_1162,03.02.2026,20:59,Süt (1L),34.11,3.0,102.33
FIS_1162,03.02.2026,20:59,Şampuan,72.7,1.0,72.7
FIS_1162,03.02.2026,20:59,Salatalık (kg),22.5,1.0,22.5
FIS_1162,03.02.2026,20:59,Şeker (1kg),34.37,3.0,103.11
FIS_1162,03.02.2026,20:59,Ekmek,9.94,1.0,9.94
FIS_1163,02.01.2026,09:26,Ekmek,9.85,1.0,9.85
FIS_1164,07.04.2026,12:30,Şampuan,76.41,3.0,229.23
FIS_1164,07.04.2026,12:30,Ekmek,9.96,3.0,29.88
FIS_1165,24.01.2026,12:16,Salatalık (kg),21.7,3.0,65.1
FIS_1165,24.01.2026,12:16,Salatalık (kg),23.19,2.0,46.38
FIS_1165,24.01.2026,12:16,Deterjan (5kg),178.11,2.0,356.22
FIS_1166,22.02.2026,10:25,Tavuk Göğsü (kg),164.68,1.0,164.68
FIS_1166,22.02.2026,10:25,Süt (1L),33.71,2.0,67.42
FIS_1166,22.02.2026,10:25,Sıvı Yağ (1L),46.65,2.0,93.3
FIS_1167,14.01.2026,21:28,Şampuan,72.98,3.0,218.94
FIS_1167,14.01.2026,21:28,Peynir (500g),111.88,2.0,223.76
FIS_1167,14.01.2026,21:28,Tavuk Göğsü (kg),171.15,1.0,171.15
FIS_1167,14.01.2026,21:28,Süt (1L),31.82,2.0,63.64
FIS_1167,14.01.2026,21:28,Domates (kg),27.01,1.0,27.01
FIS_1168,26.03.2026,09:30,Salatalık (kg),22.66,1.0,22.66
FIS_1168,26.03.2026,09:30,Şeker (1kg),33.09,3.0,99.27
FIS_1168,26.03.2026,09:30,Ekmek,10.29,2.0,20.58
FIS_1169,08.01.2026,21:44,Tavuk Göğsü (kg),172.43,1.0,172.43
FIS_1169,08.01.2026,21:44,Sıvı Yağ (1L),47.35,2.0,94.7
FIS_1169,08.01.2026,21:44,Tavuk Göğsü (kg),171.44,3.0,514.32
FIS_1170,05.01.2026,11:23,Ekmek,10.02,3.0,30.06
FIS_1171,03.01.2026,14:43,Tavuk Göğsü (kg),157.81,2.0,315.62
FIS_1171,03.01.2026,14:43,Tavuk Göğsü (kg),171.48,2.0,342.96
FIS_1171,03.01.2026,14:43,Deterjan (5kg),185.16,3.0,555.48
FIS_1171,03.01.2026,14:43,Tavuk Göğsü (kg),172.93,2.0,345.86
FIS_1171,03.01.2026,14:43,Tavuk Göğsü (kg),163.27,1.0,163.27
FIS_1172,13.04.2026,21:11,Çay (500g),97.09,2.0,194.18
FIS_1173,04.05.2026,17:29,Diş Macunu,43.38,2.0,86.76
FIS_1173,04.05.2026,17:29,Şampuan,72.53,2.0,145.06
FIS_1173,04.05.2026,17:29,Yumurta (15li),54.04,2.0,108.08
FIS_1173,04.05.2026,17:29,Çay (500g),98.38,1.0,98.38
FIS_1174,27.03.2026,19:25,Tavuk Göğsü (kg),162.07,2.0,324.14
FIS_1174,27.03.2026,19:25,Salatalık (kg),21.71,2.0,43.42
FIS_1174,27.03.2026,19:25,Domates (kg),27.92,2.0,55.84
FIS_1174,27.03.2026,19:25,Domates (kg),27.39,1.0,27.39
FIS_1175,08.03.2026,21:43,Sıvı Yağ (1L),50.04,2.0,100.08
FIS_1175,08.03.2026,21:43,Ekmek,10.19,2.0,20.38
FIS_1176,28.02.2026,16:11,Yoğurt (2kg),62.46,2.0,124.92
FIS_1176,28.02.2026,16:11,Şeker (1kg),34.87,1.0,34.87
FIS_1177,02.01.2026,19:06,Peynir (500g),118.95,2.0,237.9
FIS_1177,02.01.2026,19:06,Yoğurt (2kg),63.48,3.0,190.44
FIS_1178,27.02.2026,21:38,Diş Macunu,43.63,1.0,43.63
FIS_1178,27.02.2026,21:38,Yumurta (15li),53.33,2.0,106.66
FIS_1178,27.02.2026,21:38,Süt (1L),32.15,3.0,96.45
FIS_1179,09.04.2026,09:53,Peynir (500g),110.65,1.0,110.65
FIS_1180,06.01.2026,15:57,Sıvı Yağ (1L),47.06,3.0,141.18
FIS_1180,06.01.2026,15:57,Şampuan,77.76,2.0,155.52
FIS_1180,06.01.2026,15:57,Tavuk Göğsü (kg),161.47,2.0,322.94
FIS_1181,02.03.2026,15:01,Peynir (500g),113.76,3.0,341.28
FIS_1181,02.03.2026,15:01,Çay (500g),92.15,2.0,184.3
FIS_1181,02.03.2026,15:01,Deterjan (5kg),177.11,1.0,177.11
FIS_1182,21.03.2026,15:25,Domates (kg),26.76,3.0,80.28
FIS_1182,21.03.2026,15:25,Salatalık (kg),22.55,1.0,22.55
FIS_1182,21.03.2026,15:25,Makarna,15.44,3.0,46.32
FIS_1183,25.04.2026,11:41,Deterjan (5kg),189.2,2.0,378.4
FIS_1183,25.04.2026,11:41,Domates (kg),27.28,3.0,81.84
FIS_1183,25.04.2026,11:41,Şeker (1kg),32.76,1.0,32.76
FIS_1183,25.04.2026,11:41,Peynir (500g),118.21,3.0,354.63
FIS_1183,25.04.2026,11:41,Diş Macunu,46.89,3.0,140.67
FIS_1184,15.01.2026,20:29,Şampuan,75.65,2.0,151.3
FIS_1184,15.01.2026,20:29,Süt (1L),33.55,3.0,100.65
FIS_1184,15.01.2026,20:29,Diş Macunu,46.18,1.0,46.18
FIS_1184,15.01.2026,20:29,Yoğurt (2kg),63.09,3.0,189.27
FIS_1185,15.01.2026,19:11,Diş Macunu,42.77,2.0,85.54
FIS_1185,15.01.2026,19:11,Deterjan (5kg),193.98,3.0,581.94
FIS_1185,15.01.2026,19:11,Deterjan (5kg),188.98,1.0,188.98
FIS_1186,06.02.2026,16:05,Süt (1L),31.83,2.0,63.66
FIS_1187,17.01.2026,21:50,Diş Macunu,45.75,1.0,45.75
FIS_1188,15.04.2026,16:08,Çay (500g),92.27,1.0,92.27
FIS_1188,15.04.2026,16:08,Peynir (500g),110.65,2.0,221.3
FIS_1189,20.01.2026,17:14,Salatalık (kg),21.67,3.0,65.01
FIS_1189,20.01.2026,17:14,Tavuk Göğsü (kg),171.82,1.0,171.82
FIS_1190,17.01.2026,20:05,Yumurta (15li),54.62,3.0,163.86
FIS_1190,17.01.2026,20:05,Şampuan,77.96,2.0,155.92
FIS_1191,06.03.2026,10:52,Tavuk Göğsü (kg),168.21,3.0,504.63
FIS_1191,06.03.2026,10:52,Yoğurt (2kg),65.97,3.0,197.91
FIS_1191,06.03.2026,10:52,Salatalık (kg),23.51,2.0,47.02
FIS_1192,02.03.2026,13:12,Yumurta (15li),53.99,3.0,161.97
FIS_1193,01.04.2026,17:38,Salatalık (kg),22.75,2.0,45.5
FIS_1193,01.04.2026,17:38,Makarna,15.15,1.0,15.15
FIS_1193,01.04.2026,17:38,Şampuan,78.19,3.0,234.57
FIS_1194,18.04.2026,15:37,Makarna,15.95,3.0,47.85
FIS_1194,18.04.2026,15:37,Şampuan,76.62,2.0,153.24
FIS_1194,18.04.2026,15:37,Yoğurt (2kg),67.99,1.0,67.99
FIS_1194,18.04.2026,15:37,Yumurta (15li),55.3,1.0,55.3
FIS_1195,27.03.2026,17:47,Domates (kg),29.18,3.0,87.54
FIS_1195,27.03.2026,17:47,Süt (1L),33.24,3.0,99.72
FIS_1195,27.03.2026,17:47,Sıvı Yağ (1L),50.47,1.0,50.47
FIS_1196,15.04.2026,15:00,Sıvı Yağ (1L),46.74,1.0,46.74
FIS_1196,15.04.2026,15:00,Ekmek,9.75,1.0,9.75
FIS_1196,15.04.2026,15:00,Salatalık (kg),23.18,2.0,46.36
FIS_1197,31.03.2026,14:18,Şampuan,75.92,3.0,227.76
FIS_1197,31.03.2026,14:18,Yoğurt (2kg),62.58,2.0,125.16
FIS_1197,31.03.2026,14:18,Tavuk Göğsü (kg),157.6,2.0,315.2
FIS_1198,23.01.2026,21:07,Yoğurt (2kg),65.61,1.0,65.61
FIS_1198,23.01.2026,21:07,Şeker (1kg),34.71,1.0,34.71
FIS_1198,23.01.2026,21:07,Peynir (500g),112.47,1.0,112.47
FIS_1199,01.01.2026,16:53,Yumurta (15li),55.31,1.0,55.31
FIS_1200,17.01.2026,15:55,Tavuk Göğsü (kg),169.75,1.0,169.75
FIS_1200,17.01.2026,15:55,Peynir (500g),115.4,1.0,115.4
FIS_1200,17.01.2026,15:55,Şampuan,74.73,1.0,74.73
FIS_1200,17.01.2026,15:55,Şeker (1kg),32.78,2.0,65.56
FIS_1200,17.01.2026,15:55,Peynir (500g),109.85,3.0,329.55
FIS_1201,08.05.2026,21:21,Şeker (1kg),32.43,2.0,64.86
FIS_1201,08.05.2026,21:21,Süt (1L),32.25,1.0,32.25
FIS_1202,18.02.2026,18:28,Süt (1L),33.48,3.0,100.44
FIS_1202,18.02.2026,18:28,Ekmek,9.69,1.0,9.69
FIS_1203,10.02.2026,14:57,Deterjan (5kg),188.37,1.0,188.37
FIS_1204,28.01.2026,18:33,Süt (1L),32.86,2.0,65.72
FIS_1204,28.01.2026,18:33,Süt (1L),32.99,1.0,32.99
FIS_1205,20.04.2026,18:36,Sıvı Yağ (1L),49.84,2.0,99.68
FIS_1205,20.04.2026,18:36,Salatalık (kg),22.16,3.0,66.48
FIS_1205,20.04.2026,18:36,Domates (kg),29.13,3.0,87.39
FIS_1205,20.04.2026,18:36,Yumurta (15li),55.16,3.0,165.48
FIS_1205,20.04.2026,18:36,Şeker (1kg),35.22,1.0,35.22
FIS_1206,03.05.2026,16:05,Yumurta (15li),52.19,2.0,104.38
FIS_1206,03.05.2026,16:05,Domates (kg),26.66,2.0,53.32
FIS_1206,03.05.2026,16:05,Yumurta (15li),51.99,1.0,51.99
FIS_1206,03.05.2026,16:05,Yumurta (15li),51.53,2.0,103.06
FIS_1207,30.01.2026,10:03,Şeker (1kg),35.49,3.0,106.47
FIS_1207,30.01.2026,10:03,Deterjan (5kg),176.97,2.0,353.94
FIS_1208,15.01.2026,21:16,Salatalık (kg),23.53,1.0,23.53
FIS_1208,15.01.2026,21:16,Tavuk Göğsü (kg),171.45,2.0,342.9
FIS_1208,15.01.2026,21:16,Şeker (1kg),34.58,2.0,69.16
FIS_1209,17.02.2026,18:32,Domates (kg),26.8,3.0,80.4
FIS_1209,17.02.2026,18:32,Süt (1L),31.27,2.0,62.54
FIS_1209,17.02.2026,18:32,Tavuk Göğsü (kg),164.61,2.0,329.22
FIS_1209,17.02.2026,18:32,Sıvı Yağ (1L),50.84,1.0,50.84
FIS_1210,11.03.2026,14:18,Ekmek,9.96,2.0,19.92
FIS_1210,11.03.2026,14:18,Şampuan,76.91,1.0,76.91
FIS_1210,11.03.2026,14:18,Domates (kg),28.84,1.0,28.84
FIS_1210,11.03.2026,14:18,Diş Macunu,44.49,2.0,88.98
FIS_1210,11.03.2026,14:18,Yoğurt (2kg),64.23,2.0,128.46
FIS_1211,28.04.2026,17:26,Tavuk Göğsü (kg),159.81,2.0,319.62
FIS_1211,28.04.2026,17:26,Deterjan (5kg),190.78,2.0,381.56
FIS_1211,28.04.2026,17:26,Tavuk Göğsü (kg),161.51,1.0,161.51
FIS_1212,25.02.2026,14:28,Sıvı Yağ (1L),47.04,1.0,47.04
FIS_1212,25.02.2026,14:28,Yumurta (15li),55.66,1.0,55.66
FIS_1212,25.02.2026,14:28,Peynir (500g),114.15,1.0,114.15
FIS_1212,25.02.2026,14:28,Yoğurt (2kg),66.05,1.0,66.05
FIS_1212,25.02.2026,14:28,Yoğurt (2kg),65.16,3.0,195.48
FIS_1213,09.05.2026,14:52,Yoğurt (2kg),62.9,1.0,62.9
FIS_1213,09.05.2026,14:52,Peynir (500g),118.17,3.0,354.51
FIS_1213,09.05.2026,14:52,Yumurta (15li),54.66,2.0,109.32
FIS_1214,11.01.2026,14:22,Deterjan (5kg),186.32,3.0,558.96
FIS_1214,11.01.2026,14:22,Salatalık (kg),22.86,3.0,68.58
FIS_1214,11.01.2026,14:22,Makarna,15.36,2.0,30.72
FIS_1214,11.01.2026,14:22,Makarna,15.58,3.0,46.74
FIS_1215,11.04.2026,14:33,Deterjan (5kg),193.72,3.0,581.16
FIS_1215,11.04.2026,14:33,Sıvı Yağ (1L),47.85,3.0,143.55
FIS_1215,11.04.2026,14:33,Yoğurt (2kg),65.59,3.0,196.77
FIS_1215,11.04.2026,14:33,Deterjan (5kg),181.34,2.0,362.68
FIS_1215,11.04.2026,14:33,Şeker (1kg),34.43,3.0,103.29
FIS_1216,23.03.2026,21:17,Sıvı Yağ (1L),46.64,3.0,139.92
FIS_1217,13.04.2026,11:47,Salatalık (kg),23.19,2.0,46.38
FIS_1217,13.04.2026,11:47,Çay (500g),97.35,3.0,292.05
FIS_1217,13.04.2026,11:47,Tavuk Göğsü (kg),170.93,1.0,170.93
FIS_1217,13.04.2026,11:47,Çay (500g),97.37,1.0,97.37
FIS_1217,13.04.2026,11:47,Salatalık (kg),21.8,3.0,65.4
FIS_1218,02.02.2026,16:16,Diş Macunu,47.07,1.0,47.07
FIS_1219,21.01.2026,20:19,Şeker (1kg),34.61,1.0,34.61
FIS_1219,21.01.2026,20:19,Tavuk Göğsü (kg),164.76,1.0,164.76
FIS_1219,21.01.2026,20:19,Salatalık (kg),22.29,3.0,66.87
FIS_1220,17.03.2026,16:28,Sıvı Yağ (1L),49.98,1.0,49.98
FIS_1220,17.03.2026,16:28,Sıvı Yağ (1L),49.09,3.0,147.27
FIS_1220,17.03.2026,16:28,Şampuan,71.7,3.0,215.1
FIS_1220,17.03.2026,16:28,Salatalık (kg),23.08,1.0,23.08
FIS_1221,29.01.2026,13:14,Ekmek,10.44,2.0,20.88
FIS_1221,29.01.2026,13:14,Salatalık (kg),22.62,3.0,67.86
FIS_1221,29.01.2026,13:14,Ekmek,10.07,3.0,30.21
FIS_1221,29.01.2026,13:14,Peynir (500g),117.56,1.0,117.56
FIS_1222,31.03.2026,18:47,Makarna,15.96,1.0,15.96
FIS_1222,31.03.2026,18:47,Salatalık (kg),21.62,3.0,64.86
FIS_1222,31.03.2026,18:47,Salatalık (kg),23.0,3.0,69.0
FIS_1223,02.05.2026,17:27,Şampuan,73.62,1.0,73.62
FIS_1223,02.05.2026,17:27,Çay (500g),91.84,2.0,183.68
FIS_1223,02.05.2026,17:27,Peynir (500g),116.79,1.0,116.79
FIS_1223,02.05.2026,17:27,Tavuk Göğsü (kg),172.41,2.0,344.82
FIS_1223,02.05.2026,17:27,Çay (500g),97.93,3.0,293.79
FIS_1224,01.01.2026,15:44,Tavuk Göğsü (kg),165.75,1.0,165.75
FIS_1224,01.01.2026,15:44,Süt (1L),33.91,3.0,101.73
FIS_1224,01.01.2026,15:44,Süt (1L),31.72,3.0,95.16
FIS_1224,01.01.2026,15:44,Şampuan,72.3,1.0,72.3
FIS_1225,23.01.2026,15:41,Yumurta (15li),55.07,3.0,165.21
FIS_1225,23.01.2026,15:41,Ekmek,10.04,1.0,10.04
FIS_1225,23.01.2026,15:41,Makarna,15.2,3.0,45.6
FIS_1226,03.05.2026,12:20,Ekmek,10.25,2.0,20.5
FIS_1226,03.05.2026,12:20,Çay (500g),93.75,3.0,281.25
FIS_1226,03.05.2026,12:20,Salatalık (kg),23.59,3.0,70.77
FIS_1226,03.05.2026,12:20,Domates (kg),27.23,1.0,27.23
FIS_1227,14.04.2026,17:09,Domates (kg),27.75,2.0,55.5
FIS_1228,18.03.2026,10:17,Salatalık (kg),22.47,1.0,22.47
FIS_1228,18.03.2026,10:17,Tavuk Göğsü (kg),164.07,1.0,164.07
FIS_1229,20.02.2026,16:54,Çay (500g),98.91,1.0,98.91
FIS_1230,13.02.2026,16:14,Yoğurt (2kg),64.61,3.0,193.83
FIS_1230,13.02.2026,16:14,Şeker (1kg),34.16,2.0,68.32
FIS_1231,28.03.2026,18:48,Diş Macunu,44.56,3.0,133.68
FIS_1231,28.03.2026,18:48,Şampuan,74.4,2.0,148.8
FIS_1231,28.03.2026,18:48,Çay (500g),99.37,2.0,198.74
FIS_1231,28.03.2026,18:48,Yoğurt (2kg),64.33,3.0,192.99
FIS_1231,28.03.2026,18:48,Şampuan,71.32,1.0,71.32
FIS_1232,01.02.2026,13:02,Yoğurt (2kg),65.62,1.0,65.62
FIS_1233,23.04.2026,14:16,Süt (1L),34.06,1.0,34.06
FIS_1233,23.04.2026,14:16,Sıvı Yağ (1L),49.41,3.0,148.23
FIS_1233,23.04.2026,14:16,Deterjan (5kg),187.69,1.0,187.69
FIS_1233,23.04.2026,14:16,Yoğurt (2kg),63.22,1.0,63.22
FIS_1233,23.04.2026,14:16,Domates (kg),28.36,2.0,56.72
FIS_1234,04.01.2026,18:41,Şampuan,71.7,1.0,71.7
FIS_1234,04.01.2026,18:41,Salatalık (kg),21.91,1.0,21.91
FIS_1234,04.01.2026,18:41,Peynir (500g),110.85,2.0,221.7
FIS_1234,04.01.2026,18:41,Salatalık (kg),22.33,3.0,66.99
FIS_1234,04.01.2026,18:41,Yoğurt (2kg),62.35,2.0,124.7
FIS_1235,24.01.2026,20:04,Deterjan (5kg),176.14,1.0,176.14
FIS_1235,24.01.2026,20:04,Diş Macunu,45.81,1.0,45.81
FIS_1235,24.01.2026,20:04,Süt (1L),32.25,3.0,96.75
FIS_1235,24.01.2026,20:04,Makarna,15.83,1.0,15.83
FIS_1236,20.03.2026,18:42,Şeker (1kg),34.98,1.0,34.98
FIS_1236,20.03.2026,18:42,Çay (500g),95.63,2.0,191.26
FIS_1237,08.01.2026,19:14,Domates (kg),27.12,3.0,81.36
FIS_1237,08.01.2026,19:14,Deterjan (5kg),188.63,1.0,188.63
FIS_1238,26.04.2026,10:25,Sıvı Yağ (1L),49.95,3.0,149.85
FIS_1238,26.04.2026,10:25,Şeker (1kg),34.82,3.0,104.46
FIS_1239,02.01.2026,12:21,Deterjan (5kg),183.78,3.0,551.34
FIS_1240,04.02.2026,18:26,Diş Macunu,43.94,1.0,43.94
FIS_1240,04.02.2026,18:26,Makarna,15.48,3.0,46.44
FIS_1241,03.05.2026,18:43,Makarna,16.4,1.0,16.4
FIS_1241,03.05.2026,18:43,Makarna,15.02,3.0,45.06
FIS_1242,28.02.2026,21:52,Domates (kg),27.31,2.0,54.62
FIS_1243,07.02.2026,09:38,Şampuan,73.21,3.0,219.63
FIS_1243,07.02.2026,09:38,Yumurta (15li),56.58,1.0,56.58
FIS_1244,14.04.2026,14:04,Şampuan,73.17,3.0,219.51
FIS_1244,14.04.2026,14:04,Süt (1L),31.69,2.0,63.38
FIS_1244,14.04.2026,14:04,Sıvı Yağ (1L),48.38,3.0,145.14
FIS_1244,14.04.2026,14:04,Çay (500g),95.58,2.0,191.16
FIS_1244,14.04.2026,14:04,Makarna,15.01,3.0,45.03
FIS_1245,13.04.2026,19:26,Salatalık (kg),21.86,3.0,65.58
FIS_1245,13.04.2026,19:26,Çay (500g),93.95,3.0,281.85
FIS_1245,13.04.2026,19:26,Diş Macunu,45.35,1.0,45.35
FIS_1245,13.04.2026,19:26,Şeker (1kg),35.1,1.0,35.1
FIS_1245,13.04.2026,19:26,Tavuk Göğsü (kg),157.52,3.0,472.56
FIS_1246,10.04.2026,21:08,Yoğurt (2kg),65.67,2.0,131.34
FIS_1246,10.04.2026,21:08,Deterjan (5kg),180.52,2.0,361.04
FIS_1246,10.04.2026,21:08,Domates (kg),27.66,2.0,55.32
FIS_1246,10.04.2026,21:08,Sıvı Yağ (1L),50.9,2.0,101.8
FIS_1247,24.02.2026,20:33,Sıvı Yağ (1L),50.33,3.0,150.99
FIS_1247,24.02.2026,20:33,Süt (1L),31.5,1.0,31.5
FIS_1247,24.02.2026,20:33,Çay (500g),92.89,2.0,185.78
FIS_1248,28.01.2026,11:48,Şeker (1kg),33.09,1.0,33.09
FIS_1248,28.01.2026,11:48,Yumurta (15li),52.49,2.0,104.98
FIS_1248,28.01.2026,11:48,Süt (1L),31.81,2.0,63.62
FIS_1249,28.02.2026,19:13,Deterjan (5kg),186.96,2.0,373.92
FIS_1249,28.02.2026,19:13,Sıvı Yağ (1L),48.05,2.0,96.1
FIS_1249,28.02.2026,19:13,Tavuk Göğsü (kg),165.84,3.0,497.52
FIS_1249,28.02.2026,19:13,Makarna,16.3,1.0,16.3
FIS_1250,08.01.2026,19:25,Yoğurt (2kg),64.0,1.0,64.0
FIS_1250,08.01.2026,19:25,Makarna,15.55,1.0,15.55
FIS_1250,08.01.2026,19:25,Domates (kg),28.6,2.0,57.2
FIS_1250,08.01.2026,19:25,Çay (500g),91.89,3.0,275.67
FIS_1250,08.01.2026,19:25,Diş Macunu,45.47,2.0,90.94
FIS_1251,07.03.2026,10:55,Çay (500g),93.32,3.0,279.96
FIS_1251,07.03.2026,10:55,Peynir (500g),112.32,2.0,224.64
FIS_1251,07.03.2026,10:55,Tavuk Göğsü (kg),162.47,2.0,324.94
FIS_1251,07.03.2026,10:55,Yoğurt (2kg),66.45,3.0,199.35
FIS_1251,07.03.2026,10:55,Şampuan,74.47,2.0,148.94
FIS_1252,07.01.2026,19:48,Sıvı Yağ (1L),50.24,1.0,50.24
FIS_1252,07.01.2026,19:48,Tavuk Göğsü (kg),171.62,3.0,514.86
FIS_1252,07.01.2026,19:48,Makarna,15.16,1.0,15.16
FIS_1252,07.01.2026,19:48,Şeker (1kg),32.49,1.0,32.49
FIS_1252,07.01.2026,19:48,Salatalık (kg),21.98,2.0,43.96
FIS_1253,23.03.2026,18:03,Şampuan,71.41,2.0,142.82
FIS_1253,23.03.2026,18:03,Peynir (500g),120.74,2.0,241.48
FIS_1254,06.01.2026,11:48,Ekmek,10.33,3.0,30.99
FIS_1255,08.03.2026,14:57,Salatalık (kg),23.1,2.0,46.2
FIS_1256,08.01.2026,09:08,Tavuk Göğsü (kg),171.68,1.0,171.68
FIS_1256,08.01.2026,09:08,Makarna,14.98,2.0,29.96
FIS_1257,22.04.2026,10:57,Peynir (500g),119.88,2.0,239.76
FIS_1258,23.02.2026,12:40,Makarna,16.15,2.0,32.3
FIS_1259,28.02.2026,16:33,Süt (1L),32.21,2.0,64.42
FIS_1259,28.02.2026,16:33,Deterjan (5kg),181.16,2.0,362.32
FIS_1260,20.01.2026,14:42,Süt (1L),31.0,2.0,62.0
FIS_1260,20.01.2026,14:42,Makarna,15.85,1.0,15.85
FIS_1260,20.01.2026,14:42,Domates (kg),27.76,1.0,27.76
FIS_1261,10.01.2026,13:21,Sıvı Yağ (1L),46.56,1.0,46.56
FIS_1261,10.01.2026,13:21,Süt (1L),32.4,1.0,32.4
FIS_1261,10.01.2026,13:21,Yoğurt (2kg),67.43,1.0,67.43
FIS_1261,10.01.2026,13:21,Yumurta (15li),54.04,3.0,162.12
FIS_1262,06.02.2026,09:37,Diş Macunu,45.63,1.0,45.63
FIS_1262,06.02.2026,09:37,Şeker (1kg),32.82,3.0,98.46
FIS_1262,06.02.2026,09:37,Ekmek,10.44,1.0,10.44
FIS_1263,09.01.2026,20:15,Yumurta (15li),53.01,3.0,159.03
FIS_1263,09.01.2026,20:15,Çay (500g),95.98,3.0,287.94
FIS_1263,09.01.2026,20:15,Peynir (500g),114.23,2.0,228.46
FIS_1264,07.04.2026,12:32,Yumurta (15li),54.73,3.0,164.19
FIS_1265,05.02.2026,13:23,Süt (1L),31.78,1.0,31.78
FIS_1265,05.02.2026,13:23,Makarna,15.62,1.0,15.62
FIS_1265,05.02.2026,13:23,Süt (1L),31.57,2.0,63.14
FIS_1265,05.02.2026,13:23,Tavuk Göğsü (kg),164.7,3.0,494.1
FIS_1266,06.02.2026,18:55,Süt (1L),32.26,1.0,32.26
FIS_1266,06.02.2026,18:55,Süt (1L),32.83,3.0,98.49
FIS_1266,06.02.2026,18:55,Deterjan (5kg),177.96,1.0,177.96
FIS_1266,06.02.2026,18:55,Tavuk Göğsü (kg),168.8,1.0,168.8
FIS_1266,06.02.2026,18:55,Süt (1L),33.6,1.0,33.6
FIS_1267,28.02.2026,19:48,Çay (500g),90.36,3.0,271.08
FIS_1268,03.01.2026,09:21,Diş Macunu,44.63,3.0,133.89
FIS_1268,03.01.2026,09:21,Diş Macunu,42.75,2.0,85.5
FIS_1268,03.01.2026,09:21,Şampuan,78.45,3.0,235.35
FIS_1268,03.01.2026,09:21,Şampuan,77.71,2.0,155.42
FIS_1269,29.01.2026,17:55,Peynir (500g),109.32,2.0,218.64
FIS_1269,29.01.2026,17:55,Sıvı Yağ (1L),50.58,3.0,151.74
FIS_1269,29.01.2026,17:55,Sıvı Yağ (1L),46.13,3.0,138.39
FIS_1269,29.01.2026,17:55,Şeker (1kg),35.56,3.0,106.68
FIS_1269,29.01.2026,17:55,Domates (kg),29.09,1.0,29.09
FIS_1270,08.02.2026,14:53,Makarna,15.82,1.0,15.82
FIS_1271,18.01.2026,13:38,Süt (1L),31.07,1.0,31.07
FIS_1271,18.01.2026,13:38,Yumurta (15li),56.4,3.0,169.2
FIS_1271,18.01.2026,13:38,Yoğurt (2kg),62.99,3.0,188.97
FIS_1272,27.01.2026,12:50,Şeker (1kg),34.26,2.0,68.52
FIS_1273,02.02.2026,18:41,Salatalık (kg),23.52,2.0,47.04
FIS_1273,02.02.2026,18:41,Şampuan,73.41,2.0,146.82
FIS_1274,06.02.2026,11:31,Domates (kg),27.96,2.0,55.92
FIS_1274,06.02.2026,11:31,Makarna,15.53,2.0,31.06
FIS_1274,06.02.2026,11:31,Diş Macunu,43.94,3.0,131.82
FIS_1274,06.02.2026,11:31,Deterjan (5kg),187.58,2.0,375.16
FIS_1274,06.02.2026,11:31,Deterjan (5kg),177.38,1.0,177.38
FIS_1275,16.04.2026,11:07,Şampuan,78.69,3.0,236.07
FIS_1275,16.04.2026,11:07,Çay (500g),96.5,2.0,193.0
FIS_1275,16.04.2026,11:07,Şampuan,72.98,2.0,145.96
FIS_1275,16.04.2026,11:07,Çay (500g),90.62,3.0,271.86
FIS_1275,16.04.2026,11:07,Yoğurt (2kg),62.92,1.0,62.92
FIS_1276,27.01.2026,09:25,Makarna,16.35,1.0,16.35
FIS_1277,09.02.2026,16:35,Yumurta (15li),53.03,1.0,53.03
FIS_1277,09.02.2026,16:35,Yumurta (15li),53.66,3.0,160.98
FIS_1277,09.02.2026,16:35,Sıvı Yağ (1L),47.8,2.0,95.6
FIS_1278,05.05.2026,16:18,Domates (kg),28.06,3.0,84.18
FIS_1279,25.01.2026,20:12,Diş Macunu,45.46,1.0,45.46
FIS_1279,25.01.2026,20:12,Şeker (1kg),32.47,3.0,97.41
FIS_1279,25.01.2026,20:12,Domates (kg),28.2,2.0,56.4
FIS_1279,25.01.2026,20:12,Tavuk Göğsü (kg),167.76,2.0,335.52
FIS_1279,25.01.2026,20:12,Peynir (500g),113.21,1.0,113.21
FIS_1280,04.01.2026,16:31,Diş Macunu,46.31,3.0,138.93
FIS_1280,04.01.2026,16:31,Ekmek,9.95,3.0,29.85
FIS_1280,04.01.2026,16:31,Yoğurt (2kg),63.48,3.0,190.44
FIS_1280,04.01.2026,16:31,Deterjan (5kg),176.21,1.0,176.21
FIS_1280,04.01.2026,16:31,Şeker (1kg),34.9,2.0,69.8
FIS_1281,02.02.2026,15:53,Peynir (500g),117.29,3.0,351.87
FIS_1281,02.02.2026,15:53,Makarna,15.12,3.0,45.36
FIS_1282,23.01.2026,11:55,Süt (1L),32.46,3.0,97.38
FIS_1282,23.01.2026,11:55,Sıvı Yağ (1L),49.09,2.0,98.18
FIS_1282,23.01.2026,11:55,Makarna,15.52,3.0,46.56
FIS_1282,23.01.2026,11:55,Yoğurt (2kg),63.52,1.0,63.52
FIS_1283,01.03.2026,19:00,Deterjan (5kg),192.77,1.0,192.77
FIS_1283,01.03.2026,19:00,Tavuk Göğsü (kg),164.81,2.0,329.62
FIS_1283,01.03.2026,19:00,Sıvı Yağ (1L),46.33,2.0,92.66
FIS_1283,01.03.2026,19:00,Tavuk Göğsü (kg),171.59,1.0,171.59
FIS_1283,01.03.2026,19:00,Salatalık (kg),22.41,1.0,22.41
FIS_1284,23.04.2026,13:58,Yoğurt (2kg),62.04,2.0,124.08
FIS_1284,23.04.2026,13:58,Deterjan (5kg),184.86,1.0,184.86
FIS_1284,23.04.2026,13:58,Süt (1L),32.86,1.0,32.86
FIS_1284,23.04.2026,13:58,Ekmek,9.52,3.0,28.56
FIS_1284,23.04.2026,13:58,Ekmek,9.84,3.0,29.52
FIS_1285,03.04.2026,13:04,Ekmek,10.14,1.0,10.14
FIS_1285,03.04.2026,13:04,Salatalık (kg),21.78,1.0,21.78
FIS_1285,03.04.2026,13:04,Yoğurt (2kg),67.28,3.0,201.84
FIS_1285,03.04.2026,13:04,Domates (kg),26.63,1.0,26.63
FIS_1286,15.03.2026,12:07,Süt (1L),33.76,1.0,33.76
FIS_1286,15.03.2026,12:07,Diş Macunu,44.58,3.0,133.74
FIS_1286,15.03.2026,12:07,Makarna,15.05,2.0,30.1
FIS_1286,15.03.2026,12:07,Şampuan,78.73,2.0,157.46
FIS_1286,15.03.2026,12:07,Salatalık (kg),22.12,3.0,66.36
FIS_1287,26.02.2026,19:08,Deterjan (5kg),179.45,2.0,358.9
FIS_1288,08.02.2026,12:43,Ekmek,10.44,2.0,20.88
FIS_1288,08.02.2026,12:43,Peynir (500g),116.7,1.0,116.7
FIS_1289,01.04.2026,20:18,Ekmek,10.33,2.0,20.66
FIS_1289,01.04.2026,20:18,Yumurta (15li),52.96,3.0,158.88
FIS_1289,01.04.2026,20:18,Şeker (1kg),34.75,2.0,69.5
FIS_1289,01.04.2026,20:18,Yoğurt (2kg),67.14,3.0,201.42
FIS_1290,12.04.2026,20:38,Yumurta (15li),54.82,1.0,54.82
FIS_1290,12.04.2026,20:38,Diş Macunu,47.08,2.0,94.16
FIS_1290,12.04.2026,20:38,Diş Macunu,42.83,1.0,42.83
FIS_1290,12.04.2026,20:38,Tavuk Göğsü (kg),163.2,1.0,163.2
FIS_1291,08.04.2026,18:00,Deterjan (5kg),191.18,1.0,191.18
FIS_1292,15.04.2026,15:02,Diş Macunu,47.07,2.0,94.14
FIS_1292,15.04.2026,15:02,Salatalık (kg),21.56,2.0,43.12
FIS_1292,15.04.2026,15:02,Yumurta (15li),54.12,1.0,54.12
FIS_1293,13.02.2026,20:06,Şampuan,76.53,3.0,229.59
FIS_1293,13.02.2026,20:06,Şeker (1kg),34.75,3.0,104.25
FIS_1293,13.02.2026,20:06,Sıvı Yağ (1L),50.12,2.0,100.24
FIS_1293,13.02.2026,20:06,Süt (1L),31.03,2.0,62.06
FIS_1294,02.05.2026,13:13,Deterjan (5kg),185.64,3.0,556.92
FIS_1294,02.05.2026,13:13,Ekmek,9.68,1.0,9.68
FIS_1295,01.01.2026,17:26,Makarna,15.54,2.0,31.08
FIS_1295,01.01.2026,17:26,Deterjan (5kg),177.76,3.0,533.28
FIS_1296,11.02.2026,15:41,Sıvı Yağ (1L),47.11,2.0,94.22
FIS_1296,11.02.2026,15:41,Şampuan,72.49,3.0,217.47
FIS_1296,11.02.2026,15:41,Şampuan,75.06,1.0,75.06
FIS_1296,11.02.2026,15:41,Makarna,15.82,1.0,15.82
FIS_1296,11.02.2026,15:41,Sıvı Yağ (1L),50.69,3.0,152.07
FIS_1297,26.02.2026,20:22,Tavuk Göğsü (kg),159.81,2.0,319.62
FIS_1297,26.02.2026,20:22,Ekmek,10.5,2.0,21.0
FIS_1297,26.02.2026,20:22,Tavuk Göğsü (kg),167.59,3.0,502.77
FIS_1297,26.02.2026,20:22,Peynir (500g),116.5,3.0,349.5
FIS_1298,11.02.2026,16:01,Süt (1L),31.38,3.0,94.14
FIS_1299,21.01.2026,12:28,Makarna,15.15,3.0,45.45
FIS_1299,21.01.2026,12:28,Tavuk Göğsü (kg),162.38,2.0,324.76
FIS_1299,21.01.2026,12:28,Şampuan,76.86,2.0,153.72
FIS_1300,30.01.2026,17:43,Deterjan (5kg),176.87,1.0,176.87
FIS_1300,30.01.2026,17:43,Makarna,16.0,1.0,16.0
FIS_1300,30.01.2026,17:43,Çay (500g),91.3,3.0,273.9
FIS_1301,04.04.2026,11:26,Şeker (1kg),35.66,3.0,106.98
FIS_1301,04.04.2026,11:26,Peynir (500g),120.07,2.0,240.14
FIS_1301,04.04.2026,11:26,Çay (500g),94.15,3.0,282.45
FIS_1301,04.04.2026,11:26,Diş Macunu,45.72,1.0,45.72
FIS_1301,04.04.2026,11:26,Yoğurt (2kg),62.72,3.0,188.16
FIS_1302,10.01.2026,11:34,Deterjan (5kg),194.15,3.0,582.45
FIS_1303,31.01.2026,14:00,Ekmek,10.04,2.0,20.08
FIS_1303,31.01.2026,14:00,Peynir (500g),114.6,1.0,114.6
FIS_1303,31.01.2026,14:00,Domates (kg),27.89,1.0,27.89
FIS_1303,31.01.2026,14:00,Salatalık (kg),21.42,2.0,42.84
FIS_1303,31.01.2026,14:00,Diş Macunu,44.04,1.0,44.04
FIS_1304,05.02.2026,11:25,Şeker (1kg),33.32,1.0,33.32
FIS_1304,05.02.2026,11:25,Çay (500g),92.23,1.0,92.23
FIS_1304,05.02.2026,11:25,Salatalık (kg),22.05,1.0,22.05
FIS_1304,05.02.2026,11:25,Ekmek,9.74,2.0,19.48
FIS_1304,05.02.2026,11:25,Çay (500g),96.5,3.0,289.5
FIS_1305,09.01.2026,19:33,Yumurta (15li),53.76,3.0,161.28
FIS_1305,09.01.2026,19:33,Çay (500g),93.83,3.0,281.49
FIS_1305,09.01.2026,19:33,Diş Macunu,45.74,1.0,45.74
FIS_1305,09.01.2026,19:33,Şampuan,77.83,3.0,233.49
FIS_1305,09.01.2026,19:33,Süt (1L),32.62,3.0,97.86
FIS_1306,18.03.2026,20:44,Ekmek,10.08,3.0,30.24
FIS_1306,18.03.2026,20:44,Yoğurt (2kg),64.87,2.0,129.74
FIS_1307,03.04.2026,09:54,Süt (1L),32.6,2.0,65.2
FIS_1307,03.04.2026,09:54,Sıvı Yağ (1L),48.4,2.0,96.8
FIS_1307,03.04.2026,09:54,Çay (500g),98.36,1.0,98.36
FIS_1308,10.05.2026,15:02,Tavuk Göğsü (kg),164.8,2.0,329.6
FIS_1308,10.05.2026,15:02,Ekmek,10.4,2.0,20.8
FIS_1309,10.03.2026,14:38,Peynir (500g),114.53,2.0,229.06
FIS_1309,10.03.2026,14:38,Makarna,15.97,1.0,15.97
FIS_1309,10.03.2026,14:38,Yumurta (15li),52.07,1.0,52.07
FIS_1309,10.03.2026,14:38,Peynir (500g),116.54,1.0,116.54
FIS_1310,22.04.2026,12:19,Peynir (500g),116.08,1.0,116.08
FIS_1310,22.04.2026,12:19,Peynir (500g),114.95,3.0,344.85
FIS_1310,22.04.2026,12:19,Peynir (500g),112.44,1.0,112.44
FIS_1311,09.01.2026,14:45,Tavuk Göğsü (kg),161.8,1.0,161.8
FIS_1312,28.01.2026,19:19,Deterjan (5kg),191.07,2.0,382.14
FIS_1312,28.01.2026,19:19,Çay (500g),92.7,2.0,185.4
FIS_1312,28.01.2026,19:19,Diş Macunu,45.76,3.0,137.28
FIS_1313,18.01.2026,12:30,Ekmek,9.87,2.0,19.74
FIS_1313,18.01.2026,12:30,Yoğurt (2kg),61.95,2.0,123.9
FIS_1313,18.01.2026,12:30,Tavuk Göğsü (kg),164.03,2.0,328.06
FIS_1314,03.02.2026,11:26,Süt (1L),33.52,2.0,67.04
FIS_1314,03.02.2026,11:26,Diş Macunu,43.66,2.0,87.32
FIS_1314,03.02.2026,11:26,Domates (kg),26.78,1.0,26.78
FIS_1314,03.02.2026,11:26,Diş Macunu,47.14,2.0,94.28
FIS_1315,13.03.2026,13:31,Deterjan (5kg),182.27,2.0,364.54
FIS_1316,09.05.2026,17:38,Şampuan,76.7,1.0,76.7
FIS_1317,16.04.2026,21:37,Şeker (1kg),33.77,3.0,101.31
FIS_1317,16.04.2026,21:37,Şampuan,77.64,1.0,77.64
FIS_1317,16.04.2026,21:37,Peynir (500g),110.56,3.0,331.68
FIS_1318,03.05.2026,20:30,Ekmek,10.21,1.0,10.21
FIS_1318,03.05.2026,20:30,Çay (500g),97.98,2.0,195.96
FIS_1318,03.05.2026,20:30,Çay (500g),98.03,1.0,98.03
FIS_1318,03.05.2026,20:30,Tavuk Göğsü (kg),158.86,3.0,476.58
FIS_1318,03.05.2026,20:30,Yoğurt (2kg),67.05,3.0,201.15
FIS_1319,24.04.2026,19:02,Ekmek,9.66,3.0,28.98
FIS_1319,24.04.2026,19:02,Çay (500g),97.8,1.0,97.8
FIS_1319,24.04.2026,19:02,Tavuk Göğsü (kg),163.07,2.0,326.14
FIS_1319,24.04.2026,19:02,Şampuan,74.96,1.0,74.96
FIS_1319,24.04.2026,19:02,Sıvı Yağ (1L),50.23,3.0,150.69
FIS_1320,16.02.2026,10:52,Şeker (1kg),32.46,3.0,97.38
FIS_1320,16.02.2026,10:52,Süt (1L),33.43,1.0,33.43
FIS_1320,16.02.2026,10:52,Tavuk Göğsü (kg),164.02,2.0,328.04
FIS_1320,16.02.2026,10:52,Tavuk Göğsü (kg),159.8,1.0,159.8
FIS_1320,16.02.2026,10:52,Salatalık (kg),22.16,1.0,22.16
FIS_1321,26.03.2026,09:11,Yoğurt (2kg),65.23,2.0,130.46
FIS_1321,26.03.2026,09:11,Süt (1L),32.46,1.0,32.46
FIS_1321,26.03.2026,09:11,Domates (kg),28.05,3.0,84.15
FIS_1322,02.03.2026,14:07,Şampuan,77.34,3.0,232.02
FIS_1322,02.03.2026,14:07,Çay (500g),98.3,1.0,98.3
FIS_1322,02.03.2026,14:07,Makarna,16.4,1.0,16.4
FIS_1322,02.03.2026,14:07,Makarna,15.39,2.0,30.78
FIS_1323,08.01.2026,20:55,Çay (500g),98.46,2.0,196.92
FIS_1324,11.03.2026,19:42,Şeker (1kg),35.68,1.0,35.68
FIS_1325,07.03.2026,15:15,Yumurta (15li),55.04,1.0,55.04
FIS_1325,07.03.2026,15:15,Peynir (500g),112.22,1.0,112.22
FIS_1325,07.03.2026,15:15,Peynir (500g),120.69,3.0,362.07
FIS_1325,07.03.2026,15:15,Yoğurt (2kg),62.51,1.0,62.51
FIS_1326,01.02.2026,16:48,Şeker (1kg),34.4,1.0,34.4
FIS_1327,13.03.2026,20:11,Çay (500g),98.99,1.0,98.99
FIS_1327,13.03.2026,20:11,Domates (kg),28.69,1.0,28.69
FIS_1327,13.03.2026,20:11,Ekmek,9.72,2.0,19.44
FIS_1327,13.03.2026,20:11,Deterjan (5kg),183.97,1.0,183.97
FIS_1328,01.02.2026,14:24,Domates (kg),26.88,1.0,26.88
FIS_1328,01.02.2026,14:24,Süt (1L),31.65,1.0,31.65
FIS_1328,01.02.2026,14:24,Domates (kg),28.02,2.0,56.04
FIS_1329,06.05.2026,18:41,Yumurta (15li),53.71,3.0,161.13
FIS_1329,06.05.2026,18:41,Tavuk Göğsü (kg),158.31,3.0,474.93
FIS_1329,06.05.2026,18:41,Şampuan,73.36,3.0,220.08
FIS_1329,06.05.2026,18:41,Süt (1L),33.17,3.0,99.51
FIS_1329,06.05.2026,18:41,Sıvı Yağ (1L),47.53,1.0,47.53
FIS_1330,26.04.2026,15:25,Şeker (1kg),33.64,1.0,33.64
FIS_1330,26.04.2026,15:25,Şeker (1kg),33.67,1.0,33.67
FIS_1330,26.04.2026,15:25,Süt (1L),32.14,1.0,32.14
FIS_1330,26.04.2026,15:25,Domates (kg),27.86,1.0,27.86
FIS_1331,01.03.2026,10:23,Yumurta (15li),55.81,3.0,167.43
FIS_1331,01.03.2026,10:23,Salatalık (kg),22.86,3.0,68.58
FIS_1331,01.03.2026,10:23,Sıvı Yağ (1L),46.48,3.0,139.44
FIS_1331,01.03.2026,10:23,Tavuk Göğsü (kg),162.38,2.0,324.76
FIS_1331,01.03.2026,10:23,Domates (kg),27.47,3.0,82.41
FIS_1332,10.04.2026,20:58,Şeker (1kg),33.73,1.0,33.73
FIS_1332,10.04.2026,20:58,Şampuan,74.73,2.0,149.46
FIS_1333,27.02.2026,11:35,Tavuk Göğsü (kg),170.48,3.0,511.44
FIS_1333,27.02.2026,11:35,Domates (kg),26.85,1.0,26.85
FIS_1334,09.03.2026,20:40,Şampuan,71.79,2.0,143.58
FIS_1334,09.03.2026,20:40,Şeker (1kg),33.37,1.0,33.37
FIS_1334,09.03.2026,20:40,Tavuk Göğsü (kg),168.48,3.0,505.44
FIS_1335,13.04.2026,16:47,Salatalık (kg),21.83,2.0,43.66
FIS_1335,13.04.2026,16:47,Ekmek,10.06,2.0,20.12
FIS_1335,13.04.2026,16:47,Şeker (1kg),33.69,1.0,33.69
FIS_1335,13.04.2026,16:47,Çay (500g),94.4,3.0,283.2
FIS_1335,13.04.2026,16:47,Makarna,15.18,3.0,45.54
FIS_1336,04.02.2026,18:59,Çay (500g),93.05,3.0,279.15
FIS_1336,04.02.2026,18:59,Domates (kg),28.7,2.0,57.4
FIS_1336,04.02.2026,18:59,Domates (kg),26.8,2.0,53.6
FIS_1337,12.02.2026,09:18,Deterjan (5kg),177.97,2.0,355.94
FIS_1338,23.01.2026,13:17,Şeker (1kg),35.48,3.0,106.44
FIS_1338,23.01.2026,13:17,Ekmek,9.57,3.0,28.71
FIS_1339,28.02.2026,15:32,Sıvı Yağ (1L),46.84,1.0,46.84
FIS_1339,28.02.2026,15:32,Domates (kg),27.54,2.0,55.08
FIS_1339,28.02.2026,15:32,Çay (500g),92.82,2.0,185.64
FIS_1339,28.02.2026,15:32,Çay (500g),96.68,2.0,193.36
FIS_1340,19.04.2026,18:02,Tavuk Göğsü (kg),157.88,3.0,473.64
FIS_1341,30.04.2026,17:26,Yoğurt (2kg),64.89,1.0,64.89
FIS_1342,01.03.2026,19:18,Diş Macunu,47.08,3.0,141.24
FIS_1342,01.03.2026,19:18,Diş Macunu,45.63,3.0,136.89
FIS_1343,08.03.2026,20:18,Süt (1L),32.11,2.0,64.22
FIS_1343,08.03.2026,20:18,Diş Macunu,46.88,1.0,46.88
FIS_1343,08.03.2026,20:18,Ekmek,10.47,1.0,10.47
FIS_1343,08.03.2026,20:18,Yoğurt (2kg),63.2,3.0,189.6
FIS_1343,08.03.2026,20:18,Domates (kg),28.17,3.0,84.51
FIS_1344,17.03.2026,16:41,Tavuk Göğsü (kg),165.24,3.0,495.72
FIS_1344,17.03.2026,16:41,Domates (kg),27.51,2.0,55.02
FIS_1344,17.03.2026,16:41,Salatalık (kg),23.27,1.0,23.27
FIS_1344,17.03.2026,16:41,Çay (500g),99.42,1.0,99.42
FIS_1345,03.01.2026,13:59,Diş Macunu,44.56,3.0,133.68
FIS_1345,03.01.2026,13:59,Sıvı Yağ (1L),49.74,1.0,49.74
FIS_1345,03.01.2026,13:59,Sıvı Yağ (1L),46.51,2.0,93.02
FIS_1346,09.05.2026,20:00,Sıvı Yağ (1L),47.33,3.0,141.99
FIS_1347,06.02.2026,21:02,Ekmek,10.3,1.0,10.3
FIS_1347,06.02.2026,21:02,Yoğurt (2kg),61.95,2.0,123.9
FIS_1347,06.02.2026,21:02,Çay (500g),92.38,3.0,277.14
FIS_1348,14.04.2026,18:42,Yoğurt (2kg),63.88,2.0,127.76
FIS_1348,14.04.2026,18:42,Makarna,14.97,1.0,14.97
FIS_1348,14.04.2026,18:42,Yoğurt (2kg),62.88,3.0,188.64
FIS_1349,30.04.2026,19:19,Domates (kg),27.98,3.0,83.94
FIS_1349,30.04.2026,19:19,Yumurta (15li),52.06,3.0,156.18
FIS_1349,30.04.2026,19:19,Süt (1L),33.0,3.0,99.0
FIS_1349,30.04.2026,19:19,Yoğurt (2kg),64.59,2.0,129.18
FIS_1350,23.04.2026,12:33,Yumurta (15li),54.52,2.0,109.04
FIS_1350,23.04.2026,12:33,Şeker (1kg),34.71,2.0,69.42
FIS_1350,23.04.2026,12:33,Sıvı Yağ (1L),46.71,2.0,93.42
FIS_1350,23.04.2026,12:33,Süt (1L),33.15,3.0,99.45
FIS_1350,23.04.2026,12:33,Sıvı Yağ (1L),50.22,2.0,100.44
FIS_1351,18.01.2026,10:03,Şampuan,77.97,3.0,233.91
FIS_1351,18.01.2026,10:03,Makarna,15.19,2.0,30.38
FIS_1351,18.01.2026,10:03,Yumurta (15li),52.94,1.0,52.94
FIS_1351,18.01.2026,10:03,Yumurta (15li),52.43,3.0,157.29
FIS_1352,23.04.2026,14:46,Deterjan (5kg),190.61,3.0,571.83
FIS_1352,23.04.2026,14:46,Çay (500g),99.39,2.0,198.78
FIS_1352,23.04.2026,14:46,Yoğurt (2kg),66.79,2.0,133.58
FIS_1353,08.05.2026,14:06,Deterjan (5kg),190.96,1.0,190.96
FIS_1353,08.05.2026,14:06,Peynir (500g),117.07,2.0,234.14
FIS_1353,08.05.2026,14:06,Çay (500g),95.28,2.0,190.56
FIS_1353,08.05.2026,14:06,Şeker (1kg),33.59,3.0,100.77
FIS_1354,09.03.2026,11:26,Sıvı Yağ (1L),49.44,2.0,98.88
FIS_1354,09.03.2026,11:26,Şampuan,77.79,3.0,233.37
FIS_1355,22.03.2026,17:23,Yoğurt (2kg),64.96,1.0,64.96
FIS_1355,22.03.2026,17:23,Deterjan (5kg),185.94,3.0,557.82
FIS_1356,25.01.2026,21:52,Çay (500g),92.61,3.0,277.83
FIS_1356,25.01.2026,21:52,Peynir (500g),112.52,2.0,225.04
FIS_1357,24.01.2026,11:55,Salatalık (kg),22.05,2.0,44.1
FIS_1357,24.01.2026,11:55,Yoğurt (2kg),65.25,1.0,65.25
FIS_1357,24.01.2026,11:55,Çay (500g),95.64,2.0,191.28
FIS_1357,24.01.2026,11:55,Makarna,16.21,3.0,48.63
FIS_1358,26.03.2026,12:40,Peynir (500g),117.88,2.0,235.76
FIS_1359,03.01.2026,09:46,Şampuan,71.74,1.0,71.74
FIS_1359,03.01.2026,09:46,Deterjan (5kg),192.33,3.0,576.99
FIS_1360,19.02.2026,20:46,Yumurta (15li),55.79,1.0,55.79
FIS_1360,19.02.2026,20:46,Makarna,16.51,2.0,33.02
FIS_1360,19.02.2026,20:46,Diş Macunu,45.48,2.0,90.96
FIS_1361,21.03.2026,10:03,Diş Macunu,46.01,2.0,92.02
FIS_1361,21.03.2026,10:03,Salatalık (kg),22.2,2.0,44.4
FIS_1361,21.03.2026,10:03,Süt (1L),33.35,2.0,66.7
FIS_1361,21.03.2026,10:03,Şampuan,74.32,2.0,148.64
FIS_1361,21.03.2026,10:03,Süt (1L),33.2,2.0,66.4
FIS_1362,12.01.2026,19:32,Süt (1L),33.82,2.0,67.64
FIS_1362,12.01.2026,19:32,Makarna,15.48,2.0,30.96
FIS_1363,20.03.2026,11:14,Deterjan (5kg),186.86,2.0,373.72
FIS_1363,20.03.2026,11:14,Çay (500g),92.14,3.0,276.42
FIS_1363,20.03.2026,11:14,Diş Macunu,45.79,1.0,45.79
FIS_1363,20.03.2026,11:14,Tavuk Göğsü (kg),160.38,1.0,160.38
FIS_1363,20.03.2026,11:14,Sıvı Yağ (1L),48.4,2.0,96.8
FIS_1364,05.02.2026,09:45,Çay (500g),95.04,3.0,285.12
FIS_1364,05.02.2026,09:45,Domates (kg),27.62,2.0,55.24
FIS_1365,27.03.2026,13:29,Deterjan (5kg),179.01,3.0,537.03
FIS_1365,27.03.2026,13:29,Şampuan,72.77,3.0,218.31
FIS_1365,27.03.2026,13:29,Sıvı Yağ (1L),50.52,2.0,101.04
FIS_1366,28.01.2026,09:16,Diş Macunu,47.14,1.0,47.14
FIS_1367,18.01.2026,10:24,Yumurta (15li),51.58,3.0,154.74
FIS_1367,18.01.2026,10:24,Ekmek,9.68,1.0,9.68
FIS_1367,18.01.2026,10:24,Tavuk Göğsü (kg),163.22,3.0,489.66
FIS_1368,01.01.2026,20:41,Makarna,16.45,3.0,49.35
FIS_1368,01.01.2026,20:41,Çay (500g),91.05,1.0,91.05
FIS_1368,01.01.2026,20:41,Diş Macunu,43.22,2.0,86.44
FIS_1368,01.01.2026,20:41,Şeker (1kg),35.38,2.0,70.76
FIS_1369,15.02.2026,19:31,Ekmek,9.73,3.0,29.19
FIS_1369,15.02.2026,19:31,Süt (1L),33.84,3.0,101.52
FIS_1370,30.04.2026,11:50,Deterjan (5kg),184.58,3.0,553.74
FIS_1370,30.04.2026,11:50,Çay (500g),95.76,2.0,191.52
FIS_1370,30.04.2026,11:50,Şeker (1kg),35.22,2.0,70.44
FIS_1371,11.03.2026,21:45,Domates (kg),29.1,3.0,87.3
FIS_1371,11.03.2026,21:45,Tavuk Göğsü (kg),162.53,3.0,487.59
FIS_1371,11.03.2026,21:45,Diş Macunu,46.75,2.0,93.5
FIS_1371,11.03.2026,21:45,Tavuk Göğsü (kg),165.79,3.0,497.37
FIS_1371,11.03.2026,21:45,Süt (1L),33.34,2.0,66.68
FIS_1372,17.04.2026,14:30,Diş Macunu,44.91,2.0,89.82
FIS_1372,17.04.2026,14:30,Diş Macunu,46.86,1.0,46.86
FIS_1372,17.04.2026,14:30,Yoğurt (2kg),62.77,3.0,188.31
FIS_1372,17.04.2026,14:30,Deterjan (5kg),176.28,1.0,176.28
FIS_1372,17.04.2026,14:30,Ekmek,9.77,3.0,29.31
FIS_1373,13.01.2026,18:07,Peynir (500g),116.88,3.0,350.64
FIS_1373,13.01.2026,18:07,Diş Macunu,45.31,3.0,135.93
FIS_1374,01.04.2026,20:08,Makarna,15.62,2.0,31.24
FIS_1374,01.04.2026,20:08,Domates (kg),28.1,3.0,84.3
FIS_1374,01.04.2026,20:08,Diş Macunu,43.51,3.0,130.53
FIS_1375,26.04.2026,15:54,Salatalık (kg),21.5,3.0,64.5
FIS_1375,26.04.2026,15:54,Tavuk Göğsü (kg),163.72,1.0,163.72
FIS_1376,01.01.2026,15:10,Domates (kg),28.2,3.0,84.6
FIS_1376,01.01.2026,15:10,Domates (kg),27.1,2.0,54.2
FIS_1376,01.01.2026,15:10,Deterjan (5kg),189.74,2.0,379.48
FIS_1376,01.01.2026,15:10,Yoğurt (2kg),63.06,1.0,63.06
FIS_1376,01.01.2026,15:10,Yoğurt (2kg),62.46,3.0,187.38
FIS_1377,07.04.2026,13:53,Şampuan,76.58,1.0,76.58
FIS_1377,07.04.2026,13:53,Yoğurt (2kg),66.76,1.0,66.76
FIS_1377,07.04.2026,13:53,Şeker (1kg),34.11,1.0,34.11
FIS_1377,07.04.2026,13:53,Peynir (500g),116.66,1.0,116.66
FIS_1377,07.04.2026,13:53,Deterjan (5kg),185.66,3.0,556.98
FIS_1378,29.03.2026,20:52,Diş Macunu,45.88,3.0,137.64
FIS_1379,15.02.2026,21:04,Sıvı Yağ (1L),50.0,1.0,50.0
FIS_1379,15.02.2026,21:04,Şampuan,76.09,3.0,228.27
FIS_1379,15.02.2026,21:04,Şampuan,73.82,3.0,221.46
FIS_1379,15.02.2026,21:04,Yumurta (15li),54.05,2.0,108.1
FIS_1380,17.03.2026,20:54,Diş Macunu,43.76,2.0,87.52
FIS_1380,17.03.2026,20:54,Çay (500g),93.71,3.0,281.13
FIS_1380,17.03.2026,20:54,Sıvı Yağ (1L),47.84,1.0,47.84
FIS_1380,17.03.2026,20:54,Çay (500g),94.59,3.0,283.77
FIS_1381,19.04.2026,10:23,Tavuk Göğsü (kg),166.42,2.0,332.84
FIS_1381,19.04.2026,10:23,Çay (500g),94.09,2.0,188.18
FIS_1382,26.04.2026,17:14,Yoğurt (2kg),67.34,2.0,134.68
FIS_1383,22.04.2026,17:59,Çay (500g),92.13,3.0,276.39
FIS_1383,22.04.2026,17:59,Makarna,15.25,1.0,15.25
FIS_1383,22.04.2026,17:59,Çay (500g),92.24,1.0,92.24
FIS_1383,22.04.2026,17:59,Diş Macunu,44.8,3.0,134.4
FIS_1384,20.04.2026,12:05,Çay (500g),98.98,3.0,296.94
FIS_1384,20.04.2026,12:05,Makarna,15.32,2.0,30.64
FIS_1385,11.01.2026,11:33,Yumurta (15li),53.29,2.0,106.58
FIS_1385,11.01.2026,11:33,Peynir (500g),111.59,2.0,223.18
FIS_1385,11.01.2026,11:33,Domates (kg),26.78,2.0,53.56
FIS_1386,05.05.2026,13:45,Salatalık (kg),21.68,2.0,43.36
FIS_1386,05.05.2026,13:45,Yoğurt (2kg),65.58,2.0,131.16
FIS_1386,05.05.2026,13:45,Makarna,15.92,1.0,15.92
FIS_1386,05.05.2026,13:45,Tavuk Göğsü (kg),158.13,3.0,474.39
FIS_1387,30.04.2026,14:06,Süt (1L),32.7,2.0,65.4
FIS_1387,30.04.2026,14:06,Salatalık (kg),21.77,3.0,65.31
FIS_1387,30.04.2026,14:06,Makarna,15.59,3.0,46.77
FIS_1388,30.01.2026,09:50,Sıvı Yağ (1L),46.87,2.0,93.74
FIS_1388,30.01.2026,09:50,Diş Macunu,45.68,3.0,137.04
FIS_1389,01.04.2026,15:56,Sıvı Yağ (1L),47.56,2.0,95.12
FIS_1389,01.04.2026,15:56,Deterjan (5kg),183.97,1.0,183.97
FIS_1389,01.04.2026,15:56,Ekmek,9.95,1.0,9.95
FIS_1389,01.04.2026,15:56,Şampuan,72.91,1.0,72.91
FIS_1389,01.04.2026,15:56,Şeker (1kg),33.99,1.0,33.99
FIS_1390,04.01.2026,10:19,Sıvı Yağ (1L),46.67,1.0,46.67
FIS_1390,04.01.2026,10:19,Tavuk Göğsü (kg),158.82,1.0,158.82
FIS_1390,04.01.2026,10:19,Deterjan (5kg),176.37,3.0,529.11
FIS_1391,06.04.2026,16:31,Deterjan (5kg),178.6,1.0,178.6
FIS_1391,06.04.2026,16:31,Diş Macunu,45.58,1.0,45.58
FIS_1392,02.04.2026,12:47,Tavuk Göğsü (kg),168.93,2.0,337.86
FIS_1392,02.04.2026,12:47,Şeker (1kg),32.7,1.0,32.7
FIS_1392,02.04.2026,12:47,Tavuk Göğsü (kg),169.53,1.0,169.53
FIS_1392,02.04.2026,12:47,Deterjan (5kg),191.08,2.0,382.16
FIS_1392,02.04.2026,12:47,Şampuan,75.8,3.0,227.4
FIS_1393,01.03.2026,15:04,Tavuk Göğsü (kg),168.45,1.0,168.45
FIS_1393,01.03.2026,15:04,Şeker (1kg),34.39,2.0,68.78
FIS_1393,01.03.2026,15:04,Çay (500g),94.7,3.0,284.1
FIS_1393,01.03.2026,15:04,Şeker (1kg),33.01,2.0,66.02
FIS_1394,13.04.2026,17:06,Şeker (1kg),35.67,2.0,71.34
FIS_1394,13.04.2026,17:06,Şeker (1kg),32.72,2.0,65.44
FIS_1394,13.04.2026,17:06,Süt (1L),31.9,2.0,63.8
FIS_1394,13.04.2026,17:06,Tavuk Göğsü (kg),171.73,3.0,515.19
FIS_1395,11.01.2026,19:09,Yumurta (15li),53.31,2.0,106.62
FIS_1395,11.01.2026,19:09,Makarna,16.36,3.0,49.08
FIS_1395,11.01.2026,19:09,Yoğurt (2kg),66.84,3.0,200.52
FIS_1396,13.04.2026,18:21,Sıvı Yağ (1L),47.43,1.0,47.43
FIS_1396,13.04.2026,18:21,Şeker (1kg),33.94,2.0,67.88
FIS_1397,07.05.2026,09:04,Ekmek,9.74,3.0,29.22
FIS_1397,07.05.2026,09:04,Deterjan (5kg),190.24,1.0,190.24
FIS_1397,07.05.2026,09:04,Tavuk Göğsü (kg),165.03,1.0,165.03
FIS_1397,07.05.2026,09:04,Şeker (1kg),35.65,3.0,106.95
FIS_1397,07.05.2026,09:04,Salatalık (kg),22.84,2.0,45.68
FIS_1398,02.05.2026,17:41,Diş Macunu,47.2,1.0,47.2
FIS_1398,02.05.2026,17:41,Sıvı Yağ (1L),47.63,1.0,47.63
FIS_1399,10.03.2026,14:13,Çay (500g),90.61,2.0,181.22
FIS_1399,10.03.2026,14:13,Çay (500g),91.66,3.0,274.98
FIS_1400,24.04.2026,19:20,Süt (1L),33.11,1.0,33.11
FIS_1401,06.05.2026,12:02,Sıvı Yağ (1L),49.59,1.0,49.59
FIS_1401,06.05.2026,12:02,Süt (1L),31.72,2.0,63.44
FIS_1401,06.05.2026,12:02,Tavuk Göğsü (kg),173.14,2.0,346.28
FIS_1401,06.05.2026,12:02,Şampuan,72.68,1.0,72.68
FIS_1402,16.04.2026,20:31,Ekmek,9.96,2.0,19.92
FIS_1402,16.04.2026,20:31,Çay (500g),98.24,1.0,98.24
FIS_1402,16.04.2026,20:31,Yumurta (15li),54.84,1.0,54.84
FIS_1402,16.04.2026,20:31,Deterjan (5kg),178.51,3.0,535.53
FIS_1402,16.04.2026,20:31,Peynir (500g),120.39,3.0,361.17
FIS_1403,22.04.2026,13:36,Deterjan (5kg),193.5,1.0,193.5
FIS_1404,15.04.2026,14:34,Şampuan,72.77,2.0,145.54
FIS_1405,08.01.2026,13:44,Ekmek,10.19,2.0,20.38
FIS_1405,08.01.2026,13:44,Yumurta (15li),53.58,3.0,160.74
FIS_1405,08.01.2026,13:44,Diş Macunu,45.27,3.0,135.81
FIS_1406,12.04.2026,14:22,Çay (500g),92.78,1.0,92.78
FIS_1406,12.04.2026,14:22,Şampuan,71.91,1.0,71.91
FIS_1406,12.04.2026,14:22,Tavuk Göğsü (kg),162.23,2.0,324.46
FIS_1407,11.03.2026,15:28,Makarna,16.53,1.0,16.53
FIS_1407,11.03.2026,15:28,Yumurta (15li),55.32,2.0,110.64
FIS_1407,11.03.2026,15:28,Yumurta (15li),55.89,1.0,55.89
FIS_1407,11.03.2026,15:28,Deterjan (5kg),190.18,1.0,190.18
FIS_1407,11.03.2026,15:28,Peynir (500g),119.81,1.0,119.81
FIS_1408,09.03.2026,18:48,Peynir (500g),120.54,2.0,241.08
FIS_1409,21.01.2026,21:42,Ekmek,10.33,3.0,30.99
FIS_1409,21.01.2026,21:42,Makarna,15.9,2.0,31.8
FIS_1409,21.01.2026,21:42,Yumurta (15li),56.12,3.0,168.36
FIS_1409,21.01.2026,21:42,Şeker (1kg),35.0,3.0,105.0
FIS_1410,27.01.2026,19:54,Salatalık (kg),22.3,1.0,22.3
FIS_1410,27.01.2026,19:54,Sıvı Yağ (1L),46.45,2.0,92.9
FIS_1411,03.01.2026,15:47,Salatalık (kg),21.93,1.0,21.93
FIS_1411,03.01.2026,15:47,Süt (1L),32.52,1.0,32.52
FIS_1411,03.01.2026,15:47,Şeker (1kg),33.62,2.0,67.24
FIS_1412,08.05.2026,16:30,Peynir (500g),109.47,2.0,218.94
FIS_1412,08.05.2026,16:30,Tavuk Göğsü (kg),163.55,2.0,327.1
FIS_1412,08.05.2026,16:30,Yoğurt (2kg),62.38,3.0,187.14
FIS_1412,08.05.2026,16:30,Domates (kg),28.36,2.0,56.72
FIS_1412,08.05.2026,16:30,Domates (kg),28.53,3.0,85.59
FIS_1413,05.04.2026,15:59,Süt (1L),32.15,3.0,96.45
FIS_1413,05.04.2026,15:59,Makarna,16.21,2.0,32.42
FIS_1413,05.04.2026,15:59,Sıvı Yağ (1L),48.47,3.0,145.41
FIS_1414,08.05.2026,12:17,Çay (500g),95.77,2.0,191.54
FIS_1415,12.01.2026,16:05,Tavuk Göğsü (kg),167.18,3.0,501.54
FIS_1415,12.01.2026,16:05,Sıvı Yağ (1L),47.23,3.0,141.69
FIS_1415,12.01.2026,16:05,Makarna,15.03,1.0,15.03
FIS_1416,05.03.2026,20:05,Peynir (500g),118.08,3.0,354.24
FIS_1416,05.03.2026,20:05,Makarna,16.49,1.0,16.49
FIS_1416,05.03.2026,20:05,Domates (kg),26.7,1.0,26.7
FIS_1417,19.03.2026,16:00,Yumurta (15li),53.76,1.0,53.76
FIS_1417,19.03.2026,16:00,Yoğurt (2kg),66.7,1.0,66.7
FIS_1418,11.04.2026,21:20,Domates (kg),29.02,3.0,87.06
FIS_1418,11.04.2026,21:20,Deterjan (5kg),182.61,2.0,365.22
FIS_1418,11.04.2026,21:20,Şeker (1kg),33.36,2.0,66.72
FIS_1418,11.04.2026,21:20,Salatalık (kg),23.32,2.0,46.64
FIS_1419,19.03.2026,11:13,Salatalık (kg),22.02,3.0,66.06
FIS_1419,19.03.2026,11:13,Deterjan (5kg),192.61,3.0,577.83
FIS_1419,19.03.2026,11:13,Çay (500g),95.56,3.0,286.68
FIS_1420,18.03.2026,13:17,Yumurta (15li),52.68,2.0,105.36
FIS_1420,18.03.2026,13:17,Sıvı Yağ (1L),46.66,2.0,93.32
FIS_1420,18.03.2026,13:17,Diş Macunu,46.59,1.0,46.59
FIS_1420,18.03.2026,13:17,Makarna,16.5,3.0,49.5
FIS_1420,18.03.2026,13:17,Çay (500g),90.77,3.0,272.31
FIS_1421,30.03.2026,10:15,Salatalık (kg),22.09,3.0,66.27
FIS_1421,30.03.2026,10:15,Deterjan (5kg),177.97,3.0,533.91
FIS_1421,30.03.2026,10:15,Tavuk Göğsü (kg),168.51,2.0,337.02
FIS_1421,30.03.2026,10:15,Salatalık (kg),21.79,1.0,21.79
FIS_1421,30.03.2026,10:15,Peynir (500g),120.44,2.0,240.88
FIS_1422,17.04.2026,16:57,Çay (500g),97.0,1.0,97.0
FIS_1422,17.04.2026,16:57,Yumurta (15li),54.87,1.0,54.87
FIS_1422,17.04.2026,16:57,Salatalık (kg),21.41,2.0,42.82
FIS_1423,18.02.2026,19:15,Süt (1L),31.59,2.0,63.18
FIS_1423,18.02.2026,19:15,Deterjan (5kg),183.34,2.0,366.68
FIS_1423,18.02.2026,19:15,Diş Macunu,42.78,1.0,42.78
FIS_1423,18.02.2026,19:15,Tavuk Göğsü (kg),171.86,2.0,343.72
FIS_1424,30.03.2026,14:56,Domates (kg),29.13,2.0,58.26
FIS_1425,27.03.2026,16:28,Şampuan,74.34,3.0,223.02
FIS_1425,27.03.2026,16:28,Ekmek,9.57,3.0,28.71
FIS_1425,27.03.2026,16:28,Tavuk Göğsü (kg),157.59,2.0,315.18
FIS_1425,27.03.2026,16:28,Yumurta (15li),54.14,2.0,108.28
FIS_1426,20.04.2026,13:58,Çay (500g),94.12,2.0,188.24
FIS_1427,23.03.2026,16:16,Domates (kg),27.37,2.0,54.74
FIS_1428,30.04.2026,14:11,Domates (kg),26.65,2.0,53.3
FIS_1428,30.04.2026,14:11,Diş Macunu,45.98,1.0,45.98
FIS_1429,10.03.2026,10:44,Makarna,15.58,1.0,15.58
FIS_1429,10.03.2026,10:44,Çay (500g),96.48,3.0,289.44
FIS_1429,10.03.2026,10:44,Şeker (1kg),32.37,3.0,97.11
FIS_1430,21.02.2026,18:36,Salatalık (kg),22.02,2.0,44.04
FIS_1430,21.02.2026,18:36,Deterjan (5kg),190.94,2.0,381.88
FIS_1431,08.05.2026,19:21,Sıvı Yağ (1L),50.87,3.0,152.61
FIS_1431,08.05.2026,19:21,Tavuk Göğsü (kg),161.83,2.0,323.66
FIS_1432,20.02.2026,14:18,Salatalık (kg),22.87,3.0,68.61
FIS_1433,03.02.2026,13:20,Yumurta (15li),54.42,1.0,54.42
FIS_1433,03.02.2026,13:20,Salatalık (kg),23.16,3.0,69.48
FIS_1433,03.02.2026,13:20,Ekmek,10.06,2.0,20.12
FIS_1433,03.02.2026,13:20,Makarna,15.25,3.0,45.75
FIS_1433,03.02.2026,13:20,Çay (500g),90.97,3.0,272.91
FIS_1434,08.03.2026,09:52,Deterjan (5kg),193.58,1.0,193.58
FIS_1434,08.03.2026,09:52,Süt (1L),31.28,2.0,62.56
FIS_1435,30.03.2026,18:34,Çay (500g),90.74,2.0,181.48
FIS_1435,30.03.2026,18:34,Çay (500g),97.05,2.0,194.1
FIS_1436,02.05.2026,14:31,Şeker (1kg),35.47,3.0,106.41
FIS_1436,02.05.2026,14:31,Süt (1L),33.53,3.0,100.59
FIS_1436,02.05.2026,14:31,Domates (kg),27.44,3.0,82.32
FIS_1436,02.05.2026,14:31,Ekmek,10.22,3.0,30.66
FIS_1436,02.05.2026,14:31,Tavuk Göğsü (kg),172.54,2.0,345.08
FIS_1437,15.04.2026,17:41,Çay (500g),98.37,2.0,196.74
FIS_1437,15.04.2026,17:41,Yoğurt (2kg),64.1,2.0,128.2
FIS_1437,15.04.2026,17:41,Süt (1L),31.03,1.0,31.03
FIS_1437,15.04.2026,17:41,Şampuan,72.34,2.0,144.68
FIS_1437,15.04.2026,17:41,Süt (1L),33.32,2.0,66.64
FIS_1438,28.03.2026,21:31,Diş Macunu,42.99,2.0,85.98
FIS_1438,28.03.2026,21:31,Sıvı Yağ (1L),49.67,3.0,149.01
FIS_1438,28.03.2026,21:31,Şampuan,73.08,1.0,73.08
FIS_1439,19.03.2026,15:29,Domates (kg),28.05,1.0,28.05
FIS_1439,19.03.2026,15:29,Diş Macunu,46.59,3.0,139.77
FIS_1439,19.03.2026,15:29,Peynir (500g),116.27,3.0,348.81
FIS_1439,19.03.2026,15:29,Yoğurt (2kg),67.4,1.0,67.4
FIS_1439,19.03.2026,15:29,Sıvı Yağ (1L),50.24,3.0,150.72
FIS_1440,01.01.2026,19:36,Domates (kg),27.73,2.0,55.46
FIS_1441,07.02.2026,12:52,Süt (1L),32.84,2.0,65.68
FIS_1441,07.02.2026,12:52,Süt (1L),32.83,2.0,65.66
FIS_1441,07.02.2026,12:52,Yoğurt (2kg),62.0,1.0,62.0
FIS_1441,07.02.2026,12:52,Tavuk Göğsü (kg),165.13,3.0,495.39
FIS_1441,07.02.2026,12:52,Şampuan,75.28,2.0,150.56
FIS_1442,22.04.2026,11:19,Makarna,16.49,3.0,49.47
FIS_1442,22.04.2026,11:19,Peynir (500g),116.65,2.0,233.3
FIS_1442,22.04.2026,11:19,Diş Macunu,44.76,1.0,44.76
FIS_1442,22.04.2026,11:19,Ekmek,10.08,2.0,20.16
FIS_1442,22.04.2026,11:19,Deterjan (5kg),190.07,3.0,570.21
FIS_2000,15.05.2026,22:59,Yüz Temizleme,79.99,3.0,239.97
FIS_2000,15.05.2026,22:59,Makarna 500g,22.5,1.0,22.5
FIS_2001,15.05.2026,17:29,Makarna 500g,22.5,4.0,90.0
FIS_2001,15.05.2026,17:29,Limon Taze (kg),119.95,1.458,174.89
FIS_2001,15.05.2026,17:29,Domates (kg),29.9,0.683,20.42
FIS_2002,15.05.2026,12:00,Kek,59.0,5.0,295.0
FIS_2002,15.05.2026,12:00,Makarna 500g,22.5,4.0,90.0
FIS_2002,15.05.2026,12:00,Cola 1 LT,45.0,1.0,45.0
FIS_2003,15.05.2026,15:00,Domates (kg),29.9,1.874,56.03
FIS_2003,15.05.2026,15:00,Bebe Şampuanı,149.9,5.0,749.5
FIS_2004,15.05.2026,19:35,Cola 1 LT,45.0,5.0,225.0
FIS_2005,14.05.2026,16:07,Deodorant,199.9,5.0,999.5
FIS_2006,15.05.2026,17:35,Elma (kg),34.5,1.148,39.61
FIS_2006,15.05.2026,17:35,Ekmek,14.0,3.0,42.0
FIS_2006,15.05.2026,17:35,Şampuan,85.0,3.0,255.0
FIS_2007,15.05.2026,17:51,Biber Dolmalık (kg),69.95,0.732,51.2
FIS_2008,15.05.2026,21:19,Yüz Temizleme,79.99,4.0,319.96
FIS_2008,15.05.2026,21:19,Deodorant,199.9,3.0,599.7
FIS_2008,15.05.2026,21:19,Plastik Poşet,1.0,3.0,3.0
FIS_2008,15.05.2026,21:19,Şampuan,120.0,4.0,480.0
FIS_2009,15.05.2026,07:04,Deodorant,199.9,1.0,199.9
FIS_2010,14.05.2026,11:16,Bebe Şampuanı,149.9,2.0,299.8
FIS_2010,14.05.2026,11:16,Şampuan,120.0,3.0,360.0
FIS_2011,14.05.2026,08:47,Su 0.5 LT,5.0,1.0,5.0
FIS_2011,14.05.2026,08:47,Domates (kg),29.9,0.208,6.22
FIS_2011,14.05.2026,08:47,Elma (kg),34.5,0.859,29.64
FIS_2012,14.05.2026,17:24,Ekmek,14.0,3.0,42.0
FIS_2012,14.05.2026,17:24,Kek,59.0,3.0,177.0
FIS_2013,15.05.2026,20:04,Cola 1 LT,45.0,2.0,90.0
FIS_2013,15.05.2026,20:04,Şampuan,85.0,1.0,85.0
FIS_2013,15.05.2026,20:04,Deodorant,199.9,4.0,799.6
FIS_2014,15.05.2026,19:16,Elma (kg),34.5,0.777,26.81
FIS_2014,15.05.2026,19:16,Domates (kg),29.9,1.122,33.55
FIS_2014,15.05.2026,19:16,Ekmek,14.0,3.0,42.0
FIS_2015,14.05.2026,09:32,Yüz Temizleme,79.99,4.0,319.96
FIS_2016,15.05.2026,17:50,Cola 2.5 LT,55.0,1.0,55.0
FIS_2017,15.05.2026,19:38,Makarna 500g,22.5,3.0,67.5
FIS_2017,15.05.2026,19:38,Domates (kg),29.9,1.639,49.01
FIS_2018,15.05.2026,07:58,Domates (kg),29.9,1.398,41.8
FIS_2018,15.05.2026,07:58,Şampuan,85.0,5.0,425.0
FIS_2018,15.05.2026,07:58,Su 0.5 LT,5.0,2.0,10.0
FIS_2018,15.05.2026,07:58,Cola 1 LT,45.0,1.0,45.0
FIS_2019,15.05.2026,22:09,Kil Maskesi,297.9,4.0,1191.6
FIS_2019,15.05.2026,22:09,Elma (kg),34.5,1.995,68.83
FIS_2019,15.05.2026,22:09,Limon Taze (kg),119.95,1.716,205.83
FIS_2020,14.05.2026,07:24,Limon Taze (kg),119.95,1.538,184.48
FIS_2020,14.05.2026,07:24,Cola 1 LT,45.0,3.0,135.0
FIS_2021,15.05.2026,18:02,Yüz Temizleme,79.99,2.0,159.98
FIS_2022,15.05.2026,13:05,Şampuan,85.0,2.0,170.0
FIS_2022,15.05.2026,13:05,Elma (kg),34.5,0.365,12.59
FIS_2023,15.05.2026,20:15,Ekmek,14.0,5.0,70.0
FIS_2024,14.05.2026,08:23,Deodorant,199.9,3.0,599.7
FIS_2024,14.05.2026,08:23,Bebe Şampuanı,149.9,2.0,299.8
FIS_2024,14.05.2026,08:23,Makarna 500g,22.5,5.0,112.5
FIS_2025,14.05.2026,17:20,Yüz Temizleme,79.99,2.0,159.98
FIS_2025,14.05.2026,17:20,Elma (kg),34.5,0.936,32.29
FIS_2026,15.05.2026,12:42,Domates (kg),29.9,0.269,8.04
FIS_2026,15.05.2026,12:42,Şampuan,85.0,2.0,170.0
FIS_2026,15.05.2026,12:42,Şampuan,120.0,5.0,600.0
FIS_2026,15.05.2026,12:42,Makarna 500g,22.5,2.0,45.0
FIS_2027,14.05.2026,19:07,Plastik Poşet,1.0,4.0,4.0
FIS_2028,14.05.2026,20:18,Bebe Şampuanı,149.9,4.0,599.6
FIS_2028,14.05.2026,20:18,Şampuan,120.0,4.0,480.0
FIS_2029,15.05.2026,08:35,Cola 1 LT,45.0,5.0,225.0
FIS_2030,15.05.2026,19:57,Domates (kg),29.9,1.523,45.54
FIS_2030,15.05.2026,19:57,Elma (kg),34.5,0.513,17.7
FIS_2031,15.05.2026,22:00,Su 0.5 LT,5.0,4.0,20.0
FIS_2031,15.05.2026,22:00,Bebe Şampuanı,149.9,1.0,149.9
FIS_2031,15.05.2026,22:00,Deodorant,199.9,4.0,799.6
FIS_2032,14.05.2026,13:08,Elma (kg),34.5,1.93,66.58
FIS_2032,14.05.2026,13:08,Biber Çarliston (kg),32.95,1.793,59.08
FIS_2033,14.05.2026,08:51,Cola 1 LT,45.0,1.0,45.0
FIS_2033,14.05.2026,08:51,Şampuan,85.0,4.0,340.0
FIS_2034,14.05.2026,19:26,Ekmek,14.0,3.0,42.0
FIS_2035,14.05.2026,15:55,Domates (kg),29.9,1.554,46.46
FIS_2035,14.05.2026,15:55,Biber Çarliston (kg),32.95,1.048,34.53
FIS_2036,14.05.2026,11:44,Biber Dolmalık (kg),69.95,1.397,97.72
FIS_2036,14.05.2026,11:44,Deodorant,199.9,2.0,399.8
FIS_2037,14.05.2026,22:56,Ekmek,14.0,3.0,42.0
FIS_2038,15.05.2026,19:38,Kek,59.0,4.0,236.0
FIS_2038,15.05.2026,19:38,Su 0.5 LT,5.0,4.0,20.0
FIS_2038,15.05.2026,19:38,Plastik Poşet,1.0,4.0,4.0
FIS_2039,14.05.2026,12:11,Domates (kg),29.9,1.052,31.45
FIS_2040,14.05.2026,19:41,Elma (kg),34.5,1.921,66.27
FIS_2040,14.05.2026,19:41,Cola 2.5 LT,55.0,5.0,275.0
FIS_2040,14.05.2026,19:41,Şampuan,120.0,4.0,480.0
FIS_2041,15.05.2026,09:32,Ekmek,14.0,1.0,14.0
FIS_2041,15.05.2026,09:32,Plastik Poşet,1.0,5.0,5.0
FIS_2042,15.05.2026,20:12,Kek,59.0,4.0,236.0
FIS_2043,14.05.2026,08:48,Cola 2.5 LT,55.0,3.0,165.0
FIS_2043,14.05.2026,08:48,Yüz Temizleme,79.99,3.0,239.97
FIS_2044,14.05.2026,15:23,Biber Dolmalık (kg),69.95,0.164,11.47
FIS_2044,14.05.2026,15:23,Şampuan,85.0,5.0,425.0
FIS_2045,14.05.2026,13:56,Cola 1 LT,45.0,4.0,180.0
FIS_2045,14.05.2026,13:56,Bebe Şampuanı,149.9,2.0,299.8
FIS_2045,14.05.2026,13:56,Makarna 500g,22.5,1.0,22.5
FIS_2045,14.05.2026,13:56,Kek,59.0,1.0,59.0
FIS_2046,14.05.2026,13:33,Biber Dolmalık (kg),69.95,1.844,128.99
FIS_2047,15.05.2026,12:32,Biber Dolmalık (kg),69.95,0.944,66.03
FIS_2047,15.05.2026,12:32,Domates (kg),29.9,1.107,33.1
FIS_2047,15.05.2026,12:32,Kek,59.0,5.0,295.0
FIS_2047,15.05.2026,12:32,Makarna 500g,22.5,2.0,45.0
FIS_2049,14.05.2026,11:27,Su 0.5 LT,5.0,1.0,5.0
FIS_2050,15.05.2026,15:18,Cola 1 LT,45.0,4.0,180.0
FIS_2050,15.05.2026,15:18,Ekmek,14.0,2.0,28.0
FIS_2051,14.05.2026,17:47,Şampuan,120.0,5.0,600.0
FIS_2051,14.05.2026,17:47,Kek,59.0,1.0,59.0
FIS_2052,14.05.2026,18:47,Deodorant,199.9,3.0,599.7
FIS_2052,14.05.2026,18:47,Cola 1 LT,45.0,5.0,225.0
FIS_2053,15.05.2026,13:14,Biber Çarliston (kg),32.95,0.15,4.94
FIS_2053,15.05.2026,13:14,Kek,59.0,3.0,177.0
FIS_2053,15.05.2026,13:14,Kil Maskesi,297.9,5.0,1489.5
FIS_2054,15.05.2026,17:55,Deodorant,199.9,1.0,199.9
FIS_2055,15.05.2026,10:47,Şampuan,85.0,2.0,170.0
FIS_2055,15.05.2026,10:47,Biber Çarliston (kg),32.95,0.446,14.7
FIS_2055,15.05.2026,10:47,Su 0.5 LT,5.0,3.0,15.0
FIS_2056,15.05.2026,15:06,Biber Dolmalık (kg),69.95,0.728,50.92
FIS_2056,15.05.2026,15:06,Su 0.5 LT,5.0,2.0,10.0
FIS_2057,14.05.2026,21:03,Ekmek,14.0,1.0,14.0
FIS_2057,14.05.2026,21:03,Elma (kg),34.5,1.999,68.97
FIS_2057,14.05.2026,21:03,Bebe Şampuanı,149.9,5.0,749.5
FIS_2058,15.05.2026,21:49,Cola 1 LT,45.0,1.0,45.0
FIS_2061,15.05.2026,11:26,Şampuan,85.0,1.0,85.0
FIS_2061,15.05.2026,11:26,Limon Taze (kg),119.95,1.794,215.19
FIS_2062,14.05.2026,17:06,Biber Dolmalık (kg),69.95,0.392,27.42
FIS_2063,14.05.2026,14:22,Deodorant,199.9,5.0,999.5
FIS_2064,14.05.2026,17:45,Şampuan,85.0,5.0,425.0
FIS_2064,14.05.2026,17:45,Plastik Poşet,1.0,2.0,2.0
FIS_2064,14.05.2026,17:45,Deodorant,199.9,3.0,599.7
FIS_2065,15.05.2026,22:04,Ekmek,14.0,5.0,70.0
FIS_2065,15.05.2026,22:04,Cola 2.5 LT,55.0,1.0,55.0
FIS_2066,14.05.2026,09:04,Kil Maskesi,297.9,1.0,297.9
FIS_2067,14.05.2026,16:28,Kil Maskesi,297.9,2.0,595.8
FIS_2067,14.05.2026,16:28,Kek,59.0,5.0,295.0
FIS_2067,14.05.2026,16:28,Makarna 500g,22.5,5.0,112.5
FIS_2067,14.05.2026,16:28,Domates (kg),29.9,0.55,16.45
FIS_2068,15.05.2026,20:43,Şampuan,85.0,1.0,85.0
FIS_2068,15.05.2026,20:43,Domates (kg),29.9,1.938,57.95
FIS_2069,14.05.2026,10:40,Kek,59.0,4.0,236.0
FIS_2069,14.05.2026,10:40,Ekmek,14.0,4.0,56.0
FIS_2069,14.05.2026,10:40,Biber Dolmalık (kg),69.95,1.409,98.56
FIS_2069,14.05.2026,10:40,Su 0.5 LT,5.0,1.0,5.0
FIS_2070,15.05.2026,12:23,Limon Taze (kg),119.95,1.35,161.93
FIS_2070,15.05.2026,12:23,Şampuan,120.0,3.0,360.0
FIS_2070,15.05.2026,12:23,Plastik Poşet,1.0,4.0,4.0
FIS_2071,15.05.2026,19:11,Şampuan,120.0,2.0,240.0
FIS_2071,15.05.2026,19:11,Su 0.5 LT,5.0,3.0,15.0
FIS_2072,15.05.2026,09:26,Yüz Temizleme,79.99,5.0,399.95
FIS_2073,15.05.2026,07:48,Bebe Şampuanı,149.9,4.0,599.6
FIS_2073,15.05.2026,07:48,Makarna 500g,22.5,1.0,22.5
FIS_2073,15.05.2026,07:48,Su 0.5 LT,5.0,2.0,10.0
FIS_2074,15.05.2026,22:09,Kek,59.0,4.0,236.0
FIS_2074,15.05.2026,22:09,Biber Dolmalık (kg),69.95,0.123,8.6
FIS_2074,15.05.2026,22:09,Bebe Şampuanı,149.9,5.0,749.5
FIS_2074,15.05.2026,22:09,Kil Maskesi,297.9,4.0,1191.6
FIS_2075,14.05.2026,17:32,Bebe Şampuanı,149.9,1.0,149.9
FIS_2076,15.05.2026,22:29,Cola 2.5 LT,55.0,4.0,220.0
FIS_2076,15.05.2026,22:29,Yüz Temizleme,79.99,1.0,79.99
FIS_2077,15.05.2026,22:12,Su 0.5 LT,5.0,2.0,10.0
FIS_2077,15.05.2026,22:12,Kek,59.0,1.0,59.0
FIS_2078,15.05.2026,10:46,Elma (kg),34.5,1.967,67.86
FIS_2078,15.05.2026,10:46,Şampuan,120.0,2.0,240.0
FIS_2078,15.05.2026,10:46,Plastik Poşet,1.0,5.0,5.0
FIS_2079,14.05.2026,13:16,Limon Taze (kg),119.95,1.242,148.98
FIS_2079,14.05.2026,13:16,Yüz Temizleme,79.99,3.0,239.97
FIS_2079,14.05.2026,13:16,Bebe Şampuanı,149.9,5.0,749.5
FIS_2079,14.05.2026,13:16,Cola 1 LT,45.0,5.0,225.0
FIS_2080,14.05.2026,09:27,Kil Maskesi,297.9,1.0,297.9
FIS_2080,14.05.2026,09:27,Biber Çarliston (kg),32.95,1.033,34.04
FIS_2080,14.05.2026,09:27,Bebe Şampuanı,149.9,2.0,299.8
FIS_2081,15.05.2026,18:48,Biber Çarliston (kg),32.95,0.109,3.59
FIS_2081,15.05.2026,18:48,Limon Taze (kg),119.95,1.657,198.76
FIS_2081,15.05.2026,18:48,Kek,59.0,3.0,177.0
FIS_2082,14.05.2026,17:58,Biber Dolmalık (kg),69.95,0.125,8.74
FIS_2082,14.05.2026,17:58,Ekmek,14.0,2.0,28.0
FIS_2083,15.05.2026,17:08,Bebe Şampuanı,149.9,3.0,449.7
FIS_2083,15.05.2026,17:08,Domates (kg),29.9,0.704,21.05
FIS_2083,15.05.2026,17:08,Makarna 500g,22.5,3.0,67.5
FIS_2083,15.05.2026,17:08,Elma (kg),34.5,0.858,29.6
FIS_2084,14.05.2026,10:27,Plastik Poşet,1.0,2.0,2.0
FIS_2086,14.05.2026,11:44,Kek,59.0,3.0,177.0
FIS_2086,14.05.2026,11:44,Elma (kg),34.5,1.824,62.93
FIS_2086,14.05.2026,11:44,Makarna 500g,22.5,4.0,90.0
FIS_2087,14.05.2026,10:19,Şampuan,120.0,2.0,240.0
FIS_2087,14.05.2026,10:19,Makarna 500g,22.5,1.0,22.5
FIS_2087,14.05.2026,10:19,Cola 2.5 LT,55.0,3.0,165.0
FIS_2088,15.05.2026,18:18,Biber Çarliston (kg),32.95,1.817,59.87
FIS_2088,15.05.2026,18:18,Şampuan,85.0,1.0,85.0
FIS_2088,15.05.2026,18:18,Su 0.5 LT,5.0,3.0,15.0
FIS_2088,15.05.2026,18:18,Kek,59.0,1.0,59.0
FIS_2089,15.05.2026,20:35,Cola 1 LT,45.0,3.0,135.0
FIS_2089,15.05.2026,20:35,Yüz Temizleme,79.99,2.0,159.98
FIS_2089,15.05.2026,20:35,Şampuan,120.0,1.0,120.0
FIS_2090,14.05.2026,14:40,Makarna 500g,22.5,3.0,67.5
FIS_2090,14.05.2026,14:40,Deodorant,199.9,1.0,199.9
FIS_2090,14.05.2026,14:40,Su 0.5 LT,5.0,2.0,10.0
FIS_2091,14.05.2026,10:11,Su 0.5 LT,5.0,1.0,5.0
FIS_2091,14.05.2026,10:11,Deodorant,199.9,2.0,399.8
FIS_2092,15.05.2026,08:36,Plastik Poşet,1.0,1.0,1.0
FIS_2093,15.05.2026,08:38,Makarna 500g,22.5,1.0,22.5
FIS_2093,15.05.2026,08:38,Deodorant,199.9,4.0,799.6
FIS_2093,15.05.2026,08:38,Cola 1 LT,45.0,2.0,90.0
FIS_2093,15.05.2026,08:38,Limon Taze (kg),119.95,1.51,181.12
FIS_2094,14.05.2026,08:46,Yüz Temizleme,79.99,5.0,399.95
FIS_2094,14.05.2026,08:46,Bebe Şampuanı,149.9,5.0,749.5
FIS_2094,14.05.2026,08:46,Şampuan,120.0,5.0,600.0
FIS_2095,14.05.2026,16:58,Yüz Temizleme,79.99,2.0,159.98
FIS_2096,14.05.2026,14:25,Limon Taze (kg),119.95,0.968,116.11
FIS_2098,15.05.2026,13:17,Yüz Temizleme,79.99,3.0,239.97
FIS_2099,15.05.2026,07:30,Kek,59.0,1.0,59.0
FIS_2099,15.05.2026,07:30,Su 0.5 LT,5.0,4.0,20.0
FIS_2100,14.05.2026,14:27,Elma (kg),34.5,0.862,29.74
FIS_2100,14.05.2026,14:27,Şampuan,120.0,5.0,600.0
FIS_2101,15.05.2026,07:59,Biber Çarliston (kg),32.95,0.973,32.06
FIS_2101,15.05.2026,07:59,Ekmek,14.0,3.0,42.0
FIS_2102,15.05.2026,18:08,Makarna 500g,22.5,5.0,112.5
FIS_2102,15.05.2026,18:08,Domates (kg),29.9,0.183,5.47
FIS_2102,15.05.2026,18:08,Biber Çarliston (kg),32.95,0.662,21.81
FIS_2103,15.05.2026,17:11,Şampuan,85.0,4.0,340.0
FIS_2104,15.05.2026,19:44,Plastik Poşet,1.0,5.0,5.0
FIS_2104,15.05.2026,19:44,Makarna 500g,22.5,4.0,90.0
FIS_2104,15.05.2026,19:44,Elma (kg),34.5,0.211,7.28
FIS_2104,15.05.2026,19:44,Domates (kg),29.9,1.612,48.2
FIS_2105,14.05.2026,20:03,Ekmek,14.0,1.0,14.0
FIS_2105,14.05.2026,20:03,Deodorant,199.9,2.0,399.8
FIS_2105,14.05.2026,20:03,Şampuan,85.0,4.0,340.0
FIS_2106,15.05.2026,11:03,Deodorant,199.9,1.0,199.9
FIS_2107,15.05.2026,20:58,Şampuan,120.0,5.0,600.0
FIS_2107,15.05.2026,20:58,Plastik Poşet,1.0,5.0,5.0
FIS_2108,15.05.2026,17:52,Cola 1 LT,45.0,1.0,45.0
FIS_2108,15.05.2026,17:52,Biber Dolmalık (kg),69.95,0.26,18.19
FIS_2109,14.05.2026,08:45,Domates (kg),29.9,0.649,19.41
FIS_2109,14.05.2026,08:45,Biber Çarliston (kg),32.95,1.64,54.04
FIS_2110,14.05.2026,10:12,Cola 1 LT,45.0,2.0,90.0
FIS_2110,14.05.2026,10:12,Su 0.5 LT,5.0,3.0,15.0
FIS_2111,15.05.2026,14:36,Kek,59.0,3.0,177.0
FIS_2112,15.05.2026,14:34,Şampuan,120.0,5.0,600.0
FIS_2112,15.05.2026,14:34,Domates (kg),29.9,1.958,58.54
FIS_2113,15.05.2026,17:57,Limon Taze (kg),119.95,0.209,25.07
FIS_2113,15.05.2026,17:57,Yüz Temizleme,79.99,3.0,239.97
FIS_2114,14.05.2026,16:07,Deodorant,199.9,1.0,199.9
FIS_2114,14.05.2026,16:07,Ekmek,14.0,1.0,14.0
FIS_2114,14.05.2026,16:07,Kil Maskesi,297.9,4.0,1191.6
FIS_2115,15.05.2026,15:48,Cola 2.5 LT,55.0,4.0,220.0
FIS_2115,15.05.2026,15:48,Limon Taze (kg),119.95,1.915,229.7
FIS_2116,14.05.2026,07:07,Elma (kg),34.5,0.615,21.22
FIS_2117,15.05.2026,07:04,Elma (kg),34.5,1.191,41.09
FIS_2117,15.05.2026,07:04,Limon Taze (kg),119.95,1.417,169.97
FIS_2118,14.05.2026,14:47,Kek,59.0,2.0,118.0
FIS_2118,14.05.2026,14:47,Kil Maskesi,297.9,5.0,1489.5
FIS_2118,14.05.2026,14:47,Elma (kg),34.5,1.184,40.85
FIS_2120,14.05.2026,16:30,Ekmek,14.0,4.0,56.0
FIS_2120,14.05.2026,16:30,Deodorant,199.9,1.0,199.9
FIS_2121,15.05.2026,19:51,Cola 1 LT,45.0,2.0,90.0
FIS_2121,15.05.2026,19:51,Biber Dolmalık (kg),69.95,1.225,85.69
FIS_2121,15.05.2026,19:51,Şampuan,85.0,2.0,170.0
FIS_2121,15.05.2026,19:51,Su 0.5 LT,5.0,3.0,15.0
FIS_2122,14.05.2026,10:27,Domates (kg),29.9,0.354,10.58
FIS_2122,14.05.2026,10:27,Biber Dolmalık (kg),69.95,1.256,87.86
FIS_2123,15.05.2026,11:19,Yüz Temizleme,79.99,3.0,239.97
FIS_2123,15.05.2026,11:19,Ekmek,14.0,5.0,70.0
FIS_2123,15.05.2026,11:19,Deodorant,199.9,3.0,599.7
FIS_2124,14.05.2026,07:56,Elma (kg),34.5,0.405,13.97
FIS_2125,15.05.2026,07:22,Domates (kg),29.9,0.692,20.69
FIS_2125,15.05.2026,07:22,Şampuan,120.0,4.0,480.0
FIS_2125,15.05.2026,07:22,Şampuan,85.0,2.0,170.0
FIS_2126,14.05.2026,14:25,Elma (kg),34.5,0.755,26.05
FIS_2126,14.05.2026,14:25,Kil Maskesi,297.9,1.0,297.9
FIS_2126,14.05.2026,14:25,Plastik Poşet,1.0,5.0,5.0
FIS_2127,15.05.2026,12:22,Su 0.5 LT,5.0,1.0,5.0
FIS_2127,15.05.2026,12:22,Biber Dolmalık (kg),69.95,0.411,28.75
FIS_2127,15.05.2026,12:22,Plastik Poşet,1.0,1.0,1.0
FIS_2128,14.05.2026,19:57,Yüz Temizleme,79.99,5.0,399.95
FIS_2128,14.05.2026,19:57,Domates (kg),29.9,1.682,50.29
FIS_2128,14.05.2026,19:57,Şampuan,85.0,2.0,170.0
FIS_2129,15.05.2026,21:18,Makarna 500g,22.5,3.0,67.5
FIS_2130,14.05.2026,17:13,Kek,59.0,4.0,236.0
FIS_2130,14.05.2026,17:13,Elma (kg),34.5,0.129,4.45
FIS_2130,14.05.2026,17:13,Biber Dolmalık (kg),69.95,1.254,87.72
FIS_2131,14.05.2026,12:43,Cola 1 LT,45.0,4.0,180.0
FIS_2132,15.05.2026,19:57,Plastik Poşet,1.0,1.0,1.0
FIS_2132,15.05.2026,19:57,Elma (kg),34.5,0.377,13.01
FIS_2132,15.05.2026,19:57,Cola 2.5 LT,55.0,3.0,165.0
FIS_2133,14.05.2026,21:26,Şampuan,85.0,5.0,425.0
FIS_2134,14.05.2026,16:48,Bebe Şampuanı,149.9,2.0,299.8
FIS_2135,15.05.2026,09:46,Yüz Temizleme,79.99,5.0,399.95
FIS_2135,15.05.2026,09:46,Limon Taze (kg),119.95,1.051,126.07
FIS_2135,15.05.2026,09:46,Biber Dolmalık (kg),69.95,1.056,73.87
FIS_2135,15.05.2026,09:46,Su 0.5 LT,5.0,3.0,15.0
FIS_2136,15.05.2026,07:55,Elma (kg),34.5,0.372,12.83
FIS_2137,15.05.2026,14:46,Ekmek,14.0,5.0,70.0
FIS_2138,15.05.2026,13:37,Makarna 500g,22.5,5.0,112.5
FIS_2138,15.05.2026,13:37,Bebe Şampuanı,149.9,2.0,299.8
FIS_2138,15.05.2026,13:37,Plastik Poşet,1.0,3.0,3.0
FIS_2139,15.05.2026,19:47,Elma (kg),34.5,0.467,16.11
FIS_2139,15.05.2026,19:47,Biber Çarliston (kg),32.95,0.971,31.99
FIS_2139,15.05.2026,19:47,Biber Dolmalık (kg),69.95,0.386,27.0
FIS_2139,15.05.2026,19:47,Deodorant,199.9,1.0,199.9
FIS_2140,14.05.2026,19:30,Makarna 500g,22.5,5.0,112.5
FIS_2140,14.05.2026,19:30,Elma (kg),34.5,1.113,38.4
FIS_2140,14.05.2026,19:30,Yüz Temizleme,79.99,3.0,239.97
FIS_2140,14.05.2026,19:30,Biber Çarliston (kg),32.95,0.674,22.21
FIS_2142,15.05.2026,07:15,Bebe Şampuanı,149.9,5.0,749.5
FIS_2143,14.05.2026,14:26,Biber Çarliston (kg),32.95,1.265,41.68
FIS_2143,14.05.2026,14:26,Şampuan,120.0,5.0,600.0
FIS_2144,14.05.2026,13:55,Deodorant,199.9,5.0,999.5
FIS_2146,15.05.2026,10:53,Şampuan,85.0,4.0,340.0
FIS_2146,15.05.2026,10:53,Plastik Poşet,1.0,2.0,2.0
FIS_2147,15.05.2026,10:16,Limon Taze (kg),119.95,1.712,205.35
FIS_2148,14.05.2026,08:05,Şampuan,85.0,2.0,170.0
FIS_2148,14.05.2026,08:05,Kil Maskesi,297.9,5.0,1489.5
FIS_2148,14.05.2026,08:05,Limon Taze (kg),119.95,0.306,36.7
FIS_2148,14.05.2026,08:05,Cola 2.5 LT,55.0,4.0,220.0
FIS_2149,15.05.2026,07:16,Deodorant,199.9,1.0,199.9
FIS_2149,15.05.2026,07:16,Plastik Poşet,1.0,2.0,2.0
FIS_2150,15.05.2026,21:40,Şampuan,120.0,1.0,120.0
FIS_2150,15.05.2026,21:40,Kek,59.0,3.0,177.0
FIS_2150,15.05.2026,21:40,Makarna 500g,22.5,5.0,112.5
FIS_2151,15.05.2026,22:21,Kek,59.0,4.0,236.0
FIS_2151,15.05.2026,22:21,Deodorant,199.9,5.0,999.5
FIS_2152,14.05.2026,10:07,Yüz Temizleme,79.99,4.0,319.96
FIS_2152,14.05.2026,10:07,Şampuan,85.0,4.0,340.0
FIS_2153,14.05.2026,19:59,Limon Taze (kg),119.95,0.651,78.09
FIS_2153,14.05.2026,19:59,Biber Çarliston (kg),32.95,1.852,61.02
FIS_2154,14.05.2026,10:51,Ekmek,14.0,4.0,56.0
FIS_2154,14.05.2026,10:51,Kek,59.0,4.0,236.0
FIS_2155,15.05.2026,10:29,Deodorant,199.9,4.0,799.6
FIS_2155,15.05.2026,10:29,Ekmek,14.0,5.0,70.0
FIS_2155,15.05.2026,10:29,Domates (kg),29.9,0.865,25.86
FIS_2156,14.05.2026,17:54,Elma (kg),34.5,1.731,59.72
FIS_2156,14.05.2026,17:54,Kil Maskesi,297.9,4.0,1191.6
FIS_2157,14.05.2026,14:29,Şampuan,85.0,5.0,425.0
FIS_2158,14.05.2026,09:55,Deodorant,199.9,2.0,399.8
FIS_2159,15.05.2026,16:30,Deodorant,199.9,2.0,399.8
FIS_2159,15.05.2026,16:30,Domates (kg),29.9,1.979,59.17
FIS_2159,15.05.2026,16:30,Makarna 500g,22.5,3.0,67.5
FIS_2159,15.05.2026,16:30,Yüz Temizleme,79.99,1.0,79.99
FIS_2160,14.05.2026,11:19,Su 0.5 LT,5.0,3.0,15.0
FIS_2161,15.05.2026,19:00,Ekmek,14.0,2.0,28.0
FIS_2162,14.05.2026,16:45,Bebe Şampuanı,149.9,4.0,599.6
FIS_2162,14.05.2026,16:45,Ekmek,14.0,3.0,42.0
FIS_2162,14.05.2026,16:45,Deodorant,199.9,1.0,199.9
FIS_2163,14.05.2026,12:07,Su 0.5 LT,5.0,1.0,5.0
FIS_2164,15.05.2026,14:40,Ekmek,14.0,1.0,14.0
FIS_2164,15.05.2026,14:40,Bebe Şampuanı,149.9,1.0,149.9
FIS_2165,15.05.2026,17:47,Domates (kg),29.9,1.762,52.68
FIS_2165,15.05.2026,17:47,Biber Dolmalık (kg),69.95,1.337,93.52
FIS_2165,15.05.2026,17:47,Deodorant,199.9,1.0,199.9
FIS_2165,15.05.2026,17:47,Elma (kg),34.5,0.227,7.83
FIS_2166,15.05.2026,10:52,Deodorant,199.9,5.0,999.5
FIS_2166,15.05.2026,10:52,Limon Taze (kg),119.95,1.535,184.12
FIS_2166,15.05.2026,10:52,Cola 2.5 LT,55.0,1.0,55.0
FIS_2167,14.05.2026,07:10,Deodorant,199.9,3.0,599.7
FIS_2167,14.05.2026,07:10,Şampuan,120.0,1.0,120.0
FIS_2168,14.05.2026,08:43,Deodorant,199.9,5.0,999.5
FIS_2169,14.05.2026,14:17,Biber Dolmalık (kg),69.95,0.224,15.67
FIS_2169,14.05.2026,14:17,Şampuan,120.0,1.0,120.0
FIS_2169,14.05.2026,14:17,Domates (kg),29.9,0.621,18.57
FIS_2170,15.05.2026,19:51,Biber Çarliston (kg),32.95,1.647,54.27
FIS_2170,15.05.2026,19:51,Makarna 500g,22.5,5.0,112.5
FIS_2170,15.05.2026,19:51,Kek,59.0,1.0,59.0
FIS_2171,14.05.2026,11:04,Şampuan,120.0,5.0,600.0
FIS_2172,14.05.2026,09:06,Deodorant,199.9,5.0,999.5
FIS_2172,14.05.2026,09:06,Şampuan,85.0,1.0,85.0
FIS_2173,14.05.2026,08:39,Plastik Poşet,1.0,1.0,1.0
FIS_2173,14.05.2026,08:39,Ekmek,14.0,2.0,28.0
FIS_2174,14.05.2026,12:58,Su 0.5 LT,5.0,3.0,15.0
FIS_2175,14.05.2026,10:59,Kil Maskesi,297.9,2.0,595.8
FIS_2176,15.05.2026,12:51,Domates (kg),29.9,1.575,47.09
FIS_2176,15.05.2026,12:51,Cola 1 LT,45.0,5.0,225.0
FIS_2176,15.05.2026,12:51,Kil Maskesi,297.9,3.0,893.7
FIS_2177,15.05.2026,19:09,Biber Dolmalık (kg),69.95,1.292,90.38
FIS_2177,15.05.2026,19:09,Kil Maskesi,297.9,1.0,297.9
FIS_2177,15.05.2026,19:09,Ekmek,14.0,1.0,14.0
FIS_2178,14.05.2026,20:01,Cola 1 LT,45.0,3.0,135.0
FIS_2179,15.05.2026,20:49,Deodorant,199.9,2.0,399.8
FIS_2179,15.05.2026,20:49,Bebe Şampuanı,149.9,1.0,149.9
FIS_2179,15.05.2026,20:49,Su 0.5 LT,5.0,2.0,10.0
FIS_2179,15.05.2026,20:49,Kek,59.0,5.0,295.0
FIS_2180,14.05.2026,10:24,Kek,59.0,1.0,59.0
FIS_2181,15.05.2026,14:41,Deodorant,199.9,3.0,599.7
FIS_2182,15.05.2026,16:59,Bebe Şampuanı,149.9,4.0,599.6
FIS_2182,15.05.2026,16:59,Makarna 500g,22.5,1.0,22.5
FIS_2182,15.05.2026,16:59,Ekmek,14.0,4.0,56.0
FIS_2182,15.05.2026,16:59,Yüz Temizleme,79.99,5.0,399.95
FIS_2183,15.05.2026,12:35,Yüz Temizleme,79.99,2.0,159.98
FIS_2183,15.05.2026,12:35,Su 0.5 LT,5.0,2.0,10.0
FIS_2184,15.05.2026,17:59,Elma (kg),34.5,0.985,33.98
FIS_2184,15.05.2026,17:59,Cola 2.5 LT,55.0,3.0,165.0
FIS_2185,14.05.2026,09:27,Şampuan,85.0,1.0,85.0
FIS_2185,14.05.2026,09:27,Biber Dolmalık (kg),69.95,0.423,29.59
FIS_2186,15.05.2026,21:12,Plastik Poşet,1.0,1.0,1.0
FIS_2186,15.05.2026,21:12,Yüz Temizleme,79.99,4.0,319.96
FIS_2187,14.05.2026,19:54,Biber Dolmalık (kg),69.95,1.838,128.57
FIS_2188,15.05.2026,08:02,Limon Taze (kg),119.95,0.77,92.36
FIS_2188,15.05.2026,08:02,Şampuan,85.0,4.0,340.0
FIS_2189,14.05.2026,08:59,Makarna 500g,22.5,4.0,90.0
FIS_2189,14.05.2026,08:59,Cola 1 LT,45.0,1.0,45.0
FIS_2190,14.05.2026,09:35,Plastik Poşet,1.0,5.0,5.0
FIS_2191,15.05.2026,20:00,Makarna 500g,22.5,2.0,45.0
FIS_2191,15.05.2026,20:00,Su 0.5 LT,5.0,4.0,20.0
FIS_2191,15.05.2026,20:00,Domates (kg),29.9,0.209,6.25
FIS_2191,15.05.2026,20:00,Bebe Şampuanı,149.9,5.0,749.5
FIS_2192,15.05.2026,16:53,Deodorant,199.9,5.0,999.5
FIS_2193,14.05.2026,19:52,Cola 1 LT,45.0,5.0,225.0
FIS_2194,14.05.2026,14:19,Şampuan,120.0,3.0,360.0
FIS_2194,14.05.2026,14:19,Kek,59.0,1.0,59.0
FIS_2194,14.05.2026,14:19,Yüz Temizleme,79.99,3.0,239.97
FIS_2195,15.05.2026,15:56,Elma (kg),34.5,0.918,31.67
FIS_2196,15.05.2026,22:44,Ekmek,14.0,2.0,28.0
FIS_2197,14.05.2026,19:15,Yüz Temizleme,79.99,4.0,319.96
FIS_2198,15.05.2026,16:23,Cola 1 LT,45.0,3.0,135.0
FIS_2198,15.05.2026,16:23,Biber Dolmalık (kg),69.95,1.41,98.63
FIS_2198,15.05.2026,16:23,Su 0.5 LT,5.0,4.0,20.0
FIS_2199,15.05.2026,22:14,Domates (kg),29.9,1.322,39.53
FIS_2199,15.05.2026,22:14,Makarna 500g,22.5,2.0,45.0
FIS_2199,15.05.2026,22:14,Limon Taze (kg),119.95,0.668,80.13
FIS_2200,14.05.2026,10:55,Elma (kg),34.5,1.635,56.41
FIS_2200,14.05.2026,10:55,Bebe Şampuanı,149.9,5.0,749.5
FIS_2200,14.05.2026,10:55,Biber Dolmalık (kg),69.95,1.577,110.31
FIS_2201,14.05.2026,12:34,Yüz Temizleme,79.99,2.0,159.98
FIS_2201,14.05.2026,12:34,Cola 1 LT,45.0,5.0,225.0
FIS_2202,15.05.2026,15:17,Deodorant,199.9,5.0,999.5
FIS_2203,14.05.2026,08:03,Bebe Şampuanı,149.9,3.0,449.7
FIS_2203,14.05.2026,08:03,Makarna 500g,22.5,2.0,45.0
FIS_2203,14.05.2026,08:03,Biber Çarliston (kg),32.95,0.921,30.35
FIS_2204,14.05.2026,08:13,Ekmek,14.0,5.0,70.0
FIS_2204,14.05.2026,08:13,Deodorant,199.9,2.0,399.8
FIS_2204,14.05.2026,08:13,Cola 2.5 LT,55.0,5.0,275.0
FIS_2205,14.05.2026,11:46,Limon Taze (kg),119.95,0.797,95.6
FIS_2206,14.05.2026,12:39,Elma (kg),34.5,0.595,20.53
FIS_2207,14.05.2026,07:47,Limon Taze (kg),119.95,0.743,89.12
FIS_2208,14.05.2026,20:48,Biber Dolmalık (kg),69.95,0.257,17.98
FIS_2208,14.05.2026,20:48,Domates (kg),29.9,0.316,9.45
FIS_2209,14.05.2026,07:29,Deodorant,199.9,4.0,799.6
FIS_2210,15.05.2026,19:16,Deodorant,199.9,4.0,799.6
FIS_2210,15.05.2026,19:16,Elma (kg),34.5,0.791,27.29
FIS_2210,15.05.2026,19:16,Şampuan,85.0,4.0,340.0
FIS_2210,15.05.2026,19:16,Kil Maskesi,297.9,3.0,893.7
FIS_2211,14.05.2026,08:32,Kek,59.0,3.0,177.0
FIS_2211,14.05.2026,08:32,Biber Çarliston (kg),32.95,0.201,6.62
FIS_2213,15.05.2026,22:57,Domates (kg),29.9,0.566,16.92
FIS_2213,15.05.2026,22:57,Yüz Temizleme,79.99,2.0,159.98
FIS_2214,14.05.2026,15:18,Biber Çarliston (kg),32.95,1.886,62.14
FIS_2214,14.05.2026,15:18,Limon Taze (kg),119.95,0.575,68.97
FIS_2215,15.05.2026,13:22,Ekmek,14.0,2.0,28.0
FIS_2215,15.05.2026,13:22,Şampuan,120.0,1.0,120.0
FIS_2216,15.05.2026,11:10,Yüz Temizleme,79.99,1.0,79.99
FIS_2217,15.05.2026,19:40,Domates (kg),29.9,0.789,23.59
FIS_2217,15.05.2026,19:40,Cola 2.5 LT,55.0,5.0,275.0
FIS_2217,15.05.2026,19:40,Biber Çarliston (kg),32.95,1.51,49.75
FIS_2218,15.05.2026,19:06,Plastik Poşet,1.0,5.0,5.0
FIS_2219,15.05.2026,08:18,Biber Dolmalık (kg),69.95,0.845,59.11
FIS_2219,15.05.2026,08:18,Limon Taze (kg),119.95,1.954,234.38
FIS_2219,15.05.2026,08:18,Kek,59.0,4.0,236.0
FIS_2220,15.05.2026,22:50,Cola 2.5 LT,55.0,2.0,110.0
FIS_2221,14.05.2026,20:18,Plastik Poşet,1.0,4.0,4.0
FIS_2222,14.05.2026,20:15,Domates (kg),29.9,1.159,34.65
FIS_2222,14.05.2026,20:15,Makarna 500g,22.5,2.0,45.0
FIS_2222,14.05.2026,20:15,Limon Taze (kg),119.95,0.564,67.65
FIS_2223,15.05.2026,09:50,Cola 2.5 LT,55.0,4.0,220.0
FIS_2223,15.05.2026,09:50,Su 0.5 LT,5.0,1.0,5.0
FIS_2224,15.05.2026,12:43,Elma (kg),34.5,1.806,62.31
FIS_2224,15.05.2026,12:43,Cola 1 LT,45.0,3.0,135.0
FIS_2224,15.05.2026,12:43,Kek,59.0,4.0,236.0
FIS_2225,14.05.2026,15:40,Makarna 500g,22.5,2.0,45.0
FIS_2225,14.05.2026,15:40,Biber Çarliston (kg),32.95,1.43,47.12
FIS_2225,14.05.2026,15:40,Cola 1 LT,45.0,4.0,180.0
FIS_2227,14.05.2026,15:10,Ekmek,14.0,1.0,14.0
FIS_2228,15.05.2026,07:09,Kil Maskesi,297.9,5.0,1489.5
FIS_2229,15.05.2026,07:39,Deodorant,199.9,3.0,599.7
FIS_2230,14.05.2026,09:17,Şampuan,85.0,4.0,340.0
FIS_2231,14.05.2026,20:52,Domates (kg),29.9,0.114,3.41
FIS_2232,14.05.2026,15:59,Elma (kg),34.5,0.995,34.33
FIS_2233,14.05.2026,10:54,Makarna 500g,22.5,3.0,67.5
FIS_2233,14.05.2026,10:54,Kek,59.0,3.0,177.0
FIS_2234,14.05.2026,13:16,Biber Dolmalık (kg),69.95,0.106,7.41
FIS_2234,14.05.2026,13:16,Deodorant,199.9,4.0,799.6
FIS_2235,14.05.2026,09:04,Yüz Temizleme,79.99,5.0,399.95
FIS_2236,15.05.2026,19:31,Biber Çarliston (kg),32.95,0.82,27.02
FIS_2237,14.05.2026,10:49,Cola 1 LT,45.0,3.0,135.0
FIS_2237,14.05.2026,10:49,Cola 2.5 LT,55.0,1.0,55.0
FIS_2237,14.05.2026,10:49,Yüz Temizleme,79.99,1.0,79.99
FIS_2237,14.05.2026,10:49,Plastik Poşet,1.0,2.0,2.0
FIS_2238,14.05.2026,10:00,Su 0.5 LT,5.0,3.0,15.0
FIS_2238,14.05.2026,10:00,Cola 1 LT,45.0,5.0,225.0
FIS_2238,14.05.2026,10:00,Şampuan,120.0,5.0,600.0
FIS_2239,15.05.2026,10:23,Ekmek,14.0,4.0,56.0
FIS_2239,15.05.2026,10:23,Yüz Temizleme,79.99,3.0,239.97
FIS_2239,15.05.2026,10:23,Elma (kg),34.5,0.345,11.9
FIS_2240,15.05.2026,10:47,Ekmek,14.0,3.0,42.0
FIS_2241,14.05.2026,09:07,Biber Dolmalık (kg),69.95,1.231,86.11
FIS_2241,14.05.2026,09:07,Bebe Şampuanı,149.9,1.0,149.9
FIS_2241,14.05.2026,09:07,Şampuan,85.0,1.0,85.0
FIS_2242,15.05.2026,11:56,Şampuan,85.0,1.0,85.0
FIS_2243,14.05.2026,17:56,Deodorant,199.9,1.0,199.9
FIS_2244,14.05.2026,10:06,Elma (kg),34.5,1.271,43.85
FIS_2244,14.05.2026,10:06,Kek,59.0,1.0,59.0
FIS_2245,14.05.2026,07:43,Biber Çarliston (kg),32.95,1.328,43.76
FIS_2245,14.05.2026,07:43,Şampuan,120.0,1.0,120.0
FIS_2246,15.05.2026,10:01,Elma (kg),34.5,1.04,35.88
FIS_2246,15.05.2026,10:01,Biber Dolmalık (kg),69.95,1.46,102.13
FIS_2246,15.05.2026,10:01,Biber Çarliston (kg),32.95,1.858,61.22
FIS_2247,14.05.2026,18:36,Su 0.5 LT,5.0,4.0,20.0
FIS_2248,14.05.2026,10:01,Makarna 500g,22.5,1.0,22.5
FIS_2248,14.05.2026,10:01,Biber Çarliston (kg),32.95,1.114,36.71
FIS_2248,14.05.2026,10:01,Kil Maskesi,297.9,2.0,595.8
FIS_2249,14.05.2026,11:14,Yüz Temizleme,79.99,4.0,319.96
FIS_2250,15.05.2026,14:05,Kek,59.0,1.0,59.0
FIS_2250,15.05.2026,14:05,Su 0.5 LT,5.0,1.0,5.0
FIS_2250,15.05.2026,14:05,Domates (kg),29.9,1.758,52.56
FIS_2251,14.05.2026,19:36,Limon Taze (kg),119.95,1.526,183.04
FIS_2252,15.05.2026,12:21,Plastik Poşet,1.0,3.0,3.0
FIS_2253,14.05.2026,10:06,Bebe Şampuanı,149.9,3.0,449.7
FIS_2253,14.05.2026,10:06,Biber Çarliston (kg),32.95,0.894,29.46
FIS_2253,14.05.2026,10:06,Kek,59.0,5.0,295.0
FIS_2254,15.05.2026,15:07,Kek,59.0,3.0,177.0
FIS_2255,14.05.2026,14:40,Deodorant,199.9,1.0,199.9
FIS_2255,14.05.2026,14:40,Şampuan,85.0,2.0,170.0
FIS_2255,14.05.2026,14:40,Kil Maskesi,297.9,1.0,297.9
FIS_2256,15.05.2026,12:46,Cola 2.5 LT,55.0,4.0,220.0
FIS_2256,15.05.2026,12:46,Elma (kg),34.5,1.771,61.1
FIS_2256,15.05.2026,12:46,Ekmek,14.0,2.0,28.0
FIS_2257,14.05.2026,18:41,Makarna 500g,22.5,1.0,22.5
FIS_2257,14.05.2026,18:41,Su 0.5 LT,5.0,5.0,25.0
FIS_2257,14.05.2026,18:41,Limon Taze (kg),119.95,1.007,120.79
FIS_2258,14.05.2026,22:40,Domates (kg),29.9,1.477,44.16
FIS_2259,14.05.2026,14:17,Şampuan,85.0,3.0,255.0
FIS_2259,14.05.2026,14:17,Su 0.5 LT,5.0,3.0,15.0
FIS_2259,14.05.2026,14:17,Biber Dolmalık (kg),69.95,1.751,122.48
FIS_2260,15.05.2026,14:11,Kil Maskesi,297.9,3.0,893.7
FIS_2260,15.05.2026,14:11,Cola 1 LT,45.0,1.0,45.0
FIS_2261,15.05.2026,19:26,Domates (kg),29.9,0.355,10.61
FIS_2261,15.05.2026,19:26,Şampuan,85.0,5.0,425.0
FIS_2261,15.05.2026,19:26,Cola 1 LT,45.0,3.0,135.0
FIS_2262,15.05.2026,09:48,Biber Çarliston (kg),32.95,1.074,35.39
FIS_2263,15.05.2026,09:43,Yüz Temizleme,79.99,4.0,319.96
FIS_2264,15.05.2026,15:30,Su 0.5 LT,5.0,4.0,20.0
FIS_2265,15.05.2026,10:32,Limon Taze (kg),119.95,1.239,148.62
FIS_2266,15.05.2026,11:03,Ekmek,14.0,1.0,14.0
FIS_2267,15.05.2026,15:12,Biber Çarliston (kg),32.95,0.616,20.3
FIS_2269,14.05.2026,07:20,Kek,59.0,5.0,295.0
FIS_2269,14.05.2026,07:20,Makarna 500g,22.5,5.0,112.5
FIS_2269,14.05.2026,07:20,Şampuan,120.0,5.0,600.0
FIS_2270,15.05.2026,08:24,Biber Çarliston (kg),32.95,1.053,34.7
FIS_2271,14.05.2026,11:55,Su 0.5 LT,5.0,2.0,10.0
FIS_2271,14.05.2026,11:55,Biber Dolmalık (kg),69.95,0.969,67.78
FIS_2271,14.05.2026,11:55,Ekmek,14.0,5.0,70.0
FIS_2272,15.05.2026,16:35,Deodorant,199.9,4.0,799.6
FIS_2272,15.05.2026,16:35,Yüz Temizleme,79.99,3.0,239.97
FIS_2273,15.05.2026,18:53,Kil Maskesi,297.9,3.0,893.7
FIS_2273,15.05.2026,18:53,Domates (kg),29.9,0.536,16.03
FIS_2273,15.05.2026,18:53,Yüz Temizleme,79.99,1.0,79.99
FIS_2274,15.05.2026,09:47,Bebe Şampuanı,149.9,5.0,749.5
FIS_2274,15.05.2026,09:47,Ekmek,14.0,1.0,14.0
FIS_2274,15.05.2026,09:47,Yüz Temizleme,79.99,4.0,319.96
FIS_2275,15.05.2026,08:00,Cola 1 LT,45.0,1.0,45.0
FIS_2275,15.05.2026,08:00,Biber Çarliston (kg),32.95,0.68,22.41
FIS_2276,14.05.2026,19:54,Biber Dolmalık (kg),69.95,0.763,53.37
FIS_2276,14.05.2026,19:54,Cola 2.5 LT,55.0,2.0,110.0
FIS_2276,14.05.2026,19:54,Şampuan,120.0,5.0,600.0
FIS_2277,14.05.2026,09:50,Plastik Poşet,1.0,2.0,2.0
FIS_2277,14.05.2026,09:50,Ekmek,14.0,2.0,28.0
FIS_2278,15.05.2026,22:05,Biber Dolmalık (kg),69.95,1.054,73.73
FIS_2278,15.05.2026,22:05,Makarna 500g,22.5,3.0,67.5
FIS_2278,15.05.2026,22:05,Kek,59.0,2.0,118.0
FIS_2278,15.05.2026,22:05,Limon Taze (kg),119.95,1.826,219.03
FIS_2279,15.05.2026,16:20,Elma (kg),34.5,0.126,4.35
FIS_2281,14.05.2026,17:12,Şampuan,85.0,3.0,255.0
FIS_2281,14.05.2026,17:12,Cola 2.5 LT,55.0,1.0,55.0
FIS_2282,15.05.2026,15:13,Limon Taze (kg),119.95,0.503,60.33
FIS_2283,14.05.2026,09:54,Plastik Poşet,1.0,4.0,4.0
FIS_2283,14.05.2026,09:54,Domates (kg),29.9,1.719,51.4
FIS_2284,14.05.2026,20:31,Limon Taze (kg),119.95,0.221,26.51
FIS_2285,14.05.2026,16:39,Kek,59.0,4.0,236.0
FIS_2285,14.05.2026,16:39,Elma (kg),34.5,1.563,53.92
FIS_2286,15.05.2026,10:35,Deodorant,199.9,1.0,199.9
FIS_2286,15.05.2026,10:35,Plastik Poşet,1.0,4.0,4.0
FIS_2286,15.05.2026,10:35,Biber Dolmalık (kg),69.95,0.345,24.13
FIS_2286,15.05.2026,10:35,Kil Maskesi,297.9,1.0,297.9
FIS_2287,14.05.2026,22:09,Ekmek,14.0,2.0,28.0
FIS_2287,14.05.2026,22:09,Cola 2.5 LT,55.0,3.0,165.0
FIS_2288,15.05.2026,14:36,Biber Çarliston (kg),32.95,0.795,26.2
FIS_2288,15.05.2026,14:36,Deodorant,199.9,1.0,199.9
FIS_2289,14.05.2026,10:17,Yüz Temizleme,79.99,4.0,319.96
FIS_2289,14.05.2026,10:17,Domates (kg),29.9,0.136,4.07
FIS_2290,15.05.2026,15:44,Ekmek,14.0,4.0,56.0
FIS_2290,15.05.2026,15:44,Cola 1 LT,45.0,4.0,180.0
FIS_2291,14.05.2026,11:39,Elma (kg),34.5,1.295,44.68
FIS_2292,14.05.2026,15:51,Şampuan,85.0,3.0,255.0
FIS_2292,14.05.2026,15:51,Su 0.5 LT,5.0,4.0,20.0
FIS_2292,14.05.2026,15:51,Biber Çarliston (kg),32.95,1.796,59.18
FIS_2292,14.05.2026,15:51,Domates (kg),29.9,1.814,54.24
FIS_2293,14.05.2026,11:17,Plastik Poşet,1.0,5.0,5.0
FIS_2293,14.05.2026,11:17,Ekmek,14.0,5.0,70.0
FIS_2293,14.05.2026,11:17,Elma (kg),34.5,1.862,64.24
FIS_2294,14.05.2026,11:10,Ekmek,14.0,1.0,14.0
FIS_2294,14.05.2026,11:10,Makarna 500g,22.5,5.0,112.5
FIS_2294,14.05.2026,11:10,Limon Taze (kg),119.95,0.43,51.58
FIS_2295,15.05.2026,17:31,Plastik Poşet,1.0,2.0,2.0
FIS_2295,15.05.2026,17:31,Domates (kg),29.9,0.526,15.73
FIS_2296,14.05.2026,17:36,Domates (kg),29.9,0.727,21.74
FIS_2297,15.05.2026,17:29,Cola 1 LT,45.0,3.0,135.0
FIS_2297,15.05.2026,17:29,Şampuan,120.0,4.0,480.0
FIS_2297,15.05.2026,17:29,Elma (kg),34.5,1.678,57.89
FIS_2298,14.05.2026,15:44,Şampuan,85.0,2.0,170.0
FIS_2298,14.05.2026,15:44,Cola 2.5 LT,55.0,3.0,165.0
FIS_2299,14.05.2026,19:29,Cola 1 LT,45.0,1.0,45.0
FIS_2300,15.05.2026,15:09,Ekmek,14.0,2.0,28.0
FIS_2301,15.05.2026,08:55,Plastik Poşet,1.0,2.0,2.0
FIS_2301,15.05.2026,08:55,Biber Çarliston (kg),32.95,1.388,45.73
FIS_2301,15.05.2026,08:55,Şampuan,85.0,3.0,255.0
FIS_2302,14.05.2026,13:49,Cola 1 LT,45.0,5.0,225.0
FIS_2302,14.05.2026,13:49,Su 0.5 LT,5.0,4.0,20.0
FIS_2303,15.05.2026,12:54,Kil Maskesi,297.9,2.0,595.8
FIS_2303,15.05.2026,12:54,Ekmek,14.0,4.0,56.0
FIS_2303,15.05.2026,12:54,Deodorant,199.9,4.0,799.6
FIS_2304,14.05.2026,18:59,Bebe Şampuanı,149.9,5.0,749.5
FIS_2304,14.05.2026,18:59,Cola 1 LT,45.0,2.0,90.0
FIS_2304,14.05.2026,18:59,Elma (kg),34.5,0.895,30.88
FIS_2305,14.05.2026,12:43,Şampuan,85.0,5.0,425.0
FIS_2305,14.05.2026,12:43,Elma (kg),34.5,0.168,5.8
FIS_2306,15.05.2026,07:05,Cola 1 LT,45.0,2.0,90.0
FIS_2306,15.05.2026,07:05,Şampuan,85.0,1.0,85.0
FIS_2307,15.05.2026,09:21,Deodorant,199.9,5.0,999.5
FIS_2308,15.05.2026,15:43,Cola 1 LT,45.0,2.0,90.0
FIS_2309,15.05.2026,07:57,Makarna 500g,22.5,3.0,67.5
FIS_2309,15.05.2026,07:57,Cola 2.5 LT,55.0,1.0,55.0
FIS_2309,15.05.2026,07:57,Su 0.5 LT,5.0,5.0,25.0
FIS_2309,15.05.2026,07:57,Elma (kg),34.5,1.328,45.82
FIS_2310,14.05.2026,11:27,Cola 1 LT,45.0,3.0,135.0
FIS_2311,15.05.2026,14:31,Kek,59.0,3.0,177.0
FIS_2312,14.05.2026,18:03,Biber Çarliston (kg),32.95,1.603,52.82
FIS_2312,14.05.2026,18:03,Ekmek,14.0,5.0,70.0
FIS_2312,14.05.2026,18:03,Su 0.5 LT,5.0,2.0,10.0
FIS_2313,14.05.2026,13:25,Kil Maskesi,297.9,4.0,1191.6
FIS_2313,14.05.2026,13:25,Su 0.5 LT,5.0,2.0,10.0
FIS_2314,14.05.2026,13:33,Şampuan,85.0,5.0,425.0
FIS_2314,14.05.2026,13:33,Biber Dolmalık (kg),69.95,1.968,137.66
FIS_2314,14.05.2026,13:33,Deodorant,199.9,4.0,799.6
FIS_2315,15.05.2026,07:56,Şampuan,85.0,4.0,340.0
FIS_2315,15.05.2026,07:56,Deodorant,199.9,2.0,399.8
FIS_2315,15.05.2026,07:56,Su 0.5 LT,5.0,2.0,10.0
FIS_2316,15.05.2026,13:53,Kek,59.0,2.0,118.0
FIS_2316,15.05.2026,13:53,Yüz Temizleme,79.99,5.0,399.95
FIS_2316,15.05.2026,13:53,Elma (kg),34.5,1.949,67.24
FIS_2316,15.05.2026,13:53,Bebe Şampuanı,149.9,2.0,299.8
FIS_2317,14.05.2026,21:24,Biber Dolmalık (kg),69.95,1.176,82.26
FIS_2317,14.05.2026,21:24,Cola 2.5 LT,55.0,3.0,165.0
FIS_2317,14.05.2026,21:24,Bebe Şampuanı,149.9,1.0,149.9
FIS_2318,15.05.2026,10:39,Cola 1 LT,45.0,4.0,180.0
FIS_2319,14.05.2026,18:04,Bebe Şampuanı,149.9,5.0,749.5
FIS_2320,15.05.2026,09:04,Biber Çarliston (kg),32.95,0.343,11.3
FIS_2320,15.05.2026,09:04,Yüz Temizleme,79.99,3.0,239.97
FIS_2321,14.05.2026,07:05,Biber Dolmalık (kg),69.95,1.093,76.46
FIS_2321,14.05.2026,07:05,Limon Taze (kg),119.95,0.512,61.41
FIS_2321,14.05.2026,07:05,Elma (kg),34.5,0.403,13.9
FIS_2322,15.05.2026,13:17,Limon Taze (kg),119.95,0.742,89.0
FIS_2323,15.05.2026,12:46,Kek,59.0,3.0,177.0
FIS_2323,15.05.2026,12:46,Yüz Temizleme,79.99,4.0,319.96
FIS_2323,15.05.2026,12:46,Makarna 500g,22.5,2.0,45.0
FIS_2323,15.05.2026,12:46,Cola 1 LT,45.0,3.0,135.0
FIS_2324,14.05.2026,16:11,Şampuan,85.0,1.0,85.0
FIS_2324,14.05.2026,16:11,Ekmek,14.0,2.0,28.0
FIS_2325,15.05.2026,10:00,Cola 1 LT,45.0,1.0,45.0
FIS_2325,15.05.2026,10:00,Makarna 500g,22.5,1.0,22.5
FIS_2325,15.05.2026,10:00,Deodorant,199.9,3.0,599.7
FIS_2326,15.05.2026,16:56,Plastik Poşet,1.0,4.0,4.0
FIS_2326,15.05.2026,16:56,Şampuan,120.0,4.0,480.0
FIS_2326,15.05.2026,16:56,Cola 1 LT,45.0,4.0,180.0
FIS_2328,15.05.2026,22:31,Plastik Poşet,1.0,3.0,3.0
FIS_2328,15.05.2026,22:31,Elma (kg),34.5,1.306,45.06
FIS_2328,15.05.2026,22:31,Makarna 500g,22.5,1.0,22.5
FIS_2329,14.05.2026,20:45,Şampuan,85.0,3.0,255.0
FIS_2329,14.05.2026,20:45,Deodorant,199.9,5.0,999.5
FIS_2330,15.05.2026,18:22,Yüz Temizleme,79.99,3.0,239.97
FIS_2330,15.05.2026,18:22,Bebe Şampuanı,149.9,1.0,149.9
FIS_2331,15.05.2026,22:36,Şampuan,85.0,1.0,85.0
FIS_2332,15.05.2026,08:04,Ekmek,14.0,4.0,56.0
FIS_2332,15.05.2026,08:04,Domates (kg),29.9,1.759,52.59
FIS_2332,15.05.2026,08:04,Makarna 500g,22.5,4.0,90.0
FIS_2333,15.05.2026,07:24,Cola 2.5 LT,55.0,4.0,220.0
FIS_2333,15.05.2026,07:24,Limon Taze (kg),119.95,1.467,175.97
FIS_2333,15.05.2026,07:24,Şampuan,85.0,3.0,255.0
FIS_2334,14.05.2026,19:04,Biber Dolmalık (kg),69.95,0.639,44.7
FIS_2335,14.05.2026,18:23,Domates (kg),29.9,0.867,25.92
FIS_2335,14.05.2026,18:23,Biber Dolmalık (kg),69.95,1.073,75.06
FIS_2335,14.05.2026,18:23,Bebe Şampuanı,149.9,1.0,149.9
FIS_2336,14.05.2026,07:40,Plastik Poşet,1.0,3.0,3.0
FIS_2336,14.05.2026,07:40,Biber Çarliston (kg),32.95,1.316,43.36
FIS_2337,15.05.2026,07:56,Deodorant,199.9,5.0,999.5
FIS_2338,14.05.2026,21:37,Limon Taze (kg),119.95,1.092,130.99
FIS_2338,14.05.2026,21:37,Şampuan,85.0,4.0,340.0
FIS_2338,14.05.2026,21:37,Makarna 500g,22.5,5.0,112.5
FIS_2339,14.05.2026,20:05,Şampuan,120.0,2.0,240.0
FIS_2339,14.05.2026,20:05,Limon Taze (kg),119.95,0.851,102.08
FIS_2339,14.05.2026,20:05,Cola 2.5 LT,55.0,4.0,220.0
FIS_2339,14.05.2026,20:05,Biber Dolmalık (kg),69.95,0.824,57.64
FIS_2340,15.05.2026,08:50,Şampuan,120.0,5.0,600.0
FIS_2340,15.05.2026,08:50,Plastik Poşet,1.0,3.0,3.0
FIS_2340,15.05.2026,08:50,Limon Taze (kg),119.95,1.53,183.52
FIS_2341,14.05.2026,18:34,Domates (kg),29.9,1.376,41.14
FIS_2341,14.05.2026,18:34,Makarna 500g,22.5,5.0,112.5
FIS_2341,14.05.2026,18:34,Plastik Poşet,1.0,2.0,2.0
FIS_2342,15.05.2026,13:46,Yüz Temizleme,79.99,3.0,239.97
FIS_2343,15.05.2026,07:56,Domates (kg),29.9,1.583,47.33
FIS_2344,15.05.2026,12:56,Su 0.5 LT,5.0,2.0,10.0
FIS_2344,15.05.2026,12:56,Bebe Şampuanı,149.9,1.0,149.9
FIS_2345,15.05.2026,21:40,Şampuan,120.0,3.0,360.0
FIS_2346,15.05.2026,13:25,Domates (kg),29.9,1.347,40.28
FIS_2346,15.05.2026,13:25,Şampuan,120.0,3.0,360.0
FIS_2346,15.05.2026,13:25,Bebe Şampuanı,149.9,4.0,599.6
FIS_2347,15.05.2026,21:28,Şampuan,120.0,4.0,480.0
FIS_2347,15.05.2026,21:28,Limon Taze (kg),119.95,1.125,134.94
FIS_2347,15.05.2026,21:28,Biber Dolmalık (kg),69.95,0.836,58.48
FIS_2348,15.05.2026,22:38,Makarna 500g,22.5,1.0,22.5
FIS_2348,15.05.2026,22:38,Kek,59.0,5.0,295.0
FIS_2349,15.05.2026,13:16,Su 0.5 LT,5.0,1.0,5.0
FIS_2349,15.05.2026,13:16,Elma (kg),34.5,1.349,46.54
FIS_2349,15.05.2026,13:16,Limon Taze (kg),119.95,0.133,15.95
FIS_2350,15.05.2026,17:47,Elma (kg),34.5,0.42,14.49
FIS_2350,15.05.2026,17:47,Deodorant,199.9,3.0,599.7
FIS_2350,15.05.2026,17:47,Domates (kg),29.9,1.602,47.9
FIS_2351,14.05.2026,12:28,Yüz Temizleme,79.99,5.0,399.95
FIS_2351,14.05.2026,12:28,Şampuan,120.0,1.0,120.0
FIS_2352,15.05.2026,20:11,Biber Dolmalık (kg),69.95,1.686,117.94
FIS_2352,15.05.2026,20:11,Plastik Poşet,1.0,5.0,5.0
FIS_2353,15.05.2026,14:33,Bebe Şampuanı,149.9,5.0,749.5
FIS_2353,15.05.2026,14:33,Domates (kg),29.9,0.127,3.8
FIS_2354,15.05.2026,15:33,Kil Maskesi,297.9,1.0,297.9
FIS_2354,15.05.2026,15:33,Kek,59.0,1.0,59.0
FIS_2354,15.05.2026,15:33,Bebe Şampuanı,149.9,3.0,449.7
FIS_2354,15.05.2026,15:33,Biber Çarliston (kg),32.95,1.728,56.94
FIS_2355,15.05.2026,13:39,Yüz Temizleme,79.99,1.0,79.99
FIS_2355,15.05.2026,13:39,Domates (kg),29.9,1.642,49.1
FIS_2355,15.05.2026,13:39,Deodorant,199.9,4.0,799.6
FIS_2356,15.05.2026,08:38,Biber Dolmalık (kg),69.95,1.25,87.44
FIS_2356,15.05.2026,08:38,Yüz Temizleme,79.99,5.0,399.95
FIS_2356,15.05.2026,08:38,Şampuan,120.0,2.0,240.0
FIS_2357,15.05.2026,16:52,Ekmek,14.0,2.0,28.0
FIS_2357,15.05.2026,16:52,Bebe Şampuanı,149.9,5.0,749.5
FIS_2358,14.05.2026,22:36,Şampuan,85.0,1.0,85.0
FIS_2358,14.05.2026,22:36,Limon Taze (kg),119.95,0.537,64.41
FIS_2359,15.05.2026,17:38,Deodorant,199.9,4.0,799.6
FIS_2359,15.05.2026,17:38,Biber Çarliston (kg),32.95,0.573,18.88
FIS_2360,15.05.2026,22:30,Cola 1 LT,45.0,5.0,225.0
FIS_2360,15.05.2026,22:30,Yüz Temizleme,79.99,1.0,79.99
FIS_2360,15.05.2026,22:30,Domates (kg),29.9,0.143,4.28
FIS_2361,15.05.2026,10:05,Makarna 500g,22.5,3.0,67.5
FIS_2362,14.05.2026,21:02,Elma (kg),34.5,1.505,51.92
FIS_2362,14.05.2026,21:02,Kil Maskesi,297.9,1.0,297.9
FIS_2362,14.05.2026,21:02,Plastik Poşet,1.0,1.0,1.0
FIS_2362,14.05.2026,21:02,Yüz Temizleme,79.99,3.0,239.97
FIS_2363,15.05.2026,11:25,Biber Çarliston (kg),32.95,0.912,30.05
FIS_2364,14.05.2026,14:45,Ekmek,14.0,4.0,56.0
FIS_2364,14.05.2026,14:45,Plastik Poşet,1.0,4.0,4.0
FIS_2365,14.05.2026,17:36,Makarna 500g,22.5,4.0,90.0
FIS_2365,14.05.2026,17:36,Biber Dolmalık (kg),69.95,1.938,135.56
FIS_2365,14.05.2026,17:36,Cola 2.5 LT,55.0,3.0,165.0
FIS_2366,15.05.2026,10:37,Bebe Şampuanı,149.9,2.0,299.8
FIS_2366,15.05.2026,10:37,Makarna 500g,22.5,3.0,67.5
FIS_2366,15.05.2026,10:37,Kil Maskesi,297.9,1.0,297.9
FIS_2366,15.05.2026,10:37,Biber Çarliston (kg),32.95,0.635,20.92
FIS_2367,15.05.2026,14:29,Kil Maskesi,297.9,5.0,1489.5
FIS_2367,15.05.2026,14:29,Şampuan,120.0,4.0,480.0
FIS_2367,15.05.2026,14:29,Yüz Temizleme,79.99,5.0,399.95
FIS_2368,14.05.2026,18:18,Kek,59.0,4.0,236.0
FIS_2368,14.05.2026,18:18,Ekmek,14.0,5.0,70.0
FIS_2369,15.05.2026,08:30,Cola 1 LT,45.0,1.0,45.0
FIS_2370,15.05.2026,17:56,Elma (kg),34.5,0.916,31.6
FIS_2370,15.05.2026,17:56,Su 0.5 LT,5.0,3.0,15.0
FIS_2371,15.05.2026,16:39,Cola 1 LT,45.0,3.0,135.0
FIS_2371,15.05.2026,16:39,Bebe Şampuanı,149.9,1.0,149.9
FIS_2371,15.05.2026,16:39,Biber Dolmalık (kg),69.95,0.359,25.11
FIS_2371,15.05.2026,16:39,Ekmek,14.0,2.0,28.0
FIS_2372,14.05.2026,08:21,Deodorant,199.9,4.0,799.6
FIS_2372,14.05.2026,08:21,Cola 2.5 LT,55.0,4.0,220.0
FIS_2373,14.05.2026,22:22,Makarna 500g,22.5,1.0,22.5
FIS_2373,14.05.2026,22:22,Kil Maskesi,297.9,4.0,1191.6
FIS_2373,14.05.2026,22:22,Cola 2.5 LT,55.0,1.0,55.0
FIS_2374,15.05.2026,07:53,Cola 1 LT,45.0,5.0,225.0
FIS_2375,14.05.2026,13:44,Kek,59.0,1.0,59.0
FIS_2375,14.05.2026,13:44,Cola 2.5 LT,55.0,1.0,55.0
FIS_2376,14.05.2026,07:59,Makarna 500g,22.5,1.0,22.5
FIS_2376,14.05.2026,07:59,Biber Dolmalık (kg),69.95,1.03,72.05
FIS_2377,14.05.2026,21:20,Limon Taze (kg),119.95,1.187,142.38
FIS_2377,14.05.2026,21:20,Biber Çarliston (kg),32.95,0.293,9.65
FIS_2378,15.05.2026,18:31,Kil Maskesi,297.9,4.0,1191.6
FIS_2378,15.05.2026,18:31,Bebe Şampuanı,149.9,4.0,599.6
FIS_2379,15.05.2026,13:13,Şampuan,85.0,2.0,170.0
FIS_2380,14.05.2026,15:35,Deodorant,199.9,3.0,599.7
FIS_2381,15.05.2026,22:32,Biber Dolmalık (kg),69.95,0.293,20.5
FIS_2381,15.05.2026,22:32,Domates (kg),29.9,1.705,50.98
FIS_2381,15.05.2026,22:32,Plastik Poşet,1.0,1.0,1.0
FIS_2382,15.05.2026,14:20,Domates (kg),29.9,1.187,35.49
FIS_2382,15.05.2026,14:20,Yüz Temizleme,79.99,2.0,159.98
FIS_2383,15.05.2026,15:10,Kil Maskesi,297.9,2.0,595.8
FIS_2383,15.05.2026,15:10,Domates (kg),29.9,0.734,21.95
FIS_2383,15.05.2026,15:10,Cola 2.5 LT,55.0,5.0,275.0
FIS_2383,15.05.2026,15:10,Plastik Poşet,1.0,5.0,5.0
FIS_2384,15.05.2026,18:38,Biber Çarliston (kg),32.95,0.27,8.9
FIS_2384,15.05.2026,18:38,Deodorant,199.9,3.0,599.7
FIS_2385,14.05.2026,14:41,Biber Dolmalık (kg),69.95,0.549,38.4
FIS_2386,15.05.2026,22:16,Kil Maskesi,297.9,1.0,297.9
FIS_2386,15.05.2026,22:16,Bebe Şampuanı,149.9,4.0,599.6
FIS_2387,15.05.2026,13:39,Şampuan,85.0,3.0,255.0
FIS_2387,15.05.2026,13:39,Kil Maskesi,297.9,3.0,893.7
FIS_2387,15.05.2026,13:39,Domates (kg),29.9,0.713,21.32
FIS_2388,14.05.2026,17:40,Elma (kg),34.5,1.894,65.34
FIS_2388,14.05.2026,17:40,Domates (kg),29.9,0.855,25.56
FIS_2389,15.05.2026,07:02,Cola 2.5 LT,55.0,1.0,55.0
FIS_2389,15.05.2026,07:02,Kil Maskesi,297.9,2.0,595.8
FIS_2389,15.05.2026,07:02,Cola 1 LT,45.0,1.0,45.0
FIS_2390,15.05.2026,07:26,Deodorant,199.9,2.0,399.8
FIS_2390,15.05.2026,07:26,Kil Maskesi,297.9,1.0,297.9
FIS_2390,15.05.2026,07:26,Elma (kg),34.5,0.196,6.76
FIS_2391,15.05.2026,18:50,Biber Dolmalık (kg),69.95,0.408,28.54
FIS_2391,15.05.2026,18:50,Yüz Temizleme,79.99,4.0,319.96
FIS_2391,15.05.2026,18:50,Su 0.5 LT,5.0,2.0,10.0
FIS_2392,15.05.2026,22:27,Domates (kg),29.9,1.933,57.8
FIS_2392,15.05.2026,22:27,Ekmek,14.0,1.0,14.0
FIS_2393,14.05.2026,12:16,Plastik Poşet,1.0,1.0,1.0
FIS_2393,14.05.2026,12:16,Elma (kg),34.5,1.355,46.75
FIS_2394,15.05.2026,09:50,Limon Taze (kg),119.95,1.201,144.06
FIS_2394,15.05.2026,09:50,Makarna 500g,22.5,4.0,90.0
FIS_2394,15.05.2026,09:50,Yüz Temizleme,79.99,1.0,79.99
FIS_2395,15.05.2026,18:31,Şampuan,120.0,4.0,480.0
FIS_2395,15.05.2026,18:31,Deodorant,199.9,5.0,999.5
FIS_2396,14.05.2026,12:48,Deodorant,199.9,1.0,199.9
FIS_2396,14.05.2026,12:48,Cola 2.5 LT,55.0,3.0,165.0
FIS_2397,14.05.2026,12:17,Yüz Temizleme,79.99,3.0,239.97
FIS_2397,14.05.2026,12:17,Biber Dolmalık (kg),69.95,1.288,90.1
FIS_2398,15.05.2026,10:22,Biber Dolmalık (kg),69.95,1.43,100.03
FIS_2398,15.05.2026,10:22,Ekmek,14.0,4.0,56.0
FIS_2399,15.05.2026,07:28,Deodorant,199.9,3.0,599.7
FIS_2400,14.05.2026,21:04,Domates (kg),29.9,0.803,24.01
FIS_2400,14.05.2026,21:04,Biber Çarliston (kg),32.95,0.926,30.51
FIS_2401,14.05.2026,20:01,Cola 1 LT,45.0,4.0,180.0
FIS_2402,14.05.2026,13:16,Kek,59.0,5.0,295.0
FIS_2402,14.05.2026,13:16,Kil Maskesi,297.9,2.0,595.8
FIS_2403,15.05.2026,11:14,Cola 1 LT,45.0,4.0,180.0
FIS_2404,15.05.2026,21:35,Su 0.5 LT,5.0,2.0,10.0
FIS_2405,14.05.2026,13:25,Kil Maskesi,297.9,4.0,1191.6
FIS_2405,14.05.2026,13:25,Su 0.5 LT,5.0,5.0,25.0
FIS_2405,14.05.2026,13:25,Biber Dolmalık (kg),69.95,1.114,77.92
FIS_2406,15.05.2026,09:01,Ekmek,14.0,4.0,56.0
FIS_2406,15.05.2026,09:01,Şampuan,120.0,2.0,240.0
FIS_2406,15.05.2026,09:01,Makarna 500g,22.5,5.0,112.5
FIS_2407,15.05.2026,12:12,Şampuan,85.0,5.0,425.0
FIS_2407,15.05.2026,12:12,Makarna 500g,22.5,2.0,45.0
FIS_2408,15.05.2026,16:24,Kek,59.0,4.0,236.0
FIS_2408,15.05.2026,16:24,Su 0.5 LT,5.0,3.0,15.0
FIS_2408,15.05.2026,16:24,Şampuan,120.0,2.0,240.0
FIS_2408,15.05.2026,16:24,Kil Maskesi,297.9,3.0,893.7
FIS_2409,14.05.2026,21:57,Cola 2.5 LT,55.0,4.0,220.0
FIS_2409,14.05.2026,21:57,Şampuan,85.0,2.0,170.0
FIS_2410,15.05.2026,17:29,Plastik Poşet,1.0,2.0,2.0
FIS_2410,15.05.2026,17:29,Makarna 500g,22.5,5.0,112.5
FIS_2410,15.05.2026,17:29,Deodorant,199.9,5.0,999.5
FIS_2411,15.05.2026,19:32,Bebe Şampuanı,149.9,4.0,599.6
FIS_2412,14.05.2026,14:05,Deodorant,199.9,2.0,399.8
FIS_2412,14.05.2026,14:05,Bebe Şampuanı,149.9,2.0,299.8
FIS_2412,14.05.2026,14:05,Limon Taze (kg),119.95,1.043,125.11
FIS_2413,15.05.2026,20:48,Cola 1 LT,45.0,5.0,225.0
FIS_2413,15.05.2026,20:48,Biber Dolmalık (kg),69.95,0.153,10.7
FIS_2413,15.05.2026,20:48,Biber Çarliston (kg),32.95,1.687,55.59
FIS_2414,15.05.2026,10:15,Şampuan,120.0,1.0,120.0
FIS_2414,15.05.2026,10:15,Yüz Temizleme,79.99,4.0,319.96
FIS_2414,15.05.2026,10:15,Biber Çarliston (kg),32.95,1.046,34.47
FIS_2415,14.05.2026,14:48,Kil Maskesi,297.9,4.0,1191.6
FIS_2415,14.05.2026,14:48,Limon Taze (kg),119.95,0.108,12.95
FIS_2415,14.05.2026,14:48,Su 0.5 LT,5.0,2.0,10.0
FIS_2415,14.05.2026,14:48,Şampuan,85.0,5.0,425.0
FIS_2417,14.05.2026,08:34,Şampuan,85.0,4.0,340.0
FIS_2417,14.05.2026,08:34,Plastik Poşet,1.0,5.0,5.0
FIS_2417,14.05.2026,08:34,Biber Dolmalık (kg),69.95,1.805,126.26
FIS_2418,15.05.2026,13:13,Kil Maskesi,297.9,1.0,297.9
FIS_2419,15.05.2026,13:54,Domates (kg),29.9,1.566,46.82
FIS_2419,15.05.2026,13:54,Limon Taze (kg),119.95,0.807,96.8
FIS_2419,15.05.2026,13:54,Yüz Temizleme,79.99,4.0,319.96
FIS_2420,15.05.2026,08:12,Yüz Temizleme,79.99,5.0,399.95
FIS_2420,15.05.2026,08:12,Cola 1 LT,45.0,4.0,180.0
FIS_2421,15.05.2026,21:51,Kek,59.0,5.0,295.0
FIS_2421,15.05.2026,21:51,Biber Çarliston (kg),32.95,0.702,23.13
FIS_2421,15.05.2026,21:51,Limon Taze (kg),119.95,0.393,47.14
FIS_2421,15.05.2026,21:51,Kil Maskesi,297.9,2.0,595.8
FIS_2422,14.05.2026,11:09,Makarna 500g,22.5,2.0,45.0
FIS_2422,14.05.2026,11:09,Ekmek,14.0,1.0,14.0
FIS_2422,14.05.2026,11:09,Şampuan,120.0,5.0,600.0
FIS_2422,14.05.2026,11:09,Bebe Şampuanı,149.9,5.0,749.5
FIS_2423,14.05.2026,10:09,Şampuan,120.0,2.0,240.0
FIS_2424,14.05.2026,07:47,Cola 1 LT,45.0,4.0,180.0
FIS_2424,14.05.2026,07:47,Ekmek,14.0,1.0,14.0
FIS_2424,14.05.2026,07:47,Şampuan,85.0,3.0,255.0
FIS_2425,15.05.2026,21:27,Biber Dolmalık (kg),69.95,1.95,136.4
FIS_2425,15.05.2026,21:27,Plastik Poşet,1.0,1.0,1.0
FIS_2426,15.05.2026,11:47,Bebe Şampuanı,149.9,1.0,149.9
FIS_2426,15.05.2026,11:47,Limon Taze (kg),119.95,0.14,16.79
FIS_2426,15.05.2026,11:47,Şampuan,120.0,3.0,360.0
FIS_2426,15.05.2026,11:47,Domates (kg),29.9,0.271,8.1
FIS_2427,15.05.2026,12:19,Şampuan,120.0,2.0,240.0
FIS_2427,15.05.2026,12:19,Ekmek,14.0,2.0,28.0
FIS_2428,14.05.2026,18:05,Kil Maskesi,297.9,4.0,1191.6
FIS_2429,14.05.2026,19:22,Biber Çarliston (kg),32.95,0.69,22.74
FIS_2429,14.05.2026,19:22,Domates (kg),29.9,0.296,8.85
FIS_2430,14.05.2026,16:04,Elma (kg),34.5,1.177,40.61
FIS_2430,14.05.2026,16:04,Plastik Poşet,1.0,5.0,5.0
FIS_2430,14.05.2026,16:04,Bebe Şampuanı,149.9,4.0,599.6
FIS_2431,15.05.2026,14:20,Şampuan,120.0,2.0,240.0
FIS_2431,15.05.2026,14:20,Makarna 500g,22.5,2.0,45.0
FIS_2432,15.05.2026,15:22,Su 0.5 LT,5.0,4.0,20.0
FIS_2433,15.05.2026,11:25,Elma (kg),34.5,0.473,16.32
FIS_2434,14.05.2026,11:55,Makarna 500g,22.5,3.0,67.5
FIS_2434,14.05.2026,11:55,Şampuan,85.0,1.0,85.0
FIS_2434,14.05.2026,11:55,Su 0.5 LT,5.0,1.0,5.0
FIS_2435,15.05.2026,18:24,Kek,59.0,1.0,59.0
FIS_2435,15.05.2026,18:24,Kil Maskesi,297.9,1.0,297.9
FIS_2435,15.05.2026,18:24,Elma (kg),34.5,1.743,60.13
FIS_2435,15.05.2026,18:24,Plastik Poşet,1.0,1.0,1.0
FIS_2436,14.05.2026,18:43,Bebe Şampuanı,149.9,4.0,599.6
FIS_2437,15.05.2026,07:19,Cola 2.5 LT,55.0,5.0,275.0
FIS_2437,15.05.2026,07:19,Plastik Poşet,1.0,4.0,4.0
FIS_2437,15.05.2026,07:19,Deodorant,199.9,1.0,199.9
FIS_2438,15.05.2026,18:26,Makarna 500g,22.5,2.0,45.0
FIS_2439,14.05.2026,14:02,Elma (kg),34.5,1.689,58.27
FIS_2440,15.05.2026,20:22,Cola 2.5 LT,55.0,1.0,55.0
FIS_2441,14.05.2026,16:46,Şampuan,85.0,3.0,255.0
FIS_2441,14.05.2026,16:46,Cola 1 LT,45.0,4.0,180.0
FIS_2441,14.05.2026,16:46,Makarna 500g,22.5,1.0,22.5
FIS_2443,15.05.2026,21:47,Ekmek,14.0,1.0,14.0
FIS_2443,15.05.2026,21:47,Makarna 500g,22.5,2.0,45.0
FIS_2443,15.05.2026,21:47,Deodorant,199.9,1.0,199.9
FIS_2443,15.05.2026,21:47,Plastik Poşet,1.0,4.0,4.0
FIS_2444,14.05.2026,14:51,Kil Maskesi,297.9,4.0,1191.6
FIS_2444,14.05.2026,14:51,Domates (kg),29.9,1.437,42.97
FIS_2445,15.05.2026,10:56,Domates (kg),29.9,0.647,19.35
FIS_2446,15.05.2026,17:09,Şampuan,120.0,1.0,120.0
FIS_2446,15.05.2026,17:09,Ekmek,14.0,2.0,28.0
FIS_2446,15.05.2026,17:09,Yüz Temizleme,79.99,4.0,319.96
FIS_2447,15.05.2026,09:24,Domates (kg),29.9,0.895,26.76
FIS_2449,14.05.2026,11:18,Deodorant,199.9,4.0,799.6
FIS_2450,15.05.2026,12:07,Yüz Temizleme,79.99,1.0,79.99
FIS_2450,15.05.2026,12:07,Kil Maskesi,297.9,5.0,1489.5
FIS_2450,15.05.2026,12:07,Biber Dolmalık (kg),69.95,0.224,15.67
FIS_2451,14.05.2026,16:47,Şampuan,85.0,5.0,425.0
FIS_2451,14.05.2026,16:47,Yüz Temizleme,79.99,4.0,319.96
FIS_2451,14.05.2026,16:47,Biber Dolmalık (kg),69.95,0.977,68.34
FIS_2452,15.05.2026,13:51,Cola 2.5 LT,55.0,5.0,275.0
FIS_2452,15.05.2026,13:51,Limon Taze (kg),119.95,1.333,159.89
FIS_2452,15.05.2026,13:51,Deodorant,199.9,4.0,799.6
FIS_2453,14.05.2026,10:21,Biber Dolmalık (kg),69.95,0.392,27.42
FIS_2454,14.05.2026,08:24,Elma (kg),34.5,1.405,48.47
FIS_2454,14.05.2026,08:24,Bebe Şampuanı,149.9,4.0,599.6
FIS_2455,15.05.2026,22:53,Şampuan,85.0,5.0,425.0
FIS_2456,14.05.2026,08:29,Bebe Şampuanı,149.9,5.0,749.5
FIS_2457,15.05.2026,10:31,Cola 2.5 LT,55.0,4.0,220.0
FIS_2457,15.05.2026,10:31,Ekmek,14.0,3.0,42.0
FIS_2457,15.05.2026,10:31,Elma (kg),34.5,0.19,6.55
FIS_2458,14.05.2026,12:47,Makarna 500g,22.5,2.0,45.0
FIS_2459,14.05.2026,08:53,Şampuan,120.0,2.0,240.0
FIS_2459,14.05.2026,08:53,Deodorant,199.9,2.0,399.8
FIS_2460,15.05.2026,18:08,Kil Maskesi,297.9,2.0,595.8
FIS_2460,15.05.2026,18:08,Elma (kg),34.5,1.411,48.68
FIS_2460,15.05.2026,18:08,Cola 1 LT,45.0,1.0,45.0
FIS_2461,15.05.2026,09:33,Biber Çarliston (kg),32.95,1.211,39.9
FIS_2461,15.05.2026,09:33,Deodorant,199.9,5.0,999.5
FIS_2462,14.05.2026,22:08,Cola 2.5 LT,55.0,4.0,220.0
FIS_2462,14.05.2026,22:08,Biber Çarliston (kg),32.95,1.888,62.21
FIS_2462,14.05.2026,22:08,Biber Dolmalık (kg),69.95,1.832,128.15
FIS_2462,14.05.2026,22:08,Şampuan,120.0,3.0,360.0
FIS_2463,15.05.2026,16:41,Kil Maskesi,297.9,3.0,893.7
FIS_2463,15.05.2026,16:41,Şampuan,85.0,2.0,170.0
FIS_2465,15.05.2026,08:06,Domates (kg),29.9,0.301,9.0
FIS_2465,15.05.2026,08:06,Cola 1 LT,45.0,4.0,180.0
FIS_2466,15.05.2026,16:42,Limon Taze (kg),119.95,1.715,205.71
FIS_2467,15.05.2026,21:53,Bebe Şampuanı,149.9,5.0,749.5
FIS_2467,15.05.2026,21:53,Deodorant,199.9,1.0,199.9
FIS_2468,15.05.2026,22:52,Cola 1 LT,45.0,4.0,180.0
FIS_2468,15.05.2026,22:52,Deodorant,199.9,4.0,799.6
FIS_2468,15.05.2026,22:52,Biber Çarliston (kg),32.95,0.491,16.18
FIS_2469,15.05.2026,11:23,Kil Maskesi,297.9,3.0,893.7
FIS_2470,15.05.2026,07:15,Kil Maskesi,297.9,1.0,297.9
FIS_2471,14.05.2026,16:11,Deodorant,199.9,5.0,999.5
FIS_2471,14.05.2026,16:11,Limon Taze (kg),119.95,1.553,186.28
FIS_2471,14.05.2026,16:11,Domates (kg),29.9,1.435,42.91
FIS_2472,14.05.2026,21:32,Biber Dolmalık (kg),69.95,0.564,39.45
FIS_2473,15.05.2026,21:01,Biber Çarliston (kg),32.95,1.269,41.81
FIS_2473,15.05.2026,21:01,Şampuan,85.0,4.0,340.0
FIS_2473,15.05.2026,21:01,Limon Taze (kg),119.95,0.192,23.03
FIS_2474,15.05.2026,19:20,Biber Çarliston (kg),32.95,0.163,5.37
FIS_2475,15.05.2026,11:41,Cola 2.5 LT,55.0,3.0,165.0
FIS_2476,15.05.2026,16:29,Cola 1 LT,45.0,1.0,45.0
FIS_2476,15.05.2026,16:29,Limon Taze (kg),119.95,1.972,236.54
FIS_2476,15.05.2026,16:29,Cola 2.5 LT,55.0,2.0,110.0
FIS_2477,15.05.2026,16:31,Limon Taze (kg),119.95,1.097,131.59
FIS_2478,15.05.2026,12:36,Kil Maskesi,297.9,3.0,893.7
FIS_2478,15.05.2026,12:36,Domates (kg),29.9,0.857,25.62
FIS_2478,15.05.2026,12:36,Biber Çarliston (kg),32.95,1.269,41.81
FIS_2479,15.05.2026,18:02,Plastik Poşet,1.0,5.0,5.0
FIS_2479,15.05.2026,18:02,Makarna 500g,22.5,3.0,67.5
FIS_2480,15.05.2026,12:50,Yüz Temizleme,79.99,1.0,79.99
FIS_2480,15.05.2026,12:50,Kek,59.0,3.0,177.0
FIS_2480,15.05.2026,12:50,Elma (kg),34.5,1.08,37.26
FIS_2481,14.05.2026,21:46,Deodorant,199.9,1.0,199.9
FIS_2481,14.05.2026,21:46,Limon Taze (kg),119.95,1.351,162.05
FIS_2482,15.05.2026,20:23,Deodorant,199.9,1.0,199.9
FIS_2482,15.05.2026,20:23,Şampuan,85.0,1.0,85.0
FIS_2483,15.05.2026,15:54,Cola 2.5 LT,55.0,4.0,220.0
FIS_2484,14.05.2026,13:08,Elma (kg),34.5,0.252,8.69
FIS_2485,15.05.2026,19:56,Şampuan,120.0,2.0,240.0
FIS_2485,15.05.2026,19:56,Yüz Temizleme,79.99,2.0,159.98
FIS_2485,15.05.2026,19:56,Şampuan,85.0,2.0,170.0
FIS_2485,15.05.2026,19:56,Biber Dolmalık (kg),69.95,0.218,15.25
FIS_2486,14.05.2026,13:15,Biber Dolmalık (kg),69.95,1.751,122.48
FIS_2487,14.05.2026,10:48,Elma (kg),34.5,0.113,3.9
FIS_2487,14.05.2026,10:48,Limon Taze (kg),119.95,0.77,92.36
FIS_2487,14.05.2026,10:48,Cola 2.5 LT,55.0,3.0,165.0
FIS_2487,14.05.2026,10:48,Yüz Temizleme,79.99,2.0,159.98
FIS_2488,15.05.2026,18:41,Kek,59.0,3.0,177.0
FIS_2488,15.05.2026,18:41,Elma (kg),34.5,1.327,45.78
FIS_2488,15.05.2026,18:41,Şampuan,85.0,2.0,170.0
FIS_2489,14.05.2026,11:49,Kil Maskesi,297.9,4.0,1191.6
FIS_2490,15.05.2026,17:48,Biber Dolmalık (kg),69.95,1.683,117.73
FIS_2491,15.05.2026,15:01,Su 0.5 LT,5.0,4.0,20.0
FIS_2492,15.05.2026,17:19,Su 0.5 LT,5.0,3.0,15.0
FIS_2492,15.05.2026,17:19,Kil Maskesi,297.9,4.0,1191.6
FIS_2493,14.05.2026,09:55,Biber Çarliston (kg),32.95,1.745,57.5
FIS_2493,14.05.2026,09:55,Şampuan,120.0,1.0,120.0
FIS_2494,15.05.2026,21:25,Bebe Şampuanı,149.9,2.0,299.8
FIS_2494,15.05.2026,21:25,Kek,59.0,1.0,59.0
FIS_2495,14.05.2026,13:57,Kek,59.0,4.0,236.0
FIS_2496,15.05.2026,15:56,Bebe Şampuanı,149.9,1.0,149.9
FIS_2497,14.05.2026,15:07,Domates (kg),29.9,1.473,44.04
FIS_2497,14.05.2026,15:07,Biber Çarliston (kg),32.95,1.748,57.6
FIS_2498,14.05.2026,07:17,Yüz Temizleme,79.99,4.0,319.96
FIS_2498,14.05.2026,07:17,Kil Maskesi,297.9,3.0,893.7
FIS_2499,14.05.2026,16:45,Yüz Temizleme,79.99,1.0,79.99
FIS_2499,14.05.2026,16:45,Ekmek,14.0,2.0,28.0
FIS_2499,14.05.2026,16:45,Cola 1 LT,45.0,5.0,225.0
FIS_2500,15.05.2026,18:48,Su 0.5 LT,5.0,4.0,20.0
FIS_2501,14.05.2026,10:38,Cola 2.5 LT,55.0,5.0,275.0
FIS_2501,14.05.2026,10:38,Makarna 500g,22.5,4.0,90.0
FIS_2501,14.05.2026,10:38,Yüz Temizleme,79.99,4.0,319.96
FIS_2502,15.05.2026,15:46,Kil Maskesi,297.9,2.0,595.8
FIS_2502,15.05.2026,15:46,Cola 1 LT,45.0,1.0,45.0
FIS_2502,15.05.2026,15:46,Su 0.5 LT,5.0,5.0,25.0
FIS_2503,14.05.2026,15:06,Şampuan,120.0,3.0,360.0
FIS_2503,14.05.2026,15:06,Biber Dolmalık (kg),69.95,0.7,48.96
FIS_2503,14.05.2026,15:06,Su 0.5 LT,5.0,3.0,15.0
FIS_2504,14.05.2026,16:00,Plastik Poşet,1.0,2.0,2.0
FIS_2504,14.05.2026,16:00,Domates (kg),29.9,1.544,46.17
FIS_2505,14.05.2026,19:56,Kil Maskesi,297.9,1.0,297.9
FIS_2505,14.05.2026,19:56,Yüz Temizleme,79.99,5.0,399.95
FIS_2505,14.05.2026,19:56,Şampuan,120.0,5.0,600.0
FIS_2505,14.05.2026,19:56,Ekmek,14.0,2.0,28.0
FIS_2506,15.05.2026,15:44,Cola 1 LT,45.0,5.0,225.0
FIS_2506,15.05.2026,15:44,Plastik Poşet,1.0,1.0,1.0
FIS_2506,15.05.2026,15:44,Biber Çarliston (kg),32.95,0.362,11.93
FIS_2508,14.05.2026,15:44,Şampuan,120.0,2.0,240.0
FIS_2508,14.05.2026,15:44,Biber Çarliston (kg),32.95,1.871,61.65
FIS_2509,14.05.2026,12:43,Yüz Temizleme,79.99,2.0,159.98
FIS_2509,14.05.2026,12:43,Bebe Şampuanı,149.9,2.0,299.8
FIS_2509,14.05.2026,12:43,Su 0.5 LT,5.0,2.0,10.0
FIS_2510,14.05.2026,22:56,Domates (kg),29.9,1.957,58.51
FIS_2510,14.05.2026,22:56,Deodorant,199.9,5.0,999.5
FIS_2511,15.05.2026,10:18,Ekmek,14.0,4.0,56.0
FIS_2511,15.05.2026,10:18,Bebe Şampuanı,149.9,4.0,599.6
FIS_2512,15.05.2026,19:49,Makarna 500g,22.5,1.0,22.5
FIS_2512,15.05.2026,19:49,Biber Dolmalık (kg),69.95,1.513,105.83
FIS_2513,14.05.2026,08:05,Deodorant,199.9,2.0,399.8
FIS_2513,14.05.2026,08:05,Şampuan,120.0,1.0,120.0
FIS_2513,14.05.2026,08:05,Limon Taze (kg),119.95,1.065,127.75
FIS_2513,14.05.2026,08:05,Ekmek,14.0,2.0,28.0
FIS_2514,14.05.2026,19:39,Bebe Şampuanı,149.9,2.0,299.8
FIS_2515,15.05.2026,09:08,Kek,59.0,1.0,59.0
FIS_2515,15.05.2026,09:08,Bebe Şampuanı,149.9,3.0,449.7
FIS_2515,15.05.2026,09:08,Kil Maskesi,297.9,5.0,1489.5
FIS_2515,15.05.2026,09:08,Su 0.5 LT,5.0,4.0,20.0
FIS_2516,14.05.2026,07:52,Biber Çarliston (kg),32.95,0.761,25.07
FIS_2517,14.05.2026,12:11,Elma (kg),34.5,1.171,40.4
FIS_2518,14.05.2026,12:25,Ekmek,14.0,3.0,42.0
FIS_2518,14.05.2026,12:25,Kil Maskesi,297.9,5.0,1489.5
FIS_2520,14.05.2026,13:13,Deodorant,199.9,5.0,999.5
FIS_2520,14.05.2026,13:13,Bebe Şampuanı,149.9,1.0,149.9
FIS_2521,14.05.2026,14:45,Bebe Şampuanı,149.9,4.0,599.6
FIS_2522,14.05.2026,14:54,Kek,59.0,2.0,118.0
FIS_2523,14.05.2026,12:04,Plastik Poşet,1.0,4.0,4.0
FIS_2523,14.05.2026,12:04,Deodorant,199.9,1.0,199.9
FIS_2524,15.05.2026,18:08,Cola 1 LT,45.0,5.0,225.0
FIS_2525,15.05.2026,14:17,Cola 1 LT,45.0,4.0,180.0
FIS_2525,15.05.2026,14:17,Şampuan,85.0,1.0,85.0
FIS_2525,15.05.2026,14:17,Cola 2.5 LT,55.0,2.0,110.0
FIS_2525,15.05.2026,14:17,Kil Maskesi,297.9,5.0,1489.5
FIS_2526,14.05.2026,11:40,Plastik Poşet,1.0,4.0,4.0
FIS_2526,14.05.2026,11:40,Ekmek,14.0,1.0,14.0
FIS_2527,15.05.2026,09:09,Cola 2.5 LT,55.0,5.0,275.0
FIS_2527,15.05.2026,09:09,Kil Maskesi,297.9,4.0,1191.6
FIS_2528,14.05.2026,16:32,Makarna 500g,22.5,3.0,67.5
FIS_2528,14.05.2026,16:32,Limon Taze (kg),119.95,0.206,24.71
FIS_2528,14.05.2026,16:32,Deodorant,199.9,4.0,799.6
FIS_2530,14.05.2026,13:50,Biber Çarliston (kg),32.95,0.193,6.36
FIS_2530,14.05.2026,13:50,Plastik Poşet,1.0,3.0,3.0
FIS_2531,14.05.2026,11:01,Deodorant,199.9,2.0,399.8
FIS_2531,14.05.2026,11:01,Makarna 500g,22.5,4.0,90.0
FIS_2531,14.05.2026,11:01,Cola 1 LT,45.0,1.0,45.0
FIS_2532,14.05.2026,12:58,Elma (kg),34.5,1.865,64.34
FIS_2532,14.05.2026,12:58,Plastik Poşet,1.0,5.0,5.0
FIS_2532,14.05.2026,12:58,Biber Çarliston (kg),32.95,0.292,9.62
FIS_2532,14.05.2026,12:58,Ekmek,14.0,2.0,28.0
FIS_2533,15.05.2026,15:41,Plastik Poşet,1.0,3.0,3.0
FIS_2533,15.05.2026,15:41,Biber Çarliston (kg),32.95,1.567,51.63
FIS_2534,15.05.2026,18:51,Ekmek,14.0,4.0,56.0
FIS_2534,15.05.2026,18:51,Domates (kg),29.9,1.248,37.32
FIS_2534,15.05.2026,18:51,Makarna 500g,22.5,1.0,22.5
FIS_2534,15.05.2026,18:51,Yüz Temizleme,79.99,4.0,319.96
FIS_2535,14.05.2026,09:24,Cola 2.5 LT,55.0,5.0,275.0
FIS_2537,15.05.2026,15:26,Deodorant,199.9,5.0,999.5
FIS_2537,15.05.2026,15:26,Makarna 500g,22.5,4.0,90.0
FIS_2537,15.05.2026,15:26,Şampuan,85.0,2.0,170.0
FIS_2538,14.05.2026,12:01,Cola 2.5 LT,55.0,5.0,275.0
FIS_2538,14.05.2026,12:01,Cola 1 LT,45.0,4.0,180.0
FIS_2538,14.05.2026,12:01,Yüz Temizleme,79.99,1.0,79.99
FIS_2539,15.05.2026,19:01,Limon Taze (kg),119.95,1.207,144.78
FIS_2540,15.05.2026,21:54,Cola 1 LT,45.0,4.0,180.0
FIS_2540,15.05.2026,21:54,Su 0.5 LT,5.0,4.0,20.0
FIS_2541,15.05.2026,07:27,Cola 2.5 LT,55.0,1.0,55.0
FIS_2541,15.05.2026,07:27,Domates (kg),29.9,0.839,25.09
FIS_2541,15.05.2026,07:27,Yüz Temizleme,79.99,4.0,319.96
FIS_2542,15.05.2026,15:09,Plastik Poşet,1.0,1.0,1.0
FIS_2543,15.05.2026,21:04,Domates (kg),29.9,1.02,30.5
FIS_2544,15.05.2026,18:39,Şampuan,120.0,3.0,360.0
FIS_2544,15.05.2026,18:39,Biber Çarliston (kg),32.95,0.808,26.62
FIS_2545,15.05.2026,22:48,Elma (kg),34.5,1.852,63.89
FIS_2545,15.05.2026,22:48,Yüz Temizleme,79.99,4.0,319.96
FIS_2546,15.05.2026,11:51,Şampuan,120.0,5.0,600.0
FIS_2546,15.05.2026,11:51,Kil Maskesi,297.9,1.0,297.9
FIS_2546,15.05.2026,11:51,Şampuan,85.0,5.0,425.0
FIS_2547,14.05.2026,19:42,Su 0.5 LT,5.0,4.0,20.0
FIS_2547,14.05.2026,19:42,Biber Çarliston (kg),32.95,1.949,64.22
FIS_2548,14.05.2026,10:34,Limon Taze (kg),119.95,0.894,107.24
FIS_2548,14.05.2026,10:34,Plastik Poşet,1.0,3.0,3.0
FIS_2548,14.05.2026,10:34,Şampuan,120.0,4.0,480.0
FIS_2549,15.05.2026,17:43,Domates (kg),29.9,1.781,53.25
FIS_2549,15.05.2026,17:43,Su 0.5 LT,5.0,5.0,25.0
FIS_2549,15.05.2026,17:43,Kil Maskesi,297.9,4.0,1191.6
FIS_2550,14.05.2026,09:22,Limon Taze (kg),119.95,1.325,158.93
FIS_2550,14.05.2026,09:22,Plastik Poşet,1.0,1.0,1.0
FIS_2552,14.05.2026,12:22,Elma (kg),34.5,1.744,60.17
FIS_2553,15.05.2026,14:08,Cola 2.5 LT,55.0,5.0,275.0
FIS_2553,15.05.2026,14:08,Biber Dolmalık (kg),69.95,0.669,46.8
FIS_2554,14.05.2026,11:42,Cola 1 LT,45.0,2.0,90.0
FIS_2554,14.05.2026,11:42,Biber Çarliston (kg),32.95,1.123,37.0
FIS_2554,14.05.2026,11:42,Deodorant,199.9,1.0,199.9
FIS_2555,15.05.2026,19:02,Kil Maskesi,297.9,3.0,893.7
FIS_2555,15.05.2026,19:02,Domates (kg),29.9,1.694,50.65
FIS_2555,15.05.2026,19:02,Plastik Poşet,1.0,5.0,5.0
FIS_2556,15.05.2026,19:40,Domates (kg),29.9,1.961,58.63
FIS_2557,14.05.2026,12:08,Domates (kg),29.9,0.876,26.19
FIS_2557,14.05.2026,12:08,Plastik Poşet,1.0,2.0,2.0
FIS_2558,15.05.2026,11:08,Biber Dolmalık (kg),69.95,1.929,134.93
FIS_2558,15.05.2026,11:08,Domates (kg),29.9,0.422,12.62
FIS_2558,15.05.2026,11:08,Şampuan,85.0,3.0,255.0
FIS_2558,15.05.2026,11:08,Cola 2.5 LT,55.0,1.0,55.0
FIS_2559,14.05.2026,07:44,Biber Çarliston (kg),32.95,1.063,35.03
FIS_2559,14.05.2026,07:44,Bebe Şampuanı,149.9,4.0,599.6
FIS_2559,14.05.2026,07:44,Kil Maskesi,297.9,2.0,595.8
FIS_2560,14.05.2026,16:03,Makarna 500g,22.5,4.0,90.0
FIS_2560,14.05.2026,16:03,Plastik Poşet,1.0,2.0,2.0
FIS_2560,14.05.2026,16:03,Kek,59.0,2.0,118.0
FIS_2560,14.05.2026,16:03,Kil Maskesi,297.9,4.0,1191.6
FIS_2561,15.05.2026,18:11,Cola 2.5 LT,55.0,1.0,55.0
FIS_2561,15.05.2026,18:11,Biber Dolmalık (kg),69.95,0.586,40.99
FIS_2562,15.05.2026,15:41,Kil Maskesi,297.9,3.0,893.7
FIS_2562,15.05.2026,15:41,Limon Taze (kg),119.95,0.137,16.43
FIS_2563,15.05.2026,21:50,Limon Taze (kg),119.95,0.629,75.45
FIS_2563,15.05.2026,21:50,Şampuan,85.0,2.0,170.0
FIS_2564,15.05.2026,17:24,Şampuan,85.0,5.0,425.0
FIS_2564,15.05.2026,17:24,Şampuan,120.0,2.0,240.0
FIS_2564,15.05.2026,17:24,Kek,59.0,4.0,236.0
FIS_2565,15.05.2026,12:06,Cola 2.5 LT,55.0,1.0,55.0
FIS_2566,15.05.2026,09:40,Limon Taze (kg),119.95,0.671,80.49
FIS_2566,15.05.2026,09:40,Kek,59.0,3.0,177.0
FIS_2566,15.05.2026,09:40,Domates (kg),29.9,1.193,35.67
FIS_2566,15.05.2026,09:40,Cola 1 LT,45.0,1.0,45.0
FIS_2567,14.05.2026,20:47,Kil Maskesi,297.9,2.0,595.8
FIS_2567,14.05.2026,20:47,Cola 1 LT,45.0,4.0,180.0
FIS_2568,14.05.2026,18:04,Şampuan,120.0,1.0,120.0
FIS_2569,14.05.2026,08:06,Şampuan,85.0,3.0,255.0
FIS_2570,15.05.2026,19:43,Domates (kg),29.9,1.119,33.46
FIS_2570,15.05.2026,19:43,Su 0.5 LT,5.0,4.0,20.0
FIS_2570,15.05.2026,19:43,Ekmek,14.0,5.0,70.0
FIS_2571,15.05.2026,19:16,Ekmek,14.0,3.0,42.0
FIS_2571,15.05.2026,19:16,Biber Çarliston (kg),32.95,0.642,21.15
FIS_2571,15.05.2026,19:16,Yüz Temizleme,79.99,4.0,319.96
FIS_2571,15.05.2026,19:16,Elma (kg),34.5,0.68,23.46
FIS_2572,14.05.2026,21:57,Kil Maskesi,297.9,3.0,893.7
FIS_2572,14.05.2026,21:57,Elma (kg),34.5,1.342,46.3
FIS_2572,14.05.2026,21:57,Cola 1 LT,45.0,5.0,225.0
FIS_2573,14.05.2026,20:57,Su 0.5 LT,5.0,5.0,25.0
FIS_2574,15.05.2026,16:45,Domates (kg),29.9,1.584,47.36
FIS_2574,15.05.2026,16:45,Plastik Poşet,1.0,5.0,5.0
FIS_2575,15.05.2026,10:11,Bebe Şampuanı,149.9,3.0,449.7
FIS_2575,15.05.2026,10:11,Elma (kg),34.5,1.572,54.23
FIS_2576,15.05.2026,18:06,Kek,59.0,1.0,59.0
FIS_2576,15.05.2026,18:06,Bebe Şampuanı,149.9,4.0,599.6
FIS_2576,15.05.2026,18:06,Şampuan,120.0,3.0,360.0
FIS_2576,15.05.2026,18:06,Biber Çarliston (kg),32.95,1.515,49.92
FIS_2577,15.05.2026,19:48,Bebe Şampuanı,149.9,4.0,599.6
FIS_2578,14.05.2026,08:58,Ekmek,14.0,2.0,28.0
FIS_2578,14.05.2026,08:58,Domates (kg),29.9,1.277,38.18
FIS_2578,14.05.2026,08:58,Cola 1 LT,45.0,3.0,135.0
FIS_2579,15.05.2026,09:16,Elma (kg),34.5,1.047,36.12
FIS_2580,15.05.2026,11:15,Ekmek,14.0,1.0,14.0
FIS_2581,15.05.2026,15:40,Ekmek,14.0,5.0,70.0
FIS_2581,15.05.2026,15:40,Şampuan,120.0,1.0,120.0
FIS_2582,14.05.2026,21:36,Elma (kg),34.5,1.067,36.81
FIS_2582,14.05.2026,21:36,Cola 2.5 LT,55.0,3.0,165.0
FIS_2582,14.05.2026,21:36,Domates (kg),29.9,1.568,46.88
FIS_2583,15.05.2026,22:00,Elma (kg),34.5,1.614,55.68
FIS_2583,15.05.2026,22:00,Kil Maskesi,297.9,2.0,595.8
FIS_2583,15.05.2026,22:00,Şampuan,85.0,3.0,255.0
FIS_2584,15.05.2026,13:24,Limon Taze (kg),119.95,0.157,18.83
FIS_2585,14.05.2026,18:49,Şampuan,120.0,2.0,240.0
FIS_2586,15.05.2026,09:33,Şampuan,85.0,4.0,340.0
FIS_2586,15.05.2026,09:33,Deodorant,199.9,4.0,799.6
FIS_2586,15.05.2026,09:33,Biber Dolmalık (kg),69.95,1.669,116.75
FIS_2586,15.05.2026,09:33,Ekmek,14.0,4.0,56.0
FIS_2587,15.05.2026,07:07,Yüz Temizleme,79.99,4.0,319.96
FIS_2588,14.05.2026,15:40,Domates (kg),29.9,0.101,3.02
FIS_2588,14.05.2026,15:40,Limon Taze (kg),119.95,0.138,16.55
FIS_2589,15.05.2026,08:13,Kek,59.0,3.0,177.0
FIS_2589,15.05.2026,08:13,Şampuan,120.0,3.0,360.0
FIS_2589,15.05.2026,08:13,Domates (kg),29.9,0.729,21.8
FIS_2590,14.05.2026,15:40,Yüz Temizleme,79.99,3.0,239.97
FIS_2591,15.05.2026,13:03,Şampuan,120.0,1.0,120.0
FIS_2591,15.05.2026,13:03,Kil Maskesi,297.9,3.0,893.7
FIS_2592,15.05.2026,13:31,Yüz Temizleme,79.99,4.0,319.96
FIS_2593,14.05.2026,12:36,Plastik Poşet,1.0,2.0,2.0
FIS_2594,14.05.2026,14:10,Şampuan,120.0,2.0,240.0
FIS_2594,14.05.2026,14:10,Su 0.5 LT,5.0,5.0,25.0
FIS_2595,14.05.2026,17:42,Cola 2.5 LT,55.0,2.0,110.0
FIS_2595,14.05.2026,17:42,Kek,59.0,4.0,236.0
FIS_2595,14.05.2026,17:42,Şampuan,85.0,2.0,170.0
FIS_2596,14.05.2026,15:43,Şampuan,120.0,5.0,600.0
FIS_2596,14.05.2026,15:43,Kek,59.0,5.0,295.0
FIS_2596,14.05.2026,15:43,Cola 2.5 LT,55.0,1.0,55.0
FIS_2597,15.05.2026,21:06,Biber Çarliston (kg),32.95,0.104,3.43
FIS_2597,15.05.2026,21:06,Limon Taze (kg),119.95,0.793,95.12
FIS_2597,15.05.2026,21:06,Bebe Şampuanı,149.9,4.0,599.6
FIS_2598,15.05.2026,09:05,Kil Maskesi,297.9,2.0,595.8
FIS_2599,15.05.2026,10:03,Elma (kg),34.5,1.142,39.4
FIS_2599,15.05.2026,10:03,Domates (kg),29.9,1.039,31.07
FIS_2600,15.05.2026,20:03,Elma (kg),34.5,1.81,62.45
FIS_2600,15.05.2026,20:03,Deodorant,199.9,4.0,799.6
FIS_2600,15.05.2026,20:03,Su 0.5 LT,5.0,1.0,5.0
FIS_2601,15.05.2026,12:53,Elma (kg),34.5,1.1,37.95
FIS_2602,14.05.2026,07:31,Kil Maskesi,297.9,4.0,1191.6
FIS_2603,14.05.2026,10:09,Cola 1 LT,45.0,3.0,135.0
FIS_2603,14.05.2026,10:09,Biber Dolmalık (kg),69.95,1.602,112.06
FIS_2604,14.05.2026,10:19,Ekmek,14.0,4.0,56.0
FIS_2604,14.05.2026,10:19,Su 0.5 LT,5.0,5.0,25.0
FIS_2605,15.05.2026,17:02,Domates (kg),29.9,1.462,43.71
FIS_2605,15.05.2026,17:02,Plastik Poşet,1.0,4.0,4.0
FIS_2605,15.05.2026,17:02,Ekmek,14.0,2.0,28.0
FIS_2606,14.05.2026,15:18,Yüz Temizleme,79.99,5.0,399.95
FIS_2607,14.05.2026,18:31,Bebe Şampuanı,149.9,4.0,599.6
FIS_2608,14.05.2026,22:15,Şampuan,85.0,2.0,170.0
FIS_2608,14.05.2026,22:15,Cola 1 LT,45.0,5.0,225.0
FIS_2608,14.05.2026,22:15,Elma (kg),34.5,0.549,18.94
FIS_2608,14.05.2026,22:15,Ekmek,14.0,3.0,42.0
FIS_2609,15.05.2026,17:44,Makarna 500g,22.5,5.0,112.5
FIS_2609,15.05.2026,17:44,Bebe Şampuanı,149.9,2.0,299.8
FIS_2610,15.05.2026,15:04,Yüz Temizleme,79.99,1.0,79.99
FIS_2610,15.05.2026,15:04,Şampuan,120.0,2.0,240.0
FIS_2610,15.05.2026,15:04,Makarna 500g,22.5,4.0,90.0
FIS_2611,14.05.2026,09:31,Elma (kg),34.5,1.589,54.82
FIS_2611,14.05.2026,09:31,Kil Maskesi,297.9,1.0,297.9
FIS_2611,14.05.2026,09:31,Biber Çarliston (kg),32.95,1.33,43.82
FIS_2612,15.05.2026,14:27,Şampuan,120.0,4.0,480.0
FIS_2612,15.05.2026,14:27,Kil Maskesi,297.9,2.0,595.8
FIS_2612,15.05.2026,14:27,Deodorant,199.9,2.0,399.8
FIS_2612,15.05.2026,14:27,Su 0.5 LT,5.0,5.0,25.0
FIS_2613,15.05.2026,22:59,Şampuan,85.0,2.0,170.0
FIS_2614,14.05.2026,22:17,Şampuan,85.0,2.0,170.0
FIS_2614,14.05.2026,22:17,Cola 1 LT,45.0,4.0,180.0
FIS_2615,14.05.2026,13:09,Şampuan,85.0,1.0,85.0
FIS_2615,14.05.2026,13:09,Makarna 500g,22.5,1.0,22.5
FIS_2615,14.05.2026,13:09,Ekmek,14.0,1.0,14.0
FIS_2616,14.05.2026,15:23,Biber Dolmalık (kg),69.95,0.364,25.46
FIS_2616,14.05.2026,15:23,Domates (kg),29.9,0.897,26.82
FIS_2617,14.05.2026,18:42,Domates (kg),29.9,1.452,43.41
FIS_2617,14.05.2026,18:42,Biber Çarliston (kg),32.95,1.772,58.39
FIS_2618,15.05.2026,19:31,Limon Taze (kg),119.95,0.181,21.71
FIS_2618,15.05.2026,19:31,Yüz Temizleme,79.99,1.0,79.99
FIS_2618,15.05.2026,19:31,Şampuan,120.0,3.0,360.0
FIS_2619,15.05.2026,19:35,Cola 2.5 LT,55.0,1.0,55.0
FIS_2619,15.05.2026,19:35,Plastik Poşet,1.0,5.0,5.0
FIS_2619,15.05.2026,19:35,Ekmek,14.0,3.0,42.0
FIS_2619,15.05.2026,19:35,Biber Çarliston (kg),32.95,1.552,51.14
FIS_2620,15.05.2026,14:19,Limon Taze (kg),119.95,1.564,187.6
FIS_2620,15.05.2026,14:19,Ekmek,14.0,2.0,28.0
FIS_2620,15.05.2026,14:19,Şampuan,120.0,1.0,120.0
FIS_2621,14.05.2026,16:22,Şampuan,120.0,2.0,240.0
FIS_2621,14.05.2026,16:22,Plastik Poşet,1.0,5.0,5.0
FIS_2622,15.05.2026,13:10,Elma (kg),34.5,1.746,60.24
FIS_2622,15.05.2026,13:10,Bebe Şampuanı,149.9,4.0,599.6
FIS_2622,15.05.2026,13:10,Kek,59.0,2.0,118.0
FIS_2622,15.05.2026,13:10,Biber Dolmalık (kg),69.95,0.884,61.84
FIS_2623,14.05.2026,09:03,Yüz Temizleme,79.99,5.0,399.95
FIS_2624,14.05.2026,09:58,Makarna 500g,22.5,4.0,90.0
FIS_2625,14.05.2026,08:03,Kil Maskesi,297.9,2.0,595.8
FIS_2626,14.05.2026,18:50,Şampuan,85.0,2.0,170.0
FIS_2627,15.05.2026,15:36,Domates (kg),29.9,0.503,15.04
FIS_2627,15.05.2026,15:36,Ekmek,14.0,4.0,56.0
FIS_2628,14.05.2026,11:31,Ekmek,14.0,5.0,70.0
FIS_2629,15.05.2026,11:26,Kil Maskesi,297.9,4.0,1191.6
FIS_2629,15.05.2026,11:26,Kek,59.0,3.0,177.0
FIS_2630,14.05.2026,19:42,Plastik Poşet,1.0,2.0,2.0
FIS_2630,14.05.2026,19:42,Şampuan,120.0,1.0,120.0
FIS_2630,14.05.2026,19:42,Domates (kg),29.9,0.116,3.47
FIS_2630,14.05.2026,19:42,Deodorant,199.9,4.0,799.6
FIS_2631,14.05.2026,12:17,Bebe Şampuanı,149.9,1.0,149.9
FIS_2631,14.05.2026,12:17,Kek,59.0,2.0,118.0
FIS_2632,14.05.2026,19:52,Biber Dolmalık (kg),69.95,0.781,54.63
FIS_2633,14.05.2026,22:50,Şampuan,85.0,2.0,170.0
FIS_2634,14.05.2026,08:17,Kil Maskesi,297.9,1.0,297.9
FIS_2634,14.05.2026,08:17,Plastik Poşet,1.0,1.0,1.0
FIS_2635,14.05.2026,10:50,Biber Çarliston (kg),32.95,0.798,26.29
FIS_2635,14.05.2026,10:50,Cola 2.5 LT,55.0,5.0,275.0
FIS_2635,14.05.2026,10:50,Şampuan,85.0,2.0,170.0
FIS_2635,14.05.2026,10:50,Elma (kg),34.5,0.605,20.87
FIS_2636,14.05.2026,19:53,Domates (kg),29.9,0.321,9.6
FIS_2637,14.05.2026,11:19,Şampuan,120.0,5.0,600.0
FIS_2638,14.05.2026,09:11,Yüz Temizleme,79.99,1.0,79.99
FIS_2639,15.05.2026,12:03,Plastik Poşet,1.0,1.0,1.0
FIS_2640,14.05.2026,13:02,Kil Maskesi,297.9,3.0,893.7
FIS_2640,14.05.2026,13:02,Deodorant,199.9,3.0,599.7
FIS_2641,14.05.2026,22:57,Şampuan,85.0,1.0,85.0
FIS_2642,15.05.2026,22:57,Cola 2.5 LT,55.0,1.0,55.0
FIS_2643,14.05.2026,12:09,Domates (kg),29.9,0.304,9.09
FIS_2643,14.05.2026,12:09,Şampuan,85.0,3.0,255.0
FIS_2644,14.05.2026,18:01,Plastik Poşet,1.0,3.0,3.0
FIS_2644,14.05.2026,18:01,Bebe Şampuanı,149.9,3.0,449.7
FIS_2645,15.05.2026,11:51,Deodorant,199.9,1.0,199.9
FIS_2646,14.05.2026,19:30,Kek,59.0,4.0,236.0
FIS_2646,14.05.2026,19:30,Cola 1 LT,45.0,2.0,90.0
FIS_2647,14.05.2026,07:19,Su 0.5 LT,5.0,4.0,20.0
FIS_2648,14.05.2026,21:12,Su 0.5 LT,5.0,2.0,10.0
FIS_2648,14.05.2026,21:12,Şampuan,85.0,5.0,425.0
FIS_2649,15.05.2026,07:34,Deodorant,199.9,5.0,999.5
FIS_2650,14.05.2026,21:49,Şampuan,120.0,4.0,480.0
FIS_2650,14.05.2026,21:49,Biber Çarliston (kg),32.95,1.57,51.73
FIS_2650,14.05.2026,21:49,Deodorant,199.9,1.0,199.9
FIS_2650,14.05.2026,21:49,Kil Maskesi,297.9,1.0,297.9
FIS_2651,15.05.2026,22:23,Kil Maskesi,297.9,1.0,297.9
FIS_2651,15.05.2026,22:23,Plastik Poşet,1.0,4.0,4.0
FIS_2651,15.05.2026,22:23,Domates (kg),29.9,0.66,19.73
FIS_2652,15.05.2026,21:04,Domates (kg),29.9,1.015,30.35
FIS_2652,15.05.2026,21:04,Makarna 500g,22.5,1.0,22.5
FIS_2652,15.05.2026,21:04,Su 0.5 LT,5.0,2.0,10.0
FIS_2652,15.05.2026,21:04,Şampuan,120.0,4.0,480.0
FIS_2653,14.05.2026,09:24,Biber Dolmalık (kg),69.95,0.708,49.52
FIS_2654,14.05.2026,11:55,Kek,59.0,5.0,295.0
FIS_2654,14.05.2026,11:55,Plastik Poşet,1.0,5.0,5.0
FIS_2655,15.05.2026,14:20,Plastik Poşet,1.0,5.0,5.0
FIS_2656,15.05.2026,07:17,Yüz Temizleme,79.99,2.0,159.98
FIS_2656,15.05.2026,07:17,Kil Maskesi,297.9,3.0,893.7
FIS_2657,15.05.2026,16:07,Kil Maskesi,297.9,2.0,595.8
FIS_2657,15.05.2026,16:07,Kek,59.0,2.0,118.0
FIS_2658,15.05.2026,07:43,Bebe Şampuanı,149.9,5.0,749.5
FIS_2659,14.05.2026,22:17,Su 0.5 LT,5.0,3.0,15.0
FIS_2659,14.05.2026,22:17,Şampuan,120.0,1.0,120.0
FIS_2659,14.05.2026,22:17,Cola 2.5 LT,55.0,1.0,55.0
FIS_2660,24.11.2026,09:01,Diş Macunu,46.72,1.0,46.72
FIS_2660,24.11.2026,09:01,Bebe Şampuanı,149.9,1.0,149.9
FIS_2660,24.11.2026,09:01,Yüz Temizleme,79.99,1.0,79.99
FIS_2660,24.11.2026,09:01,Deodorant,199.9,3.0,599.7
FIS_2660,24.11.2026,09:01,Şampuan,72.57,1.0,72.57
FIS_2661,29.11.2026,19:34,Su 0.5 LT,5.0,1.0,5.0
FIS_2661,29.11.2026,19:34,Kek,59.0,2.0,118.0
FIS_2661,29.11.2026,19:34,Cola 1 LT,45.0,2.0,90.0
FIS_2661,29.11.2026,19:34,Çay (500g),91.24,2.0,182.48
FIS_2662,06.11.2026,12:51,Çay (500g),96.02,2.0,192.04
FIS_2662,06.11.2026,12:51,Süt (1L),32.79,3.0,98.37
FIS_2662,06.11.2026,12:51,Ekmek,9.83,3.0,29.49
FIS_2662,06.11.2026,12:51,Peynir (500g),111.92,2.0,223.84
FIS_2662,06.11.2026,12:51,Yoğurt (2kg),68.1,1.0,68.1
FIS_2662,06.11.2026,12:51,Yumurta (15li),55.91,2.0,111.82
FIS_2663,23.05.2026,15:40,Süt (1L),33.12,1.0,33.12
FIS_2663,23.05.2026,15:40,Şeker (1kg),34.39,1.0,34.39
FIS_2663,23.05.2026,15:40,Makarna,15.8,1.0,15.8
FIS_2663,23.05.2026,15:40,Ekmek,10.25,2.0,20.5
FIS_2663,23.05.2026,15:40,Çay (500g),92.83,3.0,278.49
FIS_2664,19.12.2026,16:14,Şampuan,113.98,2.0,227.96
FIS_2664,19.12.2026,16:14,Diş Macunu,43.7,2.0,87.4
FIS_2664,19.12.2026,16:14,Bebe Şampuanı,149.9,3.0,449.7
FIS_2664,19.12.2026,16:14,Yüz Temizleme,79.99,2.0,159.98
FIS_2664,19.12.2026,16:14,Deodorant,199.9,3.0,599.7
FIS_2664,19.12.2026,16:14,Makarna,15.85,2.0,31.7
FIS_2665,27.10.2026,14:57,Elma (kg),34.5,1.0,34.5
FIS_2665,27.10.2026,14:57,Salatalık (kg),22.78,3.0,68.34
FIS_2665,27.10.2026,14:57,Domates (kg),27.99,1.0,27.99
FIS_2665,27.10.2026,14:57,Biber Çarliston (kg),32.95,3.0,98.85
FIS_2665,27.10.2026,14:57,Limon Taze (kg),119.95,3.0,359.85
FIS_2666,09.05.2026,16:55,Yoğurt (2kg),61.86,3.0,185.58
FIS_2666,09.05.2026,16:55,Ekmek,13.44,2.0,26.88
FIS_2666,09.05.2026,16:55,Yumurta (15li),56.45,1.0,56.45
FIS_2666,09.05.2026,16:55,Çay (500g),95.01,1.0,95.01
FIS_2666,09.05.2026,16:55,Peynir (500g),119.26,2.0,238.52
FIS_2666,09.05.2026,16:55,Süt (1L),33.62,3.0,100.86
FIS_2666,09.05.2026,16:55,Sıvı Yağ (1L),49.03,1.0,49.03
FIS_2667,11.07.2026,20:10,Limon Taze (kg),119.95,1.0,119.95
FIS_2667,11.07.2026,20:10,Elma (kg),34.5,1.0,34.5
FIS_2667,11.07.2026,20:10,Salatalık (kg),21.6,2.0,43.2
FIS_2667,11.07.2026,20:10,Domates (kg),29.29,3.0,87.87
FIS_2667,11.07.2026,20:10,Diş Macunu,46.16,1.0,46.16
FIS_2668,04.12.2026,15:35,Makarna,15.59,3.0,46.77
FIS_2668,04.12.2026,15:35,Biber Dolmalık (kg),69.95,2.0,139.9
FIS_2668,04.12.2026,15:35,Sıvı Yağ (1L),50.42,2.0,100.84
FIS_2668,04.12.2026,15:35,Tavuk Göğsü (kg),158.79,1.0,158.79
FIS_2668,04.12.2026,15:35,Salatalık (kg),21.55,1.0,21.55
FIS_2669,29.10.2026,16:14,Domates (kg),26.83,1.0,26.83
FIS_2669,29.10.2026,16:14,Limon Taze (kg),119.95,2.0,239.9
FIS_2669,29.10.2026,16:14,Elma (kg),34.5,1.0,34.5
FIS_2669,29.10.2026,16:14,Biber Çarliston (kg),32.95,3.0,98.85
FIS_2669,29.10.2026,16:14,Yumurta (15li),54.4,1.0,54.4
FIS_2670,31.08.2026,20:26,Tavuk Göğsü (kg),170.92,1.0,170.92
FIS_2670,31.08.2026,20:26,Sıvı Yağ (1L),49.34,3.0,148.02
FIS_2670,31.08.2026,20:26,Salatalık (kg),21.62,2.0,43.24
FIS_2670,31.08.2026,20:26,Domates (kg),29.0,1.0,29.0
FIS_2671,08.05.2026,11:12,Salatalık (kg),23.17,3.0,69.51
FIS_2671,08.05.2026,11:12,Biber Çarliston (kg),32.95,3.0,98.85
FIS_2671,08.05.2026,11:12,Domates (kg),29.9,1.0,29.9
FIS_2671,08.05.2026,11:12,Limon Taze (kg),119.95,1.0,119.95
FIS_2671,08.05.2026,11:12,Elma (kg),34.5,2.0,69.0
FIS_2671,08.05.2026,11:12,Çay (500g),94.76,2.0,189.52
FIS_2672,31.01.2026,10:24,Yumurta (15li),56.44,3.0,169.32
FIS_2672,31.01.2026,10:24,Çay (500g),97.09,1.0,97.09
FIS_2672,31.01.2026,10:24,Yoğurt (2kg),66.59,1.0,66.59
FIS_2672,31.01.2026,10:24,Peynir (500g),109.89,2.0,219.78
FIS_2672,31.01.2026,10:24,Süt (1L),32.56,3.0,97.68
FIS_2672,31.01.2026,10:24,Şampuan,78.95,3.0,236.85
FIS_2673,11.02.2026,21:11,Ekmek,11.4,3.0,34.2
FIS_2673,11.02.2026,21:11,Peynir (500g),115.77,2.0,231.54
FIS_2673,11.02.2026,21:11,Çay (500g),98.91,1.0,98.91
FIS_2673,11.02.2026,21:11,Yoğurt (2kg),66.09,2.0,132.18
FIS_2673,11.02.2026,21:11,Yumurta (15li),52.66,2.0,105.32
FIS_2673,11.02.2026,21:11,Süt (1L),31.4,3.0,94.2
FIS_2674,03.06.2026,15:20,Ekmek,11.79,1.0,11.79
FIS_2674,03.06.2026,15:20,Sıvı Yağ (1L),50.58,1.0,50.58
FIS_2674,03.06.2026,15:20,Çay (500g),98.41,2.0,196.82
FIS_2674,03.06.2026,15:20,Makarna,15.41,2.0,30.82
FIS_2675,06.10.2026,19:19,Limon Taze (kg),119.95,1.0,119.95
FIS_2675,06.10.2026,19:19,Elma (kg),34.5,3.0,103.5
FIS_2675,06.10.2026,19:19,Biber Çarliston (kg),32.95,2.0,65.9
FIS_2675,06.10.2026,19:19,Domates (kg),27.53,1.0,27.53
FIS_2676,25.06.2026,11:43,Yüz Temizleme,79.99,1.0,79.99
FIS_2676,25.06.2026,11:43,Kil Maskesi,297.9,1.0,297.9
FIS_2676,25.06.2026,11:43,Deodorant,199.9,2.0,399.8
FIS_2676,25.06.2026,11:43,Şampuan,79.15,2.0,158.3
FIS_2676,25.06.2026,11:43,Bebe Şampuanı,149.9,2.0,299.8
FIS_2677,15.10.2026,08:07,Peynir (500g),119.59,1.0,119.59
FIS_2677,15.10.2026,08:07,Süt (1L),33.79,1.0,33.79
FIS_2677,15.10.2026,08:07,Ekmek,12.58,3.0,37.74
FIS_2677,15.10.2026,08:07,Yoğurt (2kg),62.49,3.0,187.47
FIS_2677,15.10.2026,08:07,Çay (500g),98.45,2.0,196.9
FIS_2677,15.10.2026,08:07,Yumurta (15li),56.46,3.0,169.38
FIS_2677,15.10.2026,08:07,Diş Macunu,43.44,1.0,43.44
FIS_2678,25.03.2026,20:51,Tavuk Göğsü (kg),158.58,1.0,158.58
FIS_2678,25.03.2026,20:51,Domates (kg),29.43,1.0,29.43
FIS_2678,25.03.2026,20:51,Salatalık (kg),21.85,2.0,43.7
FIS_2678,25.03.2026,20:51,Makarna,15.52,1.0,15.52
FIS_2678,25.03.2026,20:51,Biber Dolmalık (kg),69.95,3.0,209.85
FIS_2678,25.03.2026,20:51,Çay (500g),92.13,2.0,184.26
FIS_2679,23.05.2026,21:04,Şeker (1kg),32.75,2.0,65.5
FIS_2679,23.05.2026,21:04,Makarna,15.25,2.0,30.5
FIS_2679,23.05.2026,21:04,Sıvı Yağ (1L),46.31,3.0,138.93
FIS_2679,23.05.2026,21:04,Çay (500g),94.34,3.0,283.02
FIS_2679,23.05.2026,21:04,Süt (1L),33.44,2.0,66.88
FIS_2680,07.11.2026,16:07,Kek,59.0,3.0,177.0
FIS_2680,07.11.2026,16:07,Cola 1 LT,45.0,1.0,45.0
FIS_2680,07.11.2026,16:07,Çay (500g),93.69,1.0,93.69
FIS_2680,07.11.2026,16:07,Cola 2.5 LT,55.0,2.0,110.0
FIS_2680,07.11.2026,16:07,Makarna,15.94,3.0,47.82
FIS_2681,05.03.2026,19:57,Deodorant,199.9,1.0,199.9
FIS_2681,05.03.2026,19:57,Diş Macunu,45.49,2.0,90.98
FIS_2681,05.03.2026,19:57,Şampuan,91.06,1.0,91.06
FIS_2681,05.03.2026,19:57,Plastik Poşet,1.0,1.0,1.0
FIS_2681,05.03.2026,19:57,Deterjan (5kg),183.82,3.0,551.46
FIS_2681,05.03.2026,19:57,Kil Maskesi,297.9,2.0,595.8
FIS_2682,27.08.2026,15:28,Yüz Temizleme,79.99,1.0,79.99
FIS_2682,27.08.2026,15:28,Kil Maskesi,297.9,1.0,297.9
FIS_2682,27.08.2026,15:28,Diş Macunu,46.34,1.0,46.34
FIS_2682,27.08.2026,15:28,Deodorant,199.9,1.0,199.9
FIS_2682,27.08.2026,15:28,Limon Taze (kg),119.95,3.0,359.85
FIS_2683,07.02.2026,15:26,Diş Macunu,42.77,1.0,42.77
FIS_2683,07.02.2026,15:26,Kil Maskesi,297.9,1.0,297.9
FIS_2683,07.02.2026,15:26,Yüz Temizleme,79.99,3.0,239.97
FIS_2683,07.02.2026,15:26,Bebe Şampuanı,149.9,1.0,149.9
FIS_2683,07.02.2026,15:26,Şampuan,98.44,1.0,98.44
FIS_2683,07.02.2026,15:26,Deodorant,199.9,2.0,399.8
FIS_2684,08.12.2026,16:35,Biber Çarliston (kg),32.95,2.0,65.9
FIS_2684,08.12.2026,16:35,Limon Taze (kg),119.95,3.0,359.85
FIS_2684,08.12.2026,16:35,Elma (kg),34.5,3.0,103.5
FIS_2684,08.12.2026,16:35,Salatalık (kg),22.47,1.0,22.47
FIS_2684,08.12.2026,16:35,Domates (kg),27.51,1.0,27.51
FIS_2685,27.05.2026,11:17,Plastik Poşet,1.0,2.0,2.0
FIS_2685,27.05.2026,11:17,Deterjan (5kg),183.42,3.0,550.26
FIS_2685,27.05.2026,11:17,Deodorant,199.9,1.0,199.9
FIS_2685,27.05.2026,11:17,Diş Macunu,43.67,2.0,87.34
FIS_2685,27.05.2026,11:17,Şampuan,90.26,3.0,270.78
FIS_2685,27.05.2026,11:17,Biber Dolmalık (kg),69.95,1.0,69.95
FIS_2686,22.10.2026,14:30,Yumurta (15li),52.83,2.0,105.66
FIS_2686,22.10.2026,14:30,Çay (500g),90.63,2.0,181.26
FIS_2686,22.10.2026,14:30,Süt (1L),33.08,2.0,66.16
FIS_2686,22.10.2026,14:30,Yoğurt (2kg),66.44,2.0,132.88
FIS_2686,22.10.2026,14:30,Ekmek,13.64,3.0,40.92
FIS_2687,01.10.2026,08:58,Cola 1 LT,45.0,2.0,90.0
FIS_2687,01.10.2026,08:58,Su 0.5 LT,5.0,2.0,10.0
FIS_2687,01.10.2026,08:58,Çay (500g),92.91,2.0,185.82
FIS_2687,01.10.2026,08:58,Cola 2.5 LT,55.0,1.0,55.0
FIS_2687,01.10.2026,08:58,Deodorant,199.9,3.0,599.7
FIS_2688,04.10.2026,08:22,Tavuk Göğsü (kg),160.71,2.0,321.42
FIS_2688,04.10.2026,08:22,Biber Dolmalık (kg),69.95,3.0,209.85
FIS_2688,04.10.2026,08:22,Makarna,16.45,2.0,32.9
FIS_2688,04.10.2026,08:22,Sıvı Yağ (1L),49.47,2.0,98.94
FIS_2688,04.10.2026,08:22,Salatalık (kg),21.78,3.0,65.34
FIS_2688,04.10.2026,08:22,Domates (kg),29.78,3.0,89.34
FIS_2689,28.02.2026,20:52,Tavuk Göğsü (kg),158.05,3.0,474.15
FIS_2689,28.02.2026,20:52,Makarna,16.27,1.0,16.27
FIS_2689,28.02.2026,20:52,Biber Dolmalık (kg),69.95,2.0,139.9
FIS_2689,28.02.2026,20:52,Domates (kg),29.41,3.0,88.23
FIS_2689,28.02.2026,20:52,Salatalık (kg),23.17,3.0,69.51
FIS_2689,28.02.2026,20:52,Diş Macunu,46.23,2.0,92.46
FIS_2690,30.09.2026,14:42,Plastik Poşet,1.0,2.0,2.0
FIS_2690,30.09.2026,14:42,Diş Macunu,45.58,2.0,91.16
FIS_2690,30.09.2026,14:42,Deterjan (5kg),188.85,2.0,377.7
FIS_2690,30.09.2026,14:42,Şampuan,79.86,3.0,239.58
FIS_2691,30.11.2026,12:39,Sıvı Yağ (1L),50.09,1.0,50.09
FIS_2691,30.11.2026,12:39,Çay (500g),92.91,2.0,185.82
FIS_2691,30.11.2026,12:39,Makarna,15.35,2.0,30.7
FIS_2691,30.11.2026,12:39,Şeker (1kg),34.26,3.0,102.78
FIS_2691,30.11.2026,12:39,Süt (1L),32.17,1.0,32.17
FIS_2691,30.11.2026,12:39,Ekmek,11.73,2.0,23.46
FIS_2692,04.04.2026,15:13,Diş Macunu,43.6,1.0,43.6
FIS_2692,04.04.2026,15:13,Plastik Poşet,1.0,2.0,2.0
FIS_2692,04.04.2026,15:13,Deodorant,199.9,1.0,199.9
FIS_2692,04.04.2026,15:13,Şampuan,104.93,3.0,314.79
FIS_2692,04.04.2026,15:13,Deterjan (5kg),188.93,2.0,377.86
FIS_2693,09.01.2026,09:18,Biber Dolmalık (kg),69.95,2.0,139.9
FIS_2693,09.01.2026,09:18,Domates (kg),29.89,3.0,89.67
FIS_2693,09.01.2026,09:18,Salatalık (kg),22.13,3.0,66.39
FIS_2693,09.01.2026,09:18,Sıvı Yağ (1L),48.29,2.0,96.58
FIS_2693,09.01.2026,09:18,Makarna,15.36,1.0,15.36
FIS_2694,09.04.2026,13:07,Bebe Şampuanı,149.9,3.0,449.7
FIS_2694,09.04.2026,13:07,Diş Macunu,45.41,1.0,45.41
FIS_2694,09.04.2026,13:07,Yüz Temizleme,79.99,2.0,159.98
FIS_2694,09.04.2026,13:07,Şampuan,82.36,1.0,82.36
FIS_2694,09.04.2026,13:07,Kil Maskesi,297.9,3.0,893.7
FIS_2694,09.04.2026,13:07,Deodorant,199.9,2.0,399.8
FIS_2695,24.01.2026,08:35,Deodorant,199.9,1.0,199.9
FIS_2695,24.01.2026,08:35,Deterjan (5kg),193.52,2.0,387.04
FIS_2695,24.01.2026,08:35,Plastik Poşet,1.0,2.0,2.0
FIS_2695,24.01.2026,08:35,Şampuan,76.84,1.0,76.84
FIS_2696,25.07.2026,15:04,Salatalık (kg),22.63,2.0,45.26
FIS_2696,25.07.2026,15:04,Limon Taze (kg),119.95,3.0,359.85
FIS_2696,25.07.2026,15:04,Elma (kg),34.5,3.0,103.5
FIS_2696,25.07.2026,15:04,Biber Çarliston (kg),32.95,2.0,65.9
FIS_2696,25.07.2026,15:04,Tavuk Göğsü (kg),161.67,3.0,485.01
FIS_2697,08.08.2026,12:36,Limon Taze (kg),119.95,3.0,359.85
FIS_2697,08.08.2026,12:36,Domates (kg),26.85,1.0,26.85
FIS_2697,08.08.2026,12:36,Biber Çarliston (kg),32.95,3.0,98.85
FIS_2697,08.08.2026,12:36,Elma (kg),34.5,2.0,69.0
FIS_2697,08.08.2026,12:36,Peynir (500g),109.69,2.0,219.38
FIS_2698,28.12.2026,12:44,Ekmek,11.96,3.0,35.88
FIS_2698,28.12.2026,12:44,Süt (1L),31.45,2.0,62.9
FIS_2698,28.12.2026,12:44,Şeker (1kg),35.11,1.0,35.11
FIS_2698,28.12.2026,12:44,Sıvı Yağ (1L),46.41,2.0,92.82
FIS_2698,28.12.2026,12:44,Çay (500g),95.8,3.0,287.4
FIS_2699,28.05.2026,15:07,Su 0.5 LT,5.0,3.0,15.0
FIS_2699,28.05.2026,15:07,Kek,59.0,1.0,59.0
FIS_2699,28.05.2026,15:07,Çay (500g),92.45,3.0,277.35
FIS_2699,28.05.2026,15:07,Cola 2.5 LT,55.0,3.0,165.0
FIS_2699,28.05.2026,15:07,Cola 1 LT,45.0,1.0,45.0
FIS_2700,11.12.2026,21:17,Salatalık (kg),21.81,3.0,65.43
FIS_2700,11.12.2026,21:17,Biber Çarliston (kg),32.95,2.0,65.9
FIS_2700,11.12.2026,21:17,Elma (kg),34.5,2.0,69.0
FIS_2700,11.12.2026,21:17,Limon Taze (kg),119.95,2.0,239.9
FIS_2701,14.06.2026,18:06,Şeker (1kg),33.7,3.0,101.1
FIS_2701,14.06.2026,18:06,Sıvı Yağ (1L),46.31,1.0,46.31
FIS_2701,14.06.2026,18:06,Makarna,15.46,2.0,30.92
FIS_2701,14.06.2026,18:06,Süt (1L),31.35,2.0,62.7
FIS_2702,21.09.2026,21:00,Kil Maskesi,297.9,1.0,297.9
FIS_2702,21.09.2026,21:00,Bebe Şampuanı,149.9,1.0,149.9
FIS_2702,21.09.2026,21:00,Şampuan,116.48,2.0,232.96
FIS_2702,21.09.2026,21:00,Yüz Temizleme,79.99,2.0,159.98
FIS_2702,21.09.2026,21:00,Diş Macunu,43.29,3.0,129.87
FIS_2702,21.09.2026,21:00,Deodorant,199.9,1.0,199.9
FIS_2703,30.12.2026,10:19,Limon Taze (kg),119.95,2.0,239.9
FIS_2703,30.12.2026,10:19,Biber Çarliston (kg),32.95,3.0,98.85
FIS_2703,30.12.2026,10:19,Domates (kg),29.35,2.0,58.7
FIS_2703,30.12.2026,10:19,Elma (kg),34.5,2.0,69.0
FIS_2704,18.09.2026,19:17,Su 0.5 LT,5.0,1.0,5.0
FIS_2704,18.09.2026,19:17,Cola 2.5 LT,55.0,2.0,110.0
FIS_2704,18.09.2026,19:17,Çay (500g),97.43,2.0,194.86
FIS_2704,18.09.2026,19:17,Cola 1 LT,45.0,3.0,135.0
FIS_2704,18.09.2026,19:17,Kek,59.0,1.0,59.0
FIS_2704,18.09.2026,19:17,Limon Taze (kg),119.95,2.0,239.9
FIS_2705,28.10.2026,17:42,Su 0.5 LT,5.0,2.0,10.0
FIS_2705,28.10.2026,17:42,Çay (500g),98.9,1.0,98.9
FIS_2705,28.10.2026,17:42,Cola 2.5 LT,55.0,1.0,55.0
FIS_2705,28.10.2026,17:42,Kek,59.0,1.0,59.0
FIS_2706,30.07.2026,08:20,Bebe Şampuanı,149.9,3.0,449.7
FIS_2706,30.07.2026,08:20,Kil Maskesi,297.9,2.0,595.8
FIS_2706,30.07.2026,08:20,Yüz Temizleme,79.99,2.0,159.98
FIS_2706,30.07.2026,08:20,Deodorant,199.9,2.0,399.8
FIS_2706,30.07.2026,08:20,Şampuan,72.03,1.0,72.03
FIS_2707,29.07.2026,21:41,Sıvı Yağ (1L),49.23,2.0,98.46
FIS_2707,29.07.2026,21:41,Salatalık (kg),23.27,3.0,69.81
FIS_2707,29.07.2026,21:41,Makarna,15.56,2.0,31.12
FIS_2707,29.07.2026,21:41,Biber Dolmalık (kg),69.95,2.0,139.9
FIS_2708,05.10.2026,08:39,Yoğurt (2kg),66.31,1.0,66.31
FIS_2708,05.10.2026,08:39,Yumurta (15li),53.72,3.0,161.16
FIS_2708,05.10.2026,08:39,Peynir (500g),112.74,1.0,112.74
FIS_2708,05.10.2026,08:39,Süt (1L),31.13,1.0,31.13
FIS_2709,31.05.2026,13:23,Cola 2.5 LT,55.0,3.0,165.0
FIS_2709,31.05.2026,13:23,Su 0.5 LT,5.0,2.0,10.0
FIS_2709,31.05.2026,13:23,Kek,59.0,1.0,59.0
FIS_2709,31.05.2026,13:23,Cola 1 LT,45.0,3.0,135.0
FIS_2709,31.05.2026,13:23,Süt (1L),31.78,2.0,63.56
FIS_2710,08.12.2026,08:57,Şeker (1kg),35.64,2.0,71.28
FIS_2710,08.12.2026,08:57,Makarna,15.97,2.0,31.94
FIS_2710,08.12.2026,08:57,Süt (1L),33.14,2.0,66.28
FIS_2710,08.12.2026,08:57,Ekmek,13.31,1.0,13.31
FIS_2710,08.12.2026,08:57,Sıvı Yağ (1L),50.9,2.0,101.8
FIS_2711,24.02.2026,11:24,Limon Taze (kg),119.95,2.0,239.9
FIS_2711,24.02.2026,11:24,Elma (kg),34.5,3.0,103.5
FIS_2711,24.02.2026,11:24,Biber Çarliston (kg),32.95,1.0,32.95
FIS_2711,24.02.2026,11:24,Salatalık (kg),23.4,3.0,70.2
FIS_2711,24.02.2026,11:24,Domates (kg),28.24,2.0,56.48
FIS_2712,28.04.2026,17:51,Şampuan,115.29,3.0,345.87
FIS_2712,28.04.2026,17:51,Diş Macunu,42.93,2.0,85.86
FIS_2712,28.04.2026,17:51,Deodorant,199.9,2.0,399.8
FIS_2712,28.04.2026,17:51,Deterjan (5kg),189.3,1.0,189.3
FIS_2713,01.06.2026,13:47,Cola 2.5 LT,55.0,1.0,55.0
FIS_2713,01.06.2026,13:47,Çay (500g),92.71,2.0,185.42
FIS_2713,01.06.2026,13:47,Kek,59.0,2.0,118.0
FIS_2713,01.06.2026,13:47,Su 0.5 LT,5.0,2.0,10.0
FIS_2714,28.02.2026,15:04,Biber Dolmalık (kg),69.95,3.0,209.85
FIS_2714,28.02.2026,15:04,Sıvı Yağ (1L),46.72,2.0,93.44
FIS_2714,28.02.2026,15:04,Salatalık (kg),22.88,3.0,68.64
FIS_2714,28.02.2026,15:04,Tavuk Göğsü (kg),161.09,2.0,322.18
FIS_2715,23.11.2026,13:06,Kil Maskesi,297.9,3.0,893.7
FIS_2715,23.11.2026,13:06,Şampuan,86.0,2.0,172.0
FIS_2715,23.11.2026,13:06,Deodorant,199.9,1.0,199.9
FIS_2715,23.11.2026,13:06,Bebe Şampuanı,149.9,2.0,299.8
FIS_2715,23.11.2026,13:06,Yoğurt (2kg),68.16,1.0,68.16
FIS_2716,19.02.2026,11:56,Biber Çarliston (kg),32.95,2.0,65.9
FIS_2716,19.02.2026,11:56,Limon Taze (kg),119.95,2.0,239.9
FIS_2716,19.02.2026,11:56,Salatalık (kg),22.75,2.0,45.5
FIS_2716,19.02.2026,11:56,Elma (kg),34.5,2.0,69.0
FIS_2717,22.04.2026,15:28,Tavuk Göğsü (kg),158.31,1.0,158.31
FIS_2717,22.04.2026,15:28,Salatalık (kg),22.81,3.0,68.43
FIS_2717,22.04.2026,15:28,Makarna,16.48,1.0,16.48
FIS_2717,22.04.2026,15:28,Biber Dolmalık (kg),69.95,1.0,69.95
FIS_2717,22.04.2026,15:28,Domates (kg),29.86,3.0,89.58
FIS_2717,22.04.2026,15:28,Çay (500g),92.24,3.0,276.72
FIS_2718,17.04.2026,17:13,Şeker (1kg),32.85,1.0,32.85
FIS_2718,17.04.2026,17:13,Süt (1L),32.68,1.0,32.68
FIS_2718,17.04.2026,17:13,Ekmek,10.01,1.0,10.01
FIS_2718,17.04.2026,17:13,Makarna,15.18,2.0,30.36
FIS_2719,02.05.2026,17:20,Yumurta (15li),52.01,1.0,52.01
FIS_2719,02.05.2026,17:20,Ekmek,11.65,2.0,23.3
FIS_2719,02.05.2026,17:20,Peynir (500g),115.18,1.0,115.18
FIS_2719,02.05.2026,17:20,Yoğurt (2kg),64.71,1.0,64.71
FIS_2720,11.11.2026,08:46,Makarna,16.29,2.0,32.58
FIS_2720,11.11.2026,08:46,Şeker (1kg),34.64,2.0,69.28
FIS_2720,11.11.2026,08:46,Sıvı Yağ (1L),49.53,2.0,99.06
FIS_2720,11.11.2026,08:46,Çay (500g),91.03,1.0,91.03
FIS_2720,11.11.2026,08:46,Ekmek,10.96,1.0,10.96
FIS_2720,11.11.2026,08:46,Süt (1L),31.19,2.0,62.38
FIS_2721,16.11.2026,18:37,Biber Çarliston (kg),32.95,3.0,98.85
FIS_2721,16.11.2026,18:37,Elma (kg),34.5,3.0,103.5
FIS_2721,16.11.2026,18:37,Salatalık (kg),22.98,1.0,22.98
FIS_2721,16.11.2026,18:37,Limon Taze (kg),119.95,1.0,119.95
FIS_2721,16.11.2026,18:37,Domates (kg),27.97,2.0,55.94
FIS_2722,24.07.2026,14:46,Çay (500g),94.7,1.0,94.7
FIS_2722,24.07.2026,14:46,Yumurta (15li),55.73,1.0,55.73
FIS_2722,24.07.2026,14:46,Süt (1L),32.34,3.0,97.02
FIS_2722,24.07.2026,14:46,Peynir (500g),117.76,1.0,117.76
FIS_2722,24.07.2026,14:46,Ekmek,12.01,3.0,36.03
FIS_2723,15.10.2026,16:21,Kil Maskesi,297.9,1.0,297.9
FIS_2723,15.10.2026,16:21,Deodorant,199.9,1.0,199.9
FIS_2723,15.10.2026,16:21,Bebe Şampuanı,149.9,2.0,299.8
FIS_2723,15.10.2026,16:21,Yüz Temizleme,79.99,1.0,79.99
FIS_2723,15.10.2026,16:21,Plastik Poşet,1.0,3.0,3.0
FIS_2724,08.07.2026,09:48,Deodorant,199.9,2.0,399.8
FIS_2724,08.07.2026,09:48,Deterjan (5kg),176.14,1.0,176.14
FIS_2724,08.07.2026,09:48,Diş Macunu,45.27,2.0,90.54
FIS_2724,08.07.2026,09:48,Şampuan,74.67,3.0,224.01
FIS_2725,21.11.2026,08:05,Diş Macunu,46.21,3.0,138.63
FIS_2725,21.11.2026,08:05,Kil Maskesi,297.9,1.0,297.9
FIS_2725,21.11.2026,08:05,Yüz Temizleme,79.99,3.0,239.97
FIS_2725,21.11.2026,08:05,Bebe Şampuanı,149.9,1.0,149.9
FIS_2725,21.11.2026,08:05,Deodorant,199.9,3.0,599.7
FIS_2725,21.11.2026,08:05,Şampuan,91.94,3.0,275.82
FIS_2726,15.08.2026,14:17,Tavuk Göğsü (kg),161.85,1.0,161.85
FIS_2726,15.08.2026,14:17,Salatalık (kg),22.27,3.0,66.81
FIS_2726,15.08.2026,14:17,Sıvı Yağ (1L),46.39,1.0,46.39
FIS_2726,15.08.2026,14:17,Biber Dolmalık (kg),69.95,1.0,69.95
FIS_2726,15.08.2026,14:17,Domates (kg),29.13,2.0,58.26
FIS_2726,15.08.2026,14:17,Makarna,15.42,1.0,15.42
FIS_2727,04.01.2026,15:47,Cola 2.5 LT,55.0,2.0,110.0
FIS_2727,04.01.2026,15:47,Su 0.5 LT,5.0,3.0,15.0
FIS_2727,04.01.2026,15:47,Kek,59.0,1.0,59.0
FIS_2727,04.01.2026,15:47,Cola 1 LT,45.0,1.0,45.0
FIS_2728,10.06.2026,17:27,Biber Çarliston (kg),32.95,3.0,98.85
FIS_2728,10.06.2026,17:27,Elma (kg),34.5,3.0,103.5
FIS_2728,10.06.2026,17:27,Domates (kg),29.64,1.0,29.64
FIS_2728,10.06.2026,17:27,Salatalık (kg),22.36,1.0,22.36
FIS_2728,10.06.2026,17:27,Limon Taze (kg),119.95,3.0,359.85
FIS_2729,25.07.2026,16:05,Kek,59.0,3.0,177.0
FIS_2729,25.07.2026,16:05,Cola 2.5 LT,55.0,2.0,110.0
FIS_2729,25.07.2026,16:05,Su 0.5 LT,5.0,3.0,15.0
FIS_2729,25.07.2026,16:05,Cola 1 LT,45.0,1.0,45.0
FIS_2729,25.07.2026,16:05,Çay (500g),91.3,2.0,182.6
FIS_2730,12.04.2026,10:38,Tavuk Göğsü (kg),167.05,1.0,167.05
FIS_2730,12.04.2026,10:38,Domates (kg),28.05,2.0,56.1
FIS_2730,12.04.2026,10:38,Sıvı Yağ (1L),48.24,2.0,96.48
FIS_2730,12.04.2026,10:38,Makarna,16.21,3.0,48.63
FIS_2730,12.04.2026,10:38,Salatalık (kg),21.53,3.0,64.59
FIS_2730,12.04.2026,10:38,Biber Dolmalık (kg),69.95,2.0,139.9
FIS_2731,20.08.2026,08:03,Deterjan (5kg),193.32,3.0,579.96
FIS_2731,20.08.2026,08:03,Plastik Poşet,1.0,2.0,2.0
FIS_2731,20.08.2026,08:03,Diş Macunu,46.8,3.0,140.4
FIS_2731,20.08.2026,08:03,Şampuan,103.04,2.0,206.08
FIS_2731,20.08.2026,08:03,Deodorant,199.9,3.0,599.7
FIS_2732,19.03.2026,08:28,Yoğurt (2kg),68.13,3.0,204.39
FIS_2732,19.03.2026,08:28,Ekmek,11.86,1.0,11.86
FIS_2732,19.03.2026,08:28,Peynir (500g),113.48,2.0,226.96
FIS_2732,19.03.2026,08:28,Süt (1L),32.2,2.0,64.4
FIS_2732,19.03.2026,08:28,Yumurta (15li),54.94,1.0,54.94
FIS_2733,20.11.2026,18:21,Ekmek,12.46,3.0,37.38
FIS_2733,20.11.2026,18:21,Süt (1L),33.71,2.0,67.42
FIS_2733,20.11.2026,18:21,Çay (500g),91.11,3.0,273.33
FIS_2733,20.11.2026,18:21,Peynir (500g),110.94,2.0,221.88
FIS_2733,20.11.2026,18:21,Yumurta (15li),53.03,3.0,159.09
FIS_2734,24.12.2026,18:25,Biber Dolmalık (kg),69.95,3.0,209.85
FIS_2734,24.12.2026,18:25,Tavuk Göğsü (kg),173.09,3.0,519.27
FIS_2734,24.12.2026,18:25,Salatalık (kg),21.61,3.0,64.83
FIS_2734,24.12.2026,18:25,Sıvı Yağ (1L),48.15,2.0,96.3
FIS_2734,24.12.2026,18:25,Domates (kg),26.66,2.0,53.32
FIS_2734,24.12.2026,18:25,Makarna,15.25,1.0,15.25
FIS_2735,24.06.2026,20:31,Domates (kg),26.93,3.0,80.79
FIS_2735,24.06.2026,20:31,Biber Dolmalık (kg),69.95,3.0,209.85
FIS_2735,24.06.2026,20:31,Tavuk Göğsü (kg),157.43,2.0,314.86
FIS_2735,24.06.2026,20:31,Makarna,16.34,3.0,49.02
FIS_2736,09.03.2026,17:24,Domates (kg),27.96,3.0,83.88
FIS_2736,09.03.2026,17:24,Makarna,16.09,2.0,32.18
FIS_2736,09.03.2026,17:24,Biber Dolmalık (kg),69.95,3.0,209.85
FIS_2736,09.03.2026,17:24,Salatalık (kg),23.12,1.0,23.12
FIS_2737,01.10.2026,11:19,Süt (1L),32.56,2.0,65.12
FIS_2737,01.10.2026,11:19,Şeker (1kg),35.57,1.0,35.57
FIS_2737,01.10.2026,11:19,Sıvı Yağ (1L),49.95,1.0,49.95
FIS_2737,01.10.2026,11:19,Çay (500g),98.35,1.0,98.35
FIS_2737,01.10.2026,11:19,Makarna,15.97,2.0,31.94
FIS_2738,11.10.2026,22:06,Şampuan,78.46,2.0,156.92
FIS_2738,11.10.2026,22:06,Deodorant,199.9,1.0,199.9
FIS_2738,11.10.2026,22:06,Bebe Şampuanı,149.9,2.0,299.8
FIS_2738,11.10.2026,22:06,Kil Maskesi,297.9,2.0,595.8
FIS_2738,11.10.2026,22:06,Diş Macunu,42.99,3.0,128.97
FIS_2738,11.10.2026,22:06,Yüz Temizleme,79.99,2.0,159.98
FIS_2739,11.02.2026,13:14,Ekmek,12.64,1.0,12.64
FIS_2739,11.02.2026,13:14,Yumurta (15li),55.35,2.0,110.7
FIS_2739,11.02.2026,13:14,Peynir (500g),114.44,1.0,114.44
FIS_2739,11.02.2026,13:14,Yoğurt (2kg),67.59,1.0,67.59
FIS_2739,11.02.2026,13:14,Süt (1L),31.79,1.0,31.79
FIS_2739,11.02.2026,13:14,Sıvı Yağ (1L),48.75,3.0,146.25
FIS_2740,08.11.2026,16:27,Peynir (500g),118.39,2.0,236.78
FIS_2740,08.11.2026,16:27,Yumurta (15li),51.75,2.0,103.5
FIS_2740,08.11.2026,16:27,Ekmek,12.19,1.0,12.19
FIS_2740,08.11.2026,16:27,Çay (500g),96.14,3.0,288.42
FIS_2740,08.11.2026,16:27,Süt (1L),31.74,1.0,31.74
FIS_2741,30.05.2026,14:00,Salatalık (kg),22.52,3.0,67.56
FIS_2741,30.05.2026,14:00,Biber Çarliston (kg),32.95,2.0,65.9
FIS_2741,30.05.2026,14:00,Domates (kg),29.48,1.0,29.48
FIS_2741,30.05.2026,14:00,Elma (kg),34.5,2.0,69.0
FIS_2741,30.05.2026,14:00,Limon Taze (kg),119.95,1.0,119.95
FIS_2742,02.07.2026,20:04,Deterjan (5kg),191.08,3.0,573.24
FIS_2742,02.07.2026,20:04,Diş Macunu,44.82,3.0,134.46
FIS_2742,02.07.2026,20:04,Plastik Poşet,1.0,1.0,1.0
FIS_2742,02.07.2026,20:04,Deodorant,199.9,1.0,199.9
FIS_2742,02.07.2026,20:04,Şampuan,106.17,2.0,212.34
FIS_2743,19.01.2026,12:12,Ekmek,11.64,1.0,11.64
FIS_2743,19.01.2026,12:12,Yumurta (15li),55.32,1.0,55.32
FIS_2743,19.01.2026,12:12,Süt (1L),31.88,1.0,31.88
FIS_2743,19.01.2026,12:12,Çay (500g),98.28,2.0,196.56
FIS_2743,19.01.2026,12:12,Makarna,15.4,2.0,30.8
FIS_2744,12.08.2026,22:25,Kil Maskesi,297.9,1.0,297.9
FIS_2744,12.08.2026,22:25,Deodorant,199.9,1.0,199.9
FIS_2744,12.08.2026,22:25,Diş Macunu,44.67,1.0,44.67
FIS_2744,12.08.2026,22:25,Bebe Şampuanı,149.9,2.0,299.8
FIS_2744,12.08.2026,22:25,Yüz Temizleme,79.99,2.0,159.98
FIS_2744,12.08.2026,22:25,Makarna,16.0,2.0,32.0
FIS_2745,17.08.2026,17:45,Su 0.5 LT,5.0,3.0,15.0
FIS_2745,17.08.2026,17:45,Kek,59.0,2.0,118.0
FIS_2745,17.08.2026,17:45,Cola 2.5 LT,55.0,1.0,55.0
FIS_2745,17.08.2026,17:45,Cola 1 LT,45.0,3.0,135.0
FIS_2746,27.07.2026,13:32,Çay (500g),93.71,2.0,187.42
FIS_2746,27.07.2026,13:32,Süt (1L),33.95,1.0,33.95
FIS_2746,27.07.2026,13:32,Ekmek,12.23,3.0,36.69
FIS_2746,27.07.2026,13:32,Sıvı Yağ (1L),48.28,2.0,96.56
FIS_2746,27.07.2026,13:32,Makarna,15.55,1.0,15.55
FIS_2746,27.07.2026,13:32,Şeker (1kg),34.27,3.0,102.81
FIS_2746,27.07.2026,13:32,Biber Dolmalık (kg),69.95,2.0,139.9
FIS_2747,29.11.2026,12:15,Yoğurt (2kg),63.5,2.0,127.0
FIS_2747,29.11.2026,12:15,Peynir (500g),117.36,1.0,117.36
FIS_2747,29.11.2026,12:15,Çay (500g),99.48,2.0,198.96
FIS_2747,29.11.2026,12:15,Yumurta (15li),55.01,2.0,110.02
FIS_2747,29.11.2026,12:15,Domates (kg),27.26,1.0,27.26
FIS_2748,07.02.2026,15:11,Şampuan,85.43,2.0,170.86
FIS_2748,07.02.2026,15:11,Deodorant,199.9,3.0,599.7
FIS_2748,07.02.2026,15:11,Yüz Temizleme,79.99,3.0,239.97
FIS_2748,07.02.2026,15:11,Kil Maskesi,297.9,2.0,595.8
FIS_2748,07.02.2026,15:11,Bebe Şampuanı,149.9,1.0,149.9
FIS_2749,13.04.2026,20:08,Tavuk Göğsü (kg),158.22,2.0,316.44
FIS_2749,13.04.2026,20:08,Salatalık (kg),22.28,3.0,66.84
FIS_2749,13.04.2026,20:08,Makarna,16.09,3.0,48.27
FIS_2749,13.04.2026,20:08,Domates (kg),27.96,2.0,55.92
FIS_2749,13.04.2026,20:08,Biber Dolmalık (kg),69.95,1.0,69.95
FIS_2750,06.03.2026,13:41,Çay (500g),91.54,3.0,274.62
FIS_2750,06.03.2026,13:41,Süt (1L),33.83,1.0,33.83
FIS_2750,06.03.2026,13:41,Yumurta (15li),55.73,3.0,167.19
FIS_2750,06.03.2026,13:41,Ekmek,10.21,1.0,10.21
FIS_2750,06.03.2026,13:41,Yoğurt (2kg),62.87,3.0,188.61
FIS_2751,26.04.2026,13:33,Diş Macunu,45.12,3.0,135.36
FIS_2751,26.04.2026,13:33,Şampuan,102.51,3.0,307.53
FIS_2751,26.04.2026,13:33,Plastik Poşet,1.0,1.0,1.0
FIS_2751,26.04.2026,13:33,Deodorant,199.9,3.0,599.7
FIS_2752,06.11.2026,13:53,Domates (kg),29.13,2.0,58.26
FIS_2752,06.11.2026,13:53,Limon Taze (kg),119.95,1.0,119.95
FIS_2752,06.11.2026,13:53,Biber Çarliston (kg),32.95,3.0,98.85
FIS_2752,06.11.2026,13:53,Salatalık (kg),22.6,3.0,67.8
FIS_2753,04.06.2026,15:15,Sıvı Yağ (1L),48.44,1.0,48.44
FIS_2753,04.06.2026,15:15,Şeker (1kg),33.5,1.0,33.5
FIS_2753,04.06.2026,15:15,Çay (500g),93.22,3.0,279.66
FIS_2753,04.06.2026,15:15,Ekmek,10.95,2.0,21.9
FIS_2753,04.06.2026,15:15,Makarna,16.49,1.0,16.49
FIS_2753,04.06.2026,15:15,Süt (1L),33.36,3.0,100.08
FIS_2754,15.10.2026,09:20,Tavuk Göğsü (kg),170.92,2.0,341.84
FIS_2754,15.10.2026,09:20,Salatalık (kg),21.95,1.0,21.95
FIS_2754,15.10.2026,09:20,Sıvı Yağ (1L),50.01,3.0,150.03
FIS_2754,15.10.2026,09:20,Biber Dolmalık (kg),69.95,1.0,69.95
FIS_2754,15.10.2026,09:20,Makarna,16.16,2.0,32.32
FIS_2754,15.10.2026,09:20,Deodorant,199.9,2.0,399.8
FIS_2755,13.09.2026,22:19,Cola 1 LT,45.0,2.0,90.0
FIS_2755,13.09.2026,22:19,Su 0.5 LT,5.0,2.0,10.0
FIS_2755,13.09.2026,22:19,Kek,59.0,3.0,177.0
FIS_2755,13.09.2026,22:19,Cola 2.5 LT,55.0,2.0,110.0
FIS_2756,02.10.2026,08:54,Peynir (500g),115.74,2.0,231.48
FIS_2756,02.10.2026,08:54,Yumurta (15li),54.29,1.0,54.29
FIS_2756,02.10.2026,08:54,Süt (1L),32.2,2.0,64.4
FIS_2756,02.10.2026,08:54,Yoğurt (2kg),66.69,2.0,133.38
FIS_2756,02.10.2026,08:54,Çay (500g),97.91,3.0,293.73
FIS_2757,15.12.2026,17:07,Sıvı Yağ (1L),49.73,1.0,49.73
FIS_2757,15.12.2026,17:07,Salatalık (kg),22.72,2.0,45.44
FIS_2757,15.12.2026,17:07,Makarna,15.75,1.0,15.75
FIS_2757,15.12.2026,17:07,Biber Dolmalık (kg),69.95,3.0,209.85
FIS_2758,20.06.2026,20:30,Salatalık (kg),22.7,3.0,68.1
FIS_2758,20.06.2026,20:30,Limon Taze (kg),119.95,3.0,359.85
FIS_2758,20.06.2026,20:30,Biber Çarliston (kg),32.95,3.0,98.85
FIS_2758,20.06.2026,20:30,Elma (kg),34.5,1.0,34.5
FIS_2758,20.06.2026,20:30,Domates (kg),27.82,3.0,83.46
FIS_2759,26.02.2026,14:37,Plastik Poşet,1.0,1.0,1.0
FIS_2759,26.02.2026,14:37,Deodorant,199.9,3.0,599.7
FIS_2759,26.02.2026,14:37,Şampuan,101.47,2.0,202.94
FIS_2759,26.02.2026,14:37,Deterjan (5kg),178.71,3.0,536.13
FIS_2760,05.05.2026,08:36,Diş Macunu,44.59,1.0,44.59
FIS_2760,05.05.2026,08:36,Şampuan,91.27,3.0,273.81
FIS_2760,05.05.2026,08:36,Kil Maskesi,297.9,3.0,893.7
FIS_2760,05.05.2026,08:36,Bebe Şampuanı,149.9,3.0,449.7
FIS_2761,12.03.2026,16:13,Biber Çarliston (kg),32.95,2.0,65.9
FIS_2761,12.03.2026,16:13,Limon Taze (kg),119.95,3.0,359.85
FIS_2761,12.03.2026,16:13,Salatalık (kg),22.89,3.0,68.67
FIS_2761,12.03.2026,16:13,Domates (kg),27.47,2.0,54.94
FIS_2761,12.03.2026,16:13,Elma (kg),34.5,1.0,34.5
FIS_2762,23.05.2026,16:19,Salatalık (kg),22.01,1.0,22.01
FIS_2762,23.05.2026,16:19,Domates (kg),28.49,3.0,85.47
FIS_2762,23.05.2026,16:19,Sıvı Yağ (1L),47.94,2.0,95.88
FIS_2762,23.05.2026,16:19,Makarna,16.25,1.0,16.25
FIS_2762,23.05.2026,16:19,Biber Dolmalık (kg),69.95,2.0,139.9
FIS_2762,23.05.2026,16:19,Çay (500g),99.1,1.0,99.1
FIS_2763,27.06.2026,22:28,Bebe Şampuanı,149.9,1.0,149.9
FIS_2763,27.06.2026,22:28,Kil Maskesi,297.9,3.0,893.7
FIS_2763,27.06.2026,22:28,Diş Macunu,45.36,1.0,45.36
FIS_2763,27.06.2026,22:28,Şampuan,73.75,3.0,221.25
FIS_2763,27.06.2026,22:28,Yüz Temizleme,79.99,1.0,79.99
FIS_2764,27.01.2026,09:26,Deterjan (5kg),191.99,2.0,383.98
FIS_2764,27.01.2026,09:26,Şampuan,94.54,1.0,94.54
FIS_2764,27.01.2026,09:26,Plastik Poşet,1.0,2.0,2.0
FIS_2764,27.01.2026,09:26,Diş Macunu,44.18,3.0,132.54
FIS_2764,27.01.2026,09:26,Deodorant,199.9,1.0,199.9
FIS_2765,30.11.2026,17:14,Salatalık (kg),22.28,2.0,44.56
FIS_2765,30.11.2026,17:14,Biber Çarliston (kg),32.95,3.0,98.85
FIS_2765,30.11.2026,17:14,Domates (kg),29.78,2.0,59.56
FIS_2765,30.11.2026,17:14,Elma (kg),34.5,1.0,34.5
FIS_2766,02.06.2026,17:38,Yumurta (15li),53.13,3.0,159.39
FIS_2766,02.06.2026,17:38,Çay (500g),94.56,2.0,189.12
FIS_2766,02.06.2026,17:38,Süt (1L),33.23,1.0,33.23
FIS_2766,02.06.2026,17:38,Ekmek,12.82,2.0,25.64
FIS_2766,02.06.2026,17:38,Peynir (500g),115.8,1.0,115.8
FIS_2767,31.03.2026,17:54,Kil Maskesi,297.9,1.0,297.9
FIS_2767,31.03.2026,17:54,Yüz Temizleme,79.99,1.0,79.99
FIS_2767,31.03.2026,17:54,Deodorant,199.9,2.0,399.8
FIS_2767,31.03.2026,17:54,Şampuan,82.75,2.0,165.5
FIS_2767,31.03.2026,17:54,Diş Macunu,47.0,2.0,94.0
FIS_2768,26.10.2026,19:36,Yoğurt (2kg),62.85,3.0,188.55
FIS_2768,26.10.2026,19:36,Yumurta (15li),54.02,3.0,162.06
FIS_2768,26.10.2026,19:36,Peynir (500g),118.11,3.0,354.33
FIS_2768,26.10.2026,19:36,Ekmek,10.05,2.0,20.1
FIS_2768,26.10.2026,19:36,Süt (1L),32.14,1.0,32.14
FIS_2769,23.04.2026,10:30,Biber Dolmalık (kg),69.95,1.0,69.95
FIS_2769,23.04.2026,10:30,Makarna,16.16,3.0,48.48
FIS_2769,23.04.2026,10:30,Salatalık (kg),23.06,1.0,23.06
FIS_2769,23.04.2026,10:30,Domates (kg),28.33,3.0,84.99
FIS_2769,23.04.2026,10:30,Sıvı Yağ (1L),49.49,1.0,49.49
FIS_2770,16.10.2026,09:03,Makarna,15.88,1.0,15.88
FIS_2770,16.10.2026,09:03,Süt (1L),33.79,2.0,67.58
FIS_2770,16.10.2026,09:03,Çay (500g),97.76,2.0,195.52
FIS_2770,16.10.2026,09:03,Ekmek,10.11,2.0,20.22
FIS_2770,16.10.2026,09:03,Sıvı Yağ (1L),48.31,1.0,48.31
FIS_2770,16.10.2026,09:03,Şeker (1kg),34.22,3.0,102.66
FIS_2770,16.10.2026,09:03,Biber Dolmalık (kg),69.95,3.0,209.85
FIS_2771,12.01.2026,14:16,Çay (500g),96.77,3.0,290.31
FIS_2771,12.01.2026,14:16,Süt (1L),34.09,1.0,34.09
FIS_2771,12.01.2026,14:16,Ekmek,13.94,2.0,27.88
FIS_2771,12.01.2026,14:16,Sıvı Yağ (1L),46.28,2.0,92.56
FIS_2772,03.04.2026,20:08,Çay (500g),98.36,1.0,98.36
FIS_2772,03.04.2026,20:08,Sıvı Yağ (1L),49.25,2.0,98.5
FIS_2772,03.04.2026,20:08,Şeker (1kg),32.76,3.0,98.28
FIS_2772,03.04.2026,20:08,Süt (1L),32.22,1.0,32.22
FIS_2772,03.04.2026,20:08,Makarna,16.11,1.0,16.11
FIS_2772,03.04.2026,20:08,Ekmek,13.26,1.0,13.26
FIS_2772,03.04.2026,20:08,Bebe Şampuanı,149.9,2.0,299.8
FIS_2773,11.12.2026,19:34,Cola 2.5 LT,55.0,3.0,165.0
FIS_2773,11.12.2026,19:34,Çay (500g),94.2,1.0,94.2
FIS_2773,11.12.2026,19:34,Su 0.5 LT,5.0,1.0,5.0
FIS_2773,11.12.2026,19:34,Kek,59.0,1.0,59.0
FIS_2773,11.12.2026,19:34,Cola 1 LT,45.0,3.0,135.0
FIS_2773,11.12.2026,19:34,Şampuan,105.54,1.0,105.54
FIS_2774,06.05.2026,19:02,Cola 2.5 LT,55.0,3.0,165.0
FIS_2774,06.05.2026,19:02,Çay (500g),97.43,2.0,194.86
FIS_2774,06.05.2026,19:02,Cola 1 LT,45.0,1.0,45.0
FIS_2774,06.05.2026,19:02,Kek,59.0,3.0,177.0
FIS_2774,06.05.2026,19:02,Su 0.5 LT,5.0,2.0,10.0
FIS_2774,06.05.2026,19:02,Yüz Temizleme,79.99,3.0,239.97
FIS_2775,30.10.2026,22:47,Biber Dolmalık (kg),69.95,2.0,139.9
FIS_2775,30.10.2026,22:47,Sıvı Yağ (1L),48.08,2.0,96.16
FIS_2775,30.10.2026,22:47,Makarna,15.56,3.0,46.68
FIS_2775,30.10.2026,22:47,Tavuk Göğsü (kg),164.54,1.0,164.54
FIS_2775,30.10.2026,22:47,Domates (kg),27.59,3.0,82.77
FIS_2775,30.10.2026,22:47,Salatalık (kg),21.72,2.0,43.44
FIS_2776,30.01.2026,16:26,Su 0.5 LT,5.0,1.0,5.0
FIS_2776,30.01.2026,16:26,Cola 2.5 LT,55.0,1.0,55.0
FIS_2776,30.01.2026,16:26,Çay (500g),90.83,2.0,181.66
FIS_2776,30.01.2026,16:26,Cola 1 LT,45.0,3.0,135.0
FIS_2777,21.01.2026,21:04,Biber Dolmalık (kg),69.95,3.0,209.85
FIS_2777,21.01.2026,21:04,Makarna,15.15,2.0,30.3
FIS_2777,21.01.2026,21:04,Domates (kg),29.62,3.0,88.86
FIS_2777,21.01.2026,21:04,Sıvı Yağ (1L),49.01,1.0,49.01
FIS_2777,21.01.2026,21:04,Tavuk Göğsü (kg),163.29,1.0,163.29
FIS_2777,21.01.2026,21:04,Salatalık (kg),22.61,2.0,45.22
FIS_2777,21.01.2026,21:04,Peynir (500g),113.67,3.0,341.01
FIS_2778,29.11.2026,13:19,Plastik Poşet,1.0,1.0,1.0
FIS_2778,29.11.2026,13:19,Deodorant,199.9,2.0,399.8
FIS_2778,29.11.2026,13:19,Şampuan,73.51,1.0,73.51
FIS_2778,29.11.2026,13:19,Deterjan (5kg),189.46,1.0,189.46
FIS_2778,29.11.2026,13:19,Diş Macunu,43.91,3.0,131.73
FIS_2779,24.10.2026,19:26,Şampuan,83.25,3.0,249.75
FIS_2779,24.10.2026,19:26,Diş Macunu,45.66,3.0,136.98
FIS_2779,24.10.2026,19:26,Deterjan (5kg),182.15,2.0,364.3
FIS_2779,24.10.2026,19:26,Plastik Poşet,1.0,3.0,3.0
FIS_2780,09.09.2026,15:10,Diş Macunu,46.48,1.0,46.48
FIS_2780,09.09.2026,15:10,Bebe Şampuanı,149.9,3.0,449.7
FIS_2780,09.09.2026,15:10,Kil Maskesi,297.9,1.0,297.9
FIS_2780,09.09.2026,15:10,Şampuan,91.37,3.0,274.11
FIS_2780,09.09.2026,15:10,Deodorant,199.9,3.0,599.7
FIS_2781,19.03.2026,08:13,Elma (kg),34.5,1.0,34.5
FIS_2781,19.03.2026,08:13,Domates (kg),28.35,2.0,56.7
FIS_2781,19.03.2026,08:13,Limon Taze (kg),119.95,2.0,239.9
FIS_2781,19.03.2026,08:13,Salatalık (kg),21.45,3.0,64.35
FIS_2781,19.03.2026,08:13,Biber Çarliston (kg),32.95,1.0,32.95
FIS_2782,24.02.2026,22:06,Salatalık (kg),21.99,2.0,43.98
FIS_2782,24.02.2026,22:06,Limon Taze (kg),119.95,2.0,239.9
FIS_2782,24.02.2026,22:06,Elma (kg),34.5,1.0,34.5
FIS_2782,24.02.2026,22:06,Biber Çarliston (kg),32.95,1.0,32.95
FIS_2783,03.06.2026,18:52,Çay (500g),90.87,1.0,90.87
FIS_2783,03.06.2026,18:52,Ekmek,12.67,1.0,12.67
FIS_2783,03.06.2026,18:52,Makarna,15.75,2.0,31.5
FIS_2783,03.06.2026,18:52,Süt (1L),33.0,2.0,66.0
FIS_2783,03.06.2026,18:52,Biber Çarliston (kg),32.95,1.0,32.95
FIS_2784,28.09.2026,22:02,Biber Dolmalık (kg),69.95,3.0,209.85
FIS_2784,28.09.2026,22:02,Makarna,15.85,1.0,15.85
FIS_2784,28.09.2026,22:02,Sıvı Yağ (1L),46.99,2.0,93.98
FIS_2784,28.09.2026,22:02,Domates (kg),26.65,1.0,26.65
FIS_2784,28.09.2026,22:02,Yoğurt (2kg),65.57,3.0,196.71
FIS_2785,23.07.2026,22:04,Plastik Poşet,1.0,2.0,2.0
FIS_2785,23.07.2026,22:04,Şampuan,108.09,1.0,108.09
FIS_2785,23.07.2026,22:04,Diş Macunu,46.27,3.0,138.81
FIS_2785,23.07.2026,22:04,Deodorant,199.9,3.0,599.7
FIS_2786,27.06.2026,08:06,Cola 1 LT,45.0,3.0,135.0
FIS_2786,27.06.2026,08:06,Kek,59.0,2.0,118.0
FIS_2786,27.06.2026,08:06,Su 0.5 LT,5.0,2.0,10.0
FIS_2786,27.06.2026,08:06,Cola 2.5 LT,55.0,2.0,110.0
FIS_2787,10.08.2026,10:43,Domates (kg),29.04,2.0,58.08
FIS_2787,10.08.2026,10:43,Elma (kg),34.5,1.0,34.5
FIS_2787,10.08.2026,10:43,Limon Taze (kg),119.95,2.0,239.9
FIS_2787,10.08.2026,10:43,Biber Çarliston (kg),32.95,2.0,65.9
FIS_2787,10.08.2026,10:43,Salatalık (kg),21.63,1.0,21.63
FIS_2787,10.08.2026,10:43,Cola 2.5 LT,55.0,2.0,110.0
FIS_2788,13.10.2026,16:32,Cola 1 LT,45.0,2.0,90.0
FIS_2788,13.10.2026,16:32,Çay (500g),90.47,2.0,180.94
FIS_2788,13.10.2026,16:32,Cola 2.5 LT,55.0,1.0,55.0
FIS_2788,13.10.2026,16:32,Su 0.5 LT,5.0,3.0,15.0
FIS_2789,05.05.2026,17:33,Sıvı Yağ (1L),46.43,2.0,92.86
FIS_2789,05.05.2026,17:33,Domates (kg),27.51,2.0,55.02
FIS_2789,05.05.2026,17:33,Makarna,15.73,1.0,15.73
FIS_2789,05.05.2026,17:33,Biber Dolmalık (kg),69.95,1.0,69.95
FIS_2789,05.05.2026,17:33,Salatalık (kg),22.98,2.0,45.96
FIS_2789,05.05.2026,17:33,Tavuk Göğsü (kg),166.51,1.0,166.51
FIS_2790,23.08.2026,09:08,Deodorant,199.9,2.0,399.8
FIS_2790,23.08.2026,09:08,Diş Macunu,44.67,3.0,134.01
FIS_2790,23.08.2026,09:08,Plastik Poşet,1.0,1.0,1.0
FIS_2790,23.08.2026,09:08,Şampuan,85.92,3.0,257.76
FIS_2791,22.12.2026,11:30,Deodorant,199.9,2.0,399.8
FIS_2791,22.12.2026,11:30,Diş Macunu,44.42,2.0,88.84
FIS_2791,22.12.2026,11:30,Şampuan,89.06,3.0,267.18
FIS_2791,22.12.2026,11:30,Plastik Poşet,1.0,3.0,3.0
FIS_2792,03.04.2026,18:49,Biber Çarliston (kg),32.95,2.0,65.9
FIS_2792,03.04.2026,18:49,Salatalık (kg),22.88,1.0,22.88
FIS_2792,03.04.2026,18:49,Limon Taze (kg),119.95,1.0,119.95
FIS_2792,03.04.2026,18:49,Elma (kg),34.5,1.0,34.5
FIS_2793,05.08.2026,20:24,Süt (1L),33.46,2.0,66.92
FIS_2793,05.08.2026,20:24,Çay (500g),96.78,3.0,290.34
FIS_2793,05.08.2026,20:24,Yoğurt (2kg),65.61,1.0,65.61
FIS_2793,05.08.2026,20:24,Yumurta (15li),51.99,1.0,51.99
FIS_2793,05.08.2026,20:24,Peynir (500g),116.83,2.0,233.66
FIS_2794,27.03.2026,18:39,Yoğurt (2kg),66.58,3.0,199.74
FIS_2794,27.03.2026,18:39,Çay (500g),95.67,3.0,287.01
FIS_2794,27.03.2026,18:39,Yumurta (15li),52.56,2.0,105.12
FIS_2794,27.03.2026,18:39,Peynir (500g),113.79,3.0,341.37
FIS_2794,27.03.2026,18:39,Ekmek,12.16,3.0,36.48
FIS_2794,27.03.2026,18:39,Süt (1L),31.46,1.0,31.46
FIS_2794,27.03.2026,18:39,Makarna,15.72,2.0,31.44
FIS_2795,01.08.2026,22:05,Peynir (500g),113.3,1.0,113.3
FIS_2795,01.08.2026,22:05,Yumurta (15li),53.69,3.0,161.07
FIS_2795,01.08.2026,22:05,Süt (1L),32.4,1.0,32.4
FIS_2795,01.08.2026,22:05,Yoğurt (2kg),63.75,3.0,191.25
FIS_2795,01.08.2026,22:05,Çay (500g),91.41,2.0,182.82
FIS_2795,01.08.2026,22:05,Ekmek,12.42,3.0,37.26
FIS_2796,26.03.2026,22:47,Domates (kg),27.22,3.0,81.66
FIS_2796,26.03.2026,22:47,Makarna,15.64,1.0,15.64
FIS_2796,26.03.2026,22:47,Biber Dolmalık (kg),69.95,1.0,69.95
FIS_2796,26.03.2026,22:47,Sıvı Yağ (1L),48.27,2.0,96.54
FIS_2796,26.03.2026,22:47,Salatalık (kg),22.26,3.0,66.78
FIS_2796,26.03.2026,22:47,Tavuk Göğsü (kg),160.32,2.0,320.64
FIS_2796,26.03.2026,22:47,Cola 2.5 LT,55.0,1.0,55.0
FIS_2797,23.10.2026,09:51,Süt (1L),32.64,3.0,97.92
FIS_2797,23.10.2026,09:51,Şeker (1kg),33.41,2.0,66.82
FIS_2797,23.10.2026,09:51,Makarna,15.92,3.0,47.76
FIS_2797,23.10.2026,09:51,Ekmek,10.03,2.0,20.06
FIS_2797,23.10.2026,09:51,Çay (500g),98.1,3.0,294.3
FIS_2797,23.10.2026,09:51,Sıvı Yağ (1L),46.95,3.0,140.85
FIS_2798,28.12.2026,20:19,Salatalık (kg),22.92,3.0,68.76
FIS_2798,28.12.2026,20:19,Elma (kg),34.5,3.0,103.5
FIS_2798,28.12.2026,20:19,Domates (kg),27.05,2.0,54.1
FIS_2798,28.12.2026,20:19,Biber Çarliston (kg),32.95,2.0,65.9
FIS_2799,22.11.2026,16:44,Yüz Temizleme,79.99,2.0,159.98
FIS_2799,22.11.2026,16:44,Diş Macunu,46.99,2.0,93.98
FIS_2799,22.11.2026,16:44,Kil Maskesi,297.9,2.0,595.8
FIS_2799,22.11.2026,16:44,Bebe Şampuanı,149.9,3.0,449.7
FIS_2799,22.11.2026,16:44,Deodorant,199.9,2.0,399.8
FIS_2800,17.12.2026,15:26,Kil Maskesi,297.9,1.0,297.9
FIS_2800,17.12.2026,15:26,Diş Macunu,43.97,3.0,131.91
FIS_2800,17.12.2026,15:26,Şampuan,85.34,2.0,170.68
FIS_2800,17.12.2026,15:26,Deodorant,199.9,2.0,399.8
FIS_2800,17.12.2026,15:26,Bebe Şampuanı,149.9,1.0,149.9
FIS_2801,21.10.2026,09:17,Şeker (1kg),32.71,3.0,98.13
FIS_2801,21.10.2026,09:17,Makarna,16.14,2.0,32.28
FIS_2801,21.10.2026,09:17,Ekmek,13.44,1.0,13.44
FIS_2801,21.10.2026,09:17,Çay (500g),94.48,2.0,188.96
FIS_2801,21.10.2026,09:17,Süt (1L),33.68,1.0,33.68
FIS_2801,21.10.2026,09:17,Sıvı Yağ (1L),48.22,1.0,48.22
FIS_2802,02.05.2026,11:51,Bebe Şampuanı,149.9,3.0,449.7
FIS_2802,02.05.2026,11:51,Deodorant,199.9,2.0,399.8
FIS_2802,02.05.2026,11:51,Kil Maskesi,297.9,1.0,297.9
FIS_2802,02.05.2026,11:51,Şampuan,87.05,3.0,261.15
FIS_2802,02.05.2026,11:51,Yüz Temizleme,79.99,3.0,239.97
FIS_2802,02.05.2026,11:51,Diş Macunu,43.94,3.0,131.82
FIS_2803,14.12.2026,21:06,Tavuk Göğsü (kg),170.34,3.0,511.02
FIS_2803,14.12.2026,21:06,Salatalık (kg),22.27,1.0,22.27
FIS_2803,14.12.2026,21:06,Domates (kg),28.51,2.0,57.02
FIS_2803,14.12.2026,21:06,Makarna,15.95,2.0,31.9
FIS_2803,14.12.2026,21:06,Biber Dolmalık (kg),69.95,3.0,209.85
FIS_2803,14.12.2026,21:06,Deodorant,199.9,1.0,199.9
FIS_2804,26.07.2026,16:47,Deodorant,199.9,3.0,599.7
FIS_2804,26.07.2026,16:47,Plastik Poşet,1.0,1.0,1.0
FIS_2804,26.07.2026,16:47,Şampuan,110.05,2.0,220.1
FIS_2804,26.07.2026,16:47,Deterjan (5kg),179.98,2.0,359.96
FIS_2804,26.07.2026,16:47,Diş Macunu,46.42,2.0,92.84
FIS_2805,18.05.2026,13:53,Plastik Poşet,1.0,1.0,1.0
FIS_2805,18.05.2026,13:53,Şampuan,76.13,2.0,152.26
FIS_2805,18.05.2026,13:53,Diş Macunu,42.82,1.0,42.82
FIS_2805,18.05.2026,13:53,Deodorant,199.9,1.0,199.9
FIS_2805,18.05.2026,13:53,Deterjan (5kg),194.0,2.0,388.0
FIS_2806,14.04.2026,19:58,Salatalık (kg),21.77,2.0,43.54
FIS_2806,14.04.2026,19:58,Domates (kg),28.66,3.0,85.98
FIS_2806,14.04.2026,19:58,Biber Dolmalık (kg),69.95,1.0,69.95
FIS_2806,14.04.2026,19:58,Tavuk Göğsü (kg),163.82,1.0,163.82
FIS_2806,14.04.2026,19:58,Makarna,16.07,1.0,16.07
FIS_2806,14.04.2026,19:58,Sıvı Yağ (1L),47.15,1.0,47.15
FIS_2806,14.04.2026,19:58,Bebe Şampuanı,149.9,1.0,149.9
FIS_2807,23.09.2026,18:28,Yoğurt (2kg),64.87,1.0,64.87
FIS_2807,23.09.2026,18:28,Yumurta (15li),53.4,3.0,160.2
FIS_2807,23.09.2026,18:28,Ekmek,13.13,1.0,13.13
FIS_2807,23.09.2026,18:28,Peynir (500g),112.9,2.0,225.8
FIS_2808,12.03.2026,14:49,Çay (500g),95.94,1.0,95.94
FIS_2808,12.03.2026,14:49,Süt (1L),32.36,3.0,97.08
FIS_2808,12.03.2026,14:49,Ekmek,10.47,3.0,31.41
FIS_2808,12.03.2026,14:49,Şeker (1kg),32.87,2.0,65.74
FIS_2809,12.11.2026,18:28,Ekmek,11.24,2.0,22.48
FIS_2809,12.11.2026,18:28,Çay (500g),93.24,1.0,93.24
FIS_2809,12.11.2026,18:28,Süt (1L),31.76,3.0,95.28
FIS_2809,12.11.2026,18:28,Makarna,15.1,3.0,45.3
FIS_2810,04.11.2026,17:46,Domates (kg),28.23,1.0,28.23
FIS_2810,04.11.2026,17:46,Elma (kg),34.5,3.0,103.5
FIS_2810,04.11.2026,17:46,Limon Taze (kg),119.95,3.0,359.85
FIS_2810,04.11.2026,17:46,Biber Çarliston (kg),32.95,1.0,32.95
FIS_2810,04.11.2026,17:46,Salatalık (kg),23.56,2.0,47.12
FIS_2810,04.11.2026,17:46,Peynir (500g),110.83,3.0,332.49
FIS_2811,04.08.2026,13:34,Kil Maskesi,297.9,1.0,297.9
FIS_2811,04.08.2026,13:34,Şampuan,117.5,2.0,235.0
FIS_2811,04.08.2026,13:34,Yüz Temizleme,79.99,3.0,239.97
FIS_2811,04.08.2026,13:34,Deodorant,199.9,2.0,399.8
FIS_2812,05.08.2026,19:25,Süt (1L),32.66,2.0,65.32
FIS_2812,05.08.2026,19:25,Yoğurt (2kg),65.56,3.0,196.68
FIS_2812,05.08.2026,19:25,Peynir (500g),117.1,1.0,117.1
FIS_2812,05.08.2026,19:25,Çay (500g),93.2,2.0,186.4
FIS_2812,05.08.2026,19:25,Ekmek,12.79,1.0,12.79
FIS_2812,05.08.2026,19:25,Yumurta (15li),51.72,1.0,51.72
FIS_2812,05.08.2026,19:25,Domates (kg),29.65,1.0,29.65
FIS_2813,21.08.2026,17:38,Yoğurt (2kg),62.88,2.0,125.76
FIS_2813,21.08.2026,17:38,Peynir (500g),115.29,3.0,345.87
FIS_2813,21.08.2026,17:38,Ekmek,10.68,2.0,21.36
FIS_2813,21.08.2026,17:38,Çay (500g),91.52,2.0,183.04
FIS_2813,21.08.2026,17:38,Yumurta (15li),55.22,1.0,55.22
FIS_2814,16.01.2026,13:51,Çay (500g),93.66,2.0,187.32
FIS_2814,16.01.2026,13:51,Cola 1 LT,45.0,1.0,45.0
FIS_2814,16.01.2026,13:51,Cola 2.5 LT,55.0,2.0,110.0
FIS_2814,16.01.2026,13:51,Su 0.5 LT,5.0,3.0,15.0
FIS_2814,16.01.2026,13:51,Kek,59.0,1.0,59.0
FIS_2815,27.04.2026,19:32,Ekmek,13.69,1.0,13.69
FIS_2815,27.04.2026,19:32,Peynir (500g),115.63,3.0,346.89
FIS_2815,27.04.2026,19:32,Yoğurt (2kg),66.54,2.0,133.08
FIS_2815,27.04.2026,19:32,Süt (1L),31.69,1.0,31.69
FIS_2815,27.04.2026,19:32,Domates (kg),27.97,3.0,83.91
FIS_2816,13.06.2026,12:52,Yumurta (15li),51.78,2.0,103.56
FIS_2816,13.06.2026,12:52,Ekmek,13.4,2.0,26.8
FIS_2816,13.06.2026,12:52,Süt (1L),32.01,3.0,96.03
FIS_2816,13.06.2026,12:52,Çay (500g),94.54,2.0,189.08
FIS_2816,13.06.2026,12:52,Yoğurt (2kg),63.11,3.0,189.33
FIS_2816,13.06.2026,12:52,Peynir (500g),118.28,3.0,354.84
FIS_2817,15.11.2026,11:29,Şampuan,102.26,3.0,306.78
FIS_2817,15.11.2026,11:29,Plastik Poşet,1.0,2.0,2.0
FIS_2817,15.11.2026,11:29,Deterjan (5kg),176.06,3.0,528.18
FIS_2817,15.11.2026,11:29,Diş Macunu,44.42,3.0,133.26
FIS_2817,15.11.2026,11:29,Deodorant,199.9,1.0,199.9
FIS_2817,15.11.2026,11:29,Elma (kg),34.5,1.0,34.5
FIS_2818,03.08.2026,15:03,Salatalık (kg),23.04,3.0,69.12
FIS_2818,03.08.2026,15:03,Tavuk Göğsü (kg),158.37,1.0,158.37
FIS_2818,03.08.2026,15:03,Makarna,15.96,2.0,31.92
FIS_2818,03.08.2026,15:03,Sıvı Yağ (1L),46.49,3.0,139.47
FIS_2818,03.08.2026,15:03,Domates (kg),26.81,3.0,80.43
FIS_2818,03.08.2026,15:03,Biber Dolmalık (kg),69.95,1.0,69.95
FIS_2819,30.05.2026,12:54,Diş Macunu,46.22,3.0,138.66
FIS_2819,30.05.2026,12:54,Plastik Poşet,1.0,1.0,1.0
FIS_2819,30.05.2026,12:54,Şampuan,79.29,2.0,158.58
FIS_2819,30.05.2026,12:54,Deodorant,199.9,1.0,199.9
FIS_2819,30.05.2026,12:54,Deterjan (5kg),185.74,1.0,185.74
FIS_2819,30.05.2026,12:54,Domates (kg),28.09,2.0,56.18
FIS_2820,16.05.2026,21:07,Yoğurt (2kg),63.92,1.0,63.92
FIS_2820,16.05.2026,21:07,Yumurta (15li),55.1,2.0,110.2
FIS_2820,16.05.2026,21:07,Ekmek,11.3,1.0,11.3
FIS_2820,16.05.2026,21:07,Çay (500g),96.56,2.0,193.12
FIS_2821,31.03.2026,08:25,Makarna,15.16,1.0,15.16
FIS_2821,31.03.2026,08:25,Çay (500g),97.96,1.0,97.96
FIS_2821,31.03.2026,08:25,Süt (1L),31.4,2.0,62.8
FIS_2821,31.03.2026,08:25,Ekmek,11.19,3.0,33.57
FIS_2821,31.03.2026,08:25,Sıvı Yağ (1L),50.6,1.0,50.6
FIS_2822,26.10.2026,17:16,Ekmek,10.1,2.0,20.2
FIS_2822,26.10.2026,17:16,Çay (500g),91.48,2.0,182.96
FIS_2822,26.10.2026,17:16,Süt (1L),31.15,3.0,93.45
FIS_2822,26.10.2026,17:16,Şeker (1kg),33.8,3.0,101.4
FIS_2823,22.07.2026,15:01,Cola 2.5 LT,55.0,3.0,165.0
FIS_2823,22.07.2026,15:01,Kek,59.0,2.0,118.0
FIS_2823,22.07.2026,15:01,Cola 1 LT,45.0,3.0,135.0
FIS_2823,22.07.2026,15:01,Su 0.5 LT,5.0,1.0,5.0
FIS_2823,22.07.2026,15:01,Çay (500g),92.92,1.0,92.92
FIS_2823,22.07.2026,15:01,Tavuk Göğsü (kg),163.66,3.0,490.98
FIS_2824,27.09.2026,11:40,Ekmek,11.77,2.0,23.54
FIS_2824,27.09.2026,11:40,Sıvı Yağ (1L),47.42,1.0,47.42
FIS_2824,27.09.2026,11:40,Şeker (1kg),33.43,1.0,33.43
FIS_2824,27.09.2026,11:40,Süt (1L),31.08,2.0,62.16
FIS_2824,27.09.2026,11:40,Makarna,15.06,2.0,30.12
FIS_2824,27.09.2026,11:40,Çay (500g),95.2,3.0,285.6
FIS_2825,30.04.2026,10:06,Domates (kg),29.87,1.0,29.87
FIS_2825,30.04.2026,10:06,Salatalık (kg),21.79,3.0,65.37
FIS_2825,30.04.2026,10:06,Tavuk Göğsü (kg),162.0,3.0,486.0
FIS_2825,30.04.2026,10:06,Sıvı Yağ (1L),49.46,3.0,148.38
FIS_2825,30.04.2026,10:06,Biber Dolmalık (kg),69.95,3.0,209.85
FIS_2825,30.04.2026,10:06,Makarna,15.52,3.0,46.56
FIS_2826,16.10.2026,10:36,Makarna,15.31,3.0,45.93
FIS_2826,16.10.2026,10:36,Salatalık (kg),22.45,2.0,44.9
FIS_2826,16.10.2026,10:36,Domates (kg),29.63,1.0,29.63
FIS_2826,16.10.2026,10:36,Sıvı Yağ (1L),49.98,2.0,99.96
FIS_2826,16.10.2026,10:36,Tavuk Göğsü (kg),168.52,2.0,337.04
FIS_2827,31.01.2026,08:09,Domates (kg),28.79,3.0,86.37
FIS_2827,31.01.2026,08:09,Elma (kg),34.5,2.0,69.0
FIS_2827,31.01.2026,08:09,Limon Taze (kg),119.95,1.0,119.95
FIS_2827,31.01.2026,08:09,Salatalık (kg),23.01,2.0,46.02
FIS_2828,24.11.2026,15:41,Plastik Poşet,1.0,1.0,1.0
FIS_2828,24.11.2026,15:41,Diş Macunu,45.99,3.0,137.97
FIS_2828,24.11.2026,15:41,Deterjan (5kg),193.22,2.0,386.44
FIS_2828,24.11.2026,15:41,Deodorant,199.9,3.0,599.7
FIS_2828,24.11.2026,15:41,Bebe Şampuanı,149.9,3.0,449.7
FIS_2829,12.06.2026,22:51,Limon Taze (kg),119.95,2.0,239.9
FIS_2829,12.06.2026,22:51,Domates (kg),27.15,1.0,27.15
FIS_2829,12.06.2026,22:51,Salatalık (kg),23.2,3.0,69.6
FIS_2829,12.06.2026,22:51,Biber Çarliston (kg),32.95,2.0,65.9
FIS_2829,12.06.2026,22:51,Peynir (500g),114.42,2.0,228.84
FIS_2830,18.04.2026,11:44,Yumurta (15li),53.59,1.0,53.59
FIS_2830,18.04.2026,11:44,Ekmek,13.48,2.0,26.96
FIS_2830,18.04.2026,11:44,Süt (1L),33.74,2.0,67.48
FIS_2830,18.04.2026,11:44,Çay (500g),95.36,1.0,95.36
FIS_2830,18.04.2026,11:44,Peynir (500g),118.78,3.0,356.34
FIS_2831,30.11.2026,20:43,Sıvı Yağ (1L),46.48,1.0,46.48
FIS_2831,30.11.2026,20:43,Tavuk Göğsü (kg),171.31,1.0,171.31
FIS_2831,30.11.2026,20:43,Makarna,16.11,3.0,48.33
FIS_2831,30.11.2026,20:43,Domates (kg),29.71,1.0,29.71
FIS_2831,30.11.2026,20:43,Deterjan (5kg),182.15,3.0,546.45
FIS_2832,05.09.2026,19:01,Çay (500g),94.1,3.0,282.3
FIS_2832,05.09.2026,19:01,Su 0.5 LT,5.0,3.0,15.0
FIS_2832,05.09.2026,19:01,Cola 1 LT,45.0,3.0,135.0
FIS_2832,05.09.2026,19:01,Kek,59.0,1.0,59.0
FIS_2832,05.09.2026,19:01,Domates (kg),26.92,2.0,53.84
FIS_2833,20.10.2026,16:53,Cola 1 LT,45.0,2.0,90.0
FIS_2833,20.10.2026,16:53,Kek,59.0,1.0,59.0
FIS_2833,20.10.2026,16:53,Çay (500g),92.25,3.0,276.75
FIS_2833,20.10.2026,16:53,Cola 2.5 LT,55.0,1.0,55.0
FIS_2834,31.08.2026,21:07,Deodorant,199.9,2.0,399.8
FIS_2834,31.08.2026,21:07,Plastik Poşet,1.0,2.0,2.0
FIS_2834,31.08.2026,21:07,Diş Macunu,43.58,1.0,43.58
FIS_2834,31.08.2026,21:07,Şampuan,84.11,2.0,168.22
FIS_2834,31.08.2026,21:07,Deterjan (5kg),180.8,2.0,361.6
FIS_2835,16.10.2026,08:09,Çay (500g),95.76,3.0,287.28
FIS_2835,16.10.2026,08:09,Ekmek,9.79,2.0,19.58
FIS_2835,16.10.2026,08:09,Makarna,16.25,2.0,32.5
FIS_2835,16.10.2026,08:09,Şeker (1kg),35.57,3.0,106.71
FIS_2835,16.10.2026,08:09,Süt (1L),33.69,2.0,67.38
FIS_2835,16.10.2026,08:09,Sıvı Yağ (1L),48.86,1.0,48.86
FIS_2836,01.09.2026,12:05,Çay (500g),97.76,1.0,97.76
FIS_2836,01.09.2026,12:05,Cola 2.5 LT,55.0,1.0,55.0
FIS_2836,01.09.2026,12:05,Cola 1 LT,45.0,2.0,90.0
FIS_2836,01.09.2026,12:05,Su 0.5 LT,5.0,3.0,15.0
FIS_2836,01.09.2026,12:05,Domates (kg),27.09,3.0,81.27
FIS_2837,13.05.2026,13:58,Şampuan,93.6,1.0,93.6
FIS_2837,13.05.2026,13:58,Kil Maskesi,297.9,3.0,893.7
FIS_2837,13.05.2026,13:58,Yüz Temizleme,79.99,2.0,159.98
FIS_2837,13.05.2026,13:58,Deodorant,199.9,1.0,199.9
FIS_2837,13.05.2026,13:58,Plastik Poşet,1.0,3.0,3.0
FIS_2838,26.10.2026,20:06,Ekmek,12.08,2.0,24.16
FIS_2838,26.10.2026,20:06,Yumurta (15li),51.61,2.0,103.22
FIS_2838,26.10.2026,20:06,Süt (1L),32.25,3.0,96.75
FIS_2838,26.10.2026,20:06,Peynir (500g),116.27,3.0,348.81
FIS_2838,26.10.2026,20:06,Çay (500g),94.04,2.0,188.08
FIS_2838,26.10.2026,20:06,Yoğurt (2kg),67.49,2.0,134.98
FIS_2839,20.12.2026,11:03,Deodorant,199.9,3.0,599.7
FIS_2839,20.12.2026,11:03,Bebe Şampuanı,149.9,1.0,149.9
FIS_2839,20.12.2026,11:03,Şampuan,77.83,3.0,233.49
FIS_2839,20.12.2026,11:03,Diş Macunu,44.72,2.0,89.44
FIS_2839,20.12.2026,11:03,Yüz Temizleme,79.99,2.0,159.98
FIS_2839,20.12.2026,11:03,Sıvı Yağ (1L),49.02,1.0,49.02
FIS_2840,07.04.2026,15:13,Çay (500g),94.05,3.0,282.15
FIS_2840,07.04.2026,15:13,Sıvı Yağ (1L),50.32,1.0,50.32
FIS_2840,07.04.2026,15:13,Şeker (1kg),32.95,1.0,32.95
FIS_2840,07.04.2026,15:13,Ekmek,13.27,1.0,13.27
FIS_2840,07.04.2026,15:13,Makarna,15.02,1.0,15.02
FIS_2840,07.04.2026,15:13,Yüz Temizleme,79.99,3.0,239.97
FIS_2841,12.04.2026,12:23,Makarna,15.67,2.0,31.34
FIS_2841,12.04.2026,12:23,Sıvı Yağ (1L),48.93,2.0,97.86
FIS_2841,12.04.2026,12:23,Ekmek,11.06,2.0,22.12
FIS_2841,12.04.2026,12:23,Şeker (1kg),34.85,3.0,104.55
FIS_2841,12.04.2026,12:23,Çay (500g),91.19,1.0,91.19
FIS_2842,17.07.2026,08:10,Süt (1L),32.59,3.0,97.77
FIS_2842,17.07.2026,08:10,Çay (500g),90.44,1.0,90.44
FIS_2842,17.07.2026,08:10,Makarna,15.98,3.0,47.94
FIS_2842,17.07.2026,08:10,Şeker (1kg),35.02,1.0,35.02
FIS_2842,17.07.2026,08:10,Ekmek,10.65,2.0,21.3
FIS_2842,17.07.2026,08:10,Sıvı Yağ (1L),49.53,3.0,148.59
FIS_2843,26.11.2026,12:27,Su 0.5 LT,5.0,2.0,10.0
FIS_2843,26.11.2026,12:27,Kek,59.0,1.0,59.0
FIS_2843,26.11.2026,12:27,Cola 1 LT,45.0,3.0,135.0
FIS_2843,26.11.2026,12:27,Cola 2.5 LT,55.0,2.0,110.0
FIS_2843,26.11.2026,12:27,Çay (500g),95.5,3.0,286.5
FIS_2844,08.11.2026,12:19,Kil Maskesi,297.9,2.0,595.8
FIS_2844,08.11.2026,12:19,Şampuan,103.25,3.0,309.75
FIS_2844,08.11.2026,12:19,Deodorant,199.9,1.0,199.9
FIS_2844,08.11.2026,12:19,Diş Macunu,45.05,1.0,45.05
FIS_2845,30.01.2026,20:54,Sıvı Yağ (1L),47.37,2.0,94.74
FIS_2845,30.01.2026,20:54,Şeker (1kg),33.71,3.0,101.13
FIS_2845,30.01.2026,20:54,Süt (1L),31.1,3.0,93.3
FIS_2845,30.01.2026,20:54,Makarna,16.52,1.0,16.52
FIS_2845,30.01.2026,20:54,Ekmek,11.06,3.0,33.18
FIS_2845,30.01.2026,20:54,Çay (500g),92.39,3.0,277.17
FIS_2846,23.11.2026,20:30,Yüz Temizleme,79.99,3.0,239.97
FIS_2846,23.11.2026,20:30,Deodorant,199.9,1.0,199.9
FIS_2846,23.11.2026,20:30,Diş Macunu,46.96,2.0,93.92
FIS_2846,23.11.2026,20:30,Bebe Şampuanı,149.9,1.0,149.9
FIS_2846,23.11.2026,20:30,Şampuan,88.59,3.0,265.77
FIS_2846,23.11.2026,20:30,Cola 2.5 LT,55.0,2.0,110.0
FIS_2847,19.06.2026,13:16,Biber Çarliston (kg),32.95,1.0,32.95
FIS_2847,19.06.2026,13:16,Domates (kg),29.46,2.0,58.92
FIS_2847,19.06.2026,13:16,Salatalık (kg),22.57,2.0,45.14
FIS_2847,19.06.2026,13:16,Limon Taze (kg),119.95,1.0,119.95
FIS_2847,19.06.2026,13:16,Elma (kg),34.5,1.0,34.5
FIS_2848,25.06.2026,14:36,Kek,59.0,1.0,59.0
FIS_2848,25.06.2026,14:36,Cola 2.5 LT,55.0,1.0,55.0
FIS_2848,25.06.2026,14:36,Cola 1 LT,45.0,1.0,45.0
FIS_2848,25.06.2026,14:36,Su 0.5 LT,5.0,1.0,5.0
FIS_2848,25.06.2026,14:36,Salatalık (kg),22.48,1.0,22.48
FIS_2849,08.03.2026,17:27,Kil Maskesi,297.9,1.0,297.9
FIS_2849,08.03.2026,17:27,Bebe Şampuanı,149.9,3.0,449.7
FIS_2849,08.03.2026,17:27,Yüz Temizleme,79.99,3.0,239.97
FIS_2849,08.03.2026,17:27,Diş Macunu,42.77,3.0,128.31
FIS_2849,08.03.2026,17:27,Şampuan,83.4,3.0,250.2
FIS_2849,08.03.2026,17:27,Biber Dolmalık (kg),69.95,2.0,139.9
FIS_2850,08.03.2026,09:24,Salatalık (kg),22.54,3.0,67.62
FIS_2850,08.03.2026,09:24,Domates (kg),27.71,3.0,83.13
FIS_2850,08.03.2026,09:24,Biber Çarliston (kg),32.95,2.0,65.9
FIS_2850,08.03.2026,09:24,Limon Taze (kg),119.95,2.0,239.9
FIS_2850,08.03.2026,09:24,Elma (kg),34.5,1.0,34.5
FIS_2851,26.03.2026,22:58,Ekmek,11.78,1.0,11.78
FIS_2851,26.03.2026,22:58,Süt (1L),32.13,3.0,96.39
FIS_2851,26.03.2026,22:58,Makarna,16.21,2.0,32.42
FIS_2851,26.03.2026,22:58,Şeker (1kg),35.27,2.0,70.54
FIS_2851,26.03.2026,22:58,Çay (500g),97.42,3.0,292.26
FIS_2852,25.01.2026,17:03,Bebe Şampuanı,149.9,2.0,299.8
FIS_2852,25.01.2026,17:03,Şampuan,94.39,1.0,94.39
FIS_2852,25.01.2026,17:03,Yüz Temizleme,79.99,3.0,239.97
FIS_2852,25.01.2026,17:03,Deodorant,199.9,2.0,399.8
FIS_2852,25.01.2026,17:03,Su 0.5 LT,5.0,1.0,5.0
FIS_2853,06.12.2026,16:17,Biber Çarliston (kg),32.95,3.0,98.85
FIS_2853,06.12.2026,16:17,Domates (kg),27.26,2.0,54.52
FIS_2853,06.12.2026,16:17,Elma (kg),34.5,1.0,34.5
FIS_2853,06.12.2026,16:17,Limon Taze (kg),119.95,2.0,239.9
FIS_2853,06.12.2026,16:17,Ekmek,10.84,1.0,10.84
FIS_2854,08.10.2026,15:58,Sıvı Yağ (1L),50.11,3.0,150.33
FIS_2854,08.10.2026,15:58,Salatalık (kg),22.49,1.0,22.49
FIS_2854,08.10.2026,15:58,Domates (kg),29.17,1.0,29.17
FIS_2854,08.10.2026,15:58,Tavuk Göğsü (kg),168.63,1.0,168.63
FIS_2854,08.10.2026,15:58,Makarna,16.38,3.0,49.14
FIS_2854,08.10.2026,15:58,Biber Dolmalık (kg),69.95,2.0,139.9
FIS_2855,16.05.2026,15:03,Ekmek,9.95,1.0,9.95
FIS_2855,16.05.2026,15:03,Yumurta (15li),51.47,1.0,51.47
FIS_2855,16.05.2026,15:03,Süt (1L),33.06,1.0,33.06
FIS_2855,16.05.2026,15:03,Çay (500g),93.37,2.0,186.74
FIS_2855,16.05.2026,15:03,Şampuan,117.81,2.0,235.62
FIS_2856,17.02.2026,13:52,Deterjan (5kg),190.52,3.0,571.56
FIS_2856,17.02.2026,13:52,Deodorant,199.9,1.0,199.9
FIS_2856,17.02.2026,13:52,Şampuan,76.79,3.0,230.37
FIS_2856,17.02.2026,13:52,Diş Macunu,45.98,1.0,45.98
FIS_2856,17.02.2026,13:52,Su 0.5 LT,5.0,3.0,15.0
FIS_2857,05.09.2026,20:36,Diş Macunu,46.67,3.0,140.01
FIS_2857,05.09.2026,20:36,Yüz Temizleme,79.99,1.0,79.99
FIS_2857,05.09.2026,20:36,Kil Maskesi,297.9,2.0,595.8
FIS_2857,05.09.2026,20:36,Bebe Şampuanı,149.9,2.0,299.8
FIS_2857,05.09.2026,20:36,Şampuan,92.75,1.0,92.75
FIS_2858,14.05.2026,18:20,Yoğurt (2kg),66.45,2.0,132.9
FIS_2858,14.05.2026,18:20,Süt (1L),32.07,3.0,96.21
FIS_2858,14.05.2026,18:20,Peynir (500g),116.64,1.0,116.64
FIS_2858,14.05.2026,18:20,Yumurta (15li),55.77,3.0,167.31
FIS_2858,14.05.2026,18:20,Çay (500g),98.52,3.0,295.56
FIS_2858,14.05.2026,18:20,Ekmek,9.76,3.0,29.28
FIS_2859,22.03.2026,16:54,Cola 2.5 LT,55.0,3.0,165.0
FIS_2859,22.03.2026,16:54,Cola 1 LT,45.0,2.0,90.0
FIS_2859,22.03.2026,16:54,Çay (500g),97.84,1.0,97.84
FIS_2859,22.03.2026,16:54,Kek,59.0,3.0,177.0
FIS_2859,22.03.2026,16:54,Su 0.5 LT,5.0,2.0,10.0
FIS_2859,22.03.2026,16:54,Deterjan (5kg),184.13,1.0,184.13
FIS_2860,12.09.2026,19:41,Çay (500g),97.92,3.0,293.76
FIS_2860,12.09.2026,19:41,Yoğurt (2kg),67.96,3.0,203.88
FIS_2860,12.09.2026,19:41,Ekmek,10.88,3.0,32.64
FIS_2860,12.09.2026,19:41,Yumurta (15li),54.33,3.0,162.99
FIS_2861,10.12.2026,15:21,Şampuan,88.98,2.0,177.96
FIS_2861,10.12.2026,15:21,Deodorant,199.9,3.0,599.7
FIS_2861,10.12.2026,15:21,Plastik Poşet,1.0,2.0,2.0
FIS_2861,10.12.2026,15:21,Diş Macunu,44.33,3.0,132.99
FIS_2862,30.05.2026,16:33,Deterjan (5kg),189.48,2.0,378.96
FIS_2862,30.05.2026,16:33,Şampuan,76.49,3.0,229.47
FIS_2862,30.05.2026,16:33,Deodorant,199.9,1.0,199.9
FIS_2862,30.05.2026,16:33,Plastik Poşet,1.0,2.0,2.0
FIS_2863,21.04.2026,15:52,Çay (500g),95.75,2.0,191.5
FIS_2863,21.04.2026,15:52,Şeker (1kg),33.88,3.0,101.64
FIS_2863,21.04.2026,15:52,Ekmek,13.8,1.0,13.8
FIS_2863,21.04.2026,15:52,Süt (1L),34.0,1.0,34.0
FIS_2863,21.04.2026,15:52,Bebe Şampuanı,149.9,1.0,149.9
FIS_2864,11.10.2026,22:27,Sıvı Yağ (1L),49.02,2.0,98.04
FIS_2864,11.10.2026,22:27,Makarna,15.76,2.0,31.52
FIS_2864,11.10.2026,22:27,Süt (1L),32.3,3.0,96.9
FIS_2864,11.10.2026,22:27,Şeker (1kg),35.4,1.0,35.4
FIS_2864,11.10.2026,22:27,Ekmek,10.75,2.0,21.5
FIS_2864,11.10.2026,22:27,Çay (500g),99.24,2.0,198.48
FIS_2864,11.10.2026,22:27,Yüz Temizleme,79.99,1.0,79.99
FIS_2865,31.07.2026,17:44,Deodorant,199.9,3.0,599.7
FIS_2865,31.07.2026,17:44,Yüz Temizleme,79.99,3.0,239.97
FIS_2865,31.07.2026,17:44,Bebe Şampuanı,149.9,1.0,149.9
FIS_2865,31.07.2026,17:44,Kil Maskesi,297.9,3.0,893.7
FIS_2865,31.07.2026,17:44,Şampuan,102.31,3.0,306.93
FIS_2865,31.07.2026,17:44,Diş Macunu,43.26,2.0,86.52
FIS_2866,15.10.2026,15:37,Limon Taze (kg),119.95,1.0,119.95
FIS_2866,15.10.2026,15:37,Elma (kg),34.5,1.0,34.5
FIS_2866,15.10.2026,15:37,Salatalık (kg),23.55,3.0,70.65
FIS_2866,15.10.2026,15:37,Domates (kg),27.43,1.0,27.43
FIS_2866,15.10.2026,15:37,Biber Çarliston (kg),32.95,2.0,65.9
FIS_2866,15.10.2026,15:37,Tavuk Göğsü (kg),160.14,3.0,480.42
FIS_2867,17.01.2026,13:52,Çay (500g),92.99,3.0,278.97
FIS_2867,17.01.2026,13:52,Cola 2.5 LT,55.0,2.0,110.0
FIS_2867,17.01.2026,13:52,Kek,59.0,3.0,177.0
FIS_2867,17.01.2026,13:52,Su 0.5 LT,5.0,3.0,15.0
FIS_2868,28.01.2026,08:47,Plastik Poşet,1.0,3.0,3.0
FIS_2868,28.01.2026,08:47,Deodorant,199.9,3.0,599.7
FIS_2868,28.01.2026,08:47,Deterjan (5kg),193.5,2.0,387.0
FIS_2868,28.01.2026,08:47,Şampuan,93.15,3.0,279.45
FIS_2869,08.02.2026,10:11,Şampuan,71.56,2.0,143.12
FIS_2869,08.02.2026,10:11,Kil Maskesi,297.9,1.0,297.9
FIS_2869,08.02.2026,10:11,Bebe Şampuanı,149.9,2.0,299.8
FIS_2869,08.02.2026,10:11,Diş Macunu,45.41,3.0,136.23
FIS_2869,08.02.2026,10:11,Deodorant,199.9,3.0,599.7
FIS_2869,08.02.2026,10:11,Yüz Temizleme,79.99,3.0,239.97
FIS_2869,08.02.2026,10:11,Elma (kg),34.5,1.0,34.5
FIS_2870,29.12.2026,13:33,Makarna,15.6,2.0,31.2
FIS_2870,29.12.2026,13:33,Tavuk Göğsü (kg),160.42,1.0,160.42
FIS_2870,29.12.2026,13:33,Domates (kg),28.79,2.0,57.58
FIS_2870,29.12.2026,13:33,Sıvı Yağ (1L),47.85,1.0,47.85
FIS_2871,13.11.2026,16:30,Domates (kg),28.63,3.0,85.89
FIS_2871,13.11.2026,16:30,Elma (kg),34.5,1.0,34.5
FIS_2871,13.11.2026,16:30,Salatalık (kg),22.9,2.0,45.8
FIS_2871,13.11.2026,16:30,Limon Taze (kg),119.95,1.0,119.95
FIS_2872,17.07.2026,12:34,Şampuan,85.72,3.0,257.16
FIS_2872,17.07.2026,12:34,Yüz Temizleme,79.99,3.0,239.97
FIS_2872,17.07.2026,12:34,Deodorant,199.9,1.0,199.9
FIS_2872,17.07.2026,12:34,Kil Maskesi,297.9,3.0,893.7
FIS_2872,17.07.2026,12:34,Diş Macunu,45.12,3.0,135.36
FIS_2873,03.02.2026,11:42,Bebe Şampuanı,149.9,3.0,449.7
FIS_2873,03.02.2026,11:42,Kil Maskesi,297.9,3.0,893.7
FIS_2873,03.02.2026,11:42,Şampuan,111.07,1.0,111.07
FIS_2873,03.02.2026,11:42,Yüz Temizleme,79.99,1.0,79.99
FIS_2874,13.01.2026,15:45,Deterjan (5kg),186.14,3.0,558.42
FIS_2874,13.01.2026,15:45,Plastik Poşet,1.0,2.0,2.0
FIS_2874,13.01.2026,15:45,Deodorant,199.9,2.0,399.8
FIS_2874,13.01.2026,15:45,Diş Macunu,45.55,2.0,91.1
FIS_2875,11.06.2026,08:24,Yüz Temizleme,79.99,1.0,79.99
FIS_2875,11.06.2026,08:24,Şampuan,88.71,3.0,266.13
FIS_2875,11.06.2026,08:24,Bebe Şampuanı,149.9,3.0,449.7
FIS_2875,11.06.2026,08:24,Deodorant,199.9,1.0,199.9
FIS_2876,25.05.2026,20:59,Su 0.5 LT,5.0,3.0,15.0
FIS_2876,25.05.2026,20:59,Cola 1 LT,45.0,3.0,135.0
FIS_2876,25.05.2026,20:59,Cola 2.5 LT,55.0,3.0,165.0
FIS_2876,25.05.2026,20:59,Çay (500g),96.29,1.0,96.29
FIS_2876,25.05.2026,20:59,Kek,59.0,3.0,177.0
FIS_2877,14.03.2026,09:02,Süt (1L),31.43,1.0,31.43
FIS_2877,14.03.2026,09:02,Çay (500g),92.38,2.0,184.76
FIS_2877,14.03.2026,09:02,Ekmek,10.39,1.0,10.39
FIS_2877,14.03.2026,09:02,Peynir (500g),116.98,3.0,350.94
FIS_2877,14.03.2026,09:02,Yoğurt (2kg),67.25,3.0,201.75
FIS_2877,14.03.2026,09:02,Yumurta (15li),53.81,3.0,161.43
FIS_2877,14.03.2026,09:02,Yüz Temizleme,79.99,3.0,239.97
FIS_2878,04.02.2026,12:06,Makarna,16.37,2.0,32.74
FIS_2878,04.02.2026,12:06,Sıvı Yağ (1L),48.45,2.0,96.9
FIS_2878,04.02.2026,12:06,Salatalık (kg),22.75,2.0,45.5
FIS_2878,04.02.2026,12:06,Domates (kg),28.89,1.0,28.89
FIS_2878,04.02.2026,12:06,Tavuk Göğsü (kg),166.05,2.0,332.1
FIS_2878,04.02.2026,12:06,Biber Dolmalık (kg),69.95,2.0,139.9
FIS_2879,28.03.2026,08:20,Biber Dolmalık (kg),69.95,2.0,139.9
FIS_2879,28.03.2026,08:20,Sıvı Yağ (1L),48.25,2.0,96.5
FIS_2879,28.03.2026,08:20,Salatalık (kg),22.47,1.0,22.47
FIS_2879,28.03.2026,08:20,Domates (kg),27.18,3.0,81.54
FIS_2879,28.03.2026,08:20,Deodorant,199.9,2.0,399.8
FIS_2880,13.03.2026,22:34,Biber Dolmalık (kg),69.95,3.0,209.85
FIS_2880,13.03.2026,22:34,Tavuk Göğsü (kg),160.28,1.0,160.28
FIS_2880,13.03.2026,22:34,Makarna,15.83,3.0,47.49
FIS_2880,13.03.2026,22:34,Sıvı Yağ (1L),50.39,3.0,151.17
FIS_2880,13.03.2026,22:34,Salatalık (kg),22.44,1.0,22.44
FIS_2881,07.07.2026,14:14,Çay (500g),92.55,3.0,277.65
FIS_2881,07.07.2026,14:14,Şeker (1kg),34.63,3.0,103.89
FIS_2881,07.07.2026,14:14,Süt (1L),31.43,1.0,31.43
FIS_2881,07.07.2026,14:14,Sıvı Yağ (1L),46.98,3.0,140.94
FIS_2881,07.07.2026,14:14,Ekmek,12.47,1.0,12.47
FIS_2881,07.07.2026,14:14,Makarna,16.12,2.0,32.24
FIS_2881,07.07.2026,14:14,Yoğurt (2kg),67.8,1.0,67.8
FIS_2882,23.04.2026,20:31,Salatalık (kg),22.54,2.0,45.08
FIS_2882,23.04.2026,20:31,Biber Dolmalık (kg),69.95,2.0,139.9
FIS_2882,23.04.2026,20:31,Domates (kg),29.51,1.0,29.51
FIS_2882,23.04.2026,20:31,Tavuk Göğsü (kg),172.82,2.0,345.64
FIS_2883,22.02.2026,19:33,Bebe Şampuanı,149.9,2.0,299.8
FIS_2883,22.02.2026,19:33,Deodorant,199.9,1.0,199.9
FIS_2883,22.02.2026,19:33,Diş Macunu,45.05,2.0,90.1
FIS_2883,22.02.2026,19:33,Kil Maskesi,297.9,2.0,595.8
FIS_2883,22.02.2026,19:33,Yüz Temizleme,79.99,2.0,159.98
FIS_2883,22.02.2026,19:33,Şampuan,114.5,1.0,114.5
FIS_2884,14.09.2026,22:08,Cola 2.5 LT,55.0,3.0,165.0
FIS_2884,14.09.2026,22:08,Cola 1 LT,45.0,3.0,135.0
FIS_2884,14.09.2026,22:08,Kek,59.0,2.0,118.0
FIS_2884,14.09.2026,22:08,Çay (500g),96.95,2.0,193.9
FIS_2884,14.09.2026,22:08,Domates (kg),28.83,2.0,57.66
FIS_2885,18.04.2026,17:10,Şampuan,114.68,1.0,114.68
FIS_2885,18.04.2026,17:10,Diş Macunu,43.0,2.0,86.0
FIS_2885,18.04.2026,17:10,Bebe Şampuanı,149.9,3.0,449.7
FIS_2885,18.04.2026,17:10,Kil Maskesi,297.9,3.0,893.7
FIS_2885,18.04.2026,17:10,Deodorant,199.9,3.0,599.7
FIS_2885,18.04.2026,17:10,Domates (kg),26.66,3.0,79.98
FIS_2886,05.12.2026,21:18,Çay (500g),95.86,3.0,287.58
FIS_2886,05.12.2026,21:18,Süt (1L),33.55,1.0,33.55
FIS_2886,05.12.2026,21:18,Yoğurt (2kg),65.8,3.0,197.4
FIS_2886,05.12.2026,21:18,Peynir (500g),112.34,3.0,337.02
FIS_2886,05.12.2026,21:18,Sıvı Yağ (1L),49.4,2.0,98.8
FIS_2887,02.11.2026,17:04,Sıvı Yağ (1L),50.47,3.0,151.41
FIS_2887,02.11.2026,17:04,Domates (kg),27.99,1.0,27.99
FIS_2887,02.11.2026,17:04,Tavuk Göğsü (kg),166.7,1.0,166.7
FIS_2887,02.11.2026,17:04,Biber Dolmalık (kg),69.95,3.0,209.85
FIS_2887,02.11.2026,17:04,Salatalık (kg),22.72,3.0,68.16
FIS_2888,15.09.2026,20:07,Yoğurt (2kg),64.19,1.0,64.19
FIS_2888,15.09.2026,20:07,Peynir (500g),117.29,2.0,234.58
FIS_2888,15.09.2026,20:07,Ekmek,10.55,2.0,21.1
FIS_2888,15.09.2026,20:07,Yumurta (15li),55.51,2.0,111.02
FIS_2888,15.09.2026,20:07,Süt (1L),32.08,3.0,96.24
FIS_2889,23.12.2026,17:06,Kek,59.0,1.0,59.0
FIS_2889,23.12.2026,17:06,Su 0.5 LT,5.0,1.0,5.0
FIS_2889,23.12.2026,17:06,Cola 1 LT,45.0,1.0,45.0
FIS_2889,23.12.2026,17:06,Çay (500g),95.12,2.0,190.24
FIS_2889,23.12.2026,17:06,Biber Çarliston (kg),32.95,3.0,98.85
FIS_2890,11.06.2026,14:23,Çay (500g),94.24,2.0,188.48
FIS_2890,11.06.2026,14:23,Süt (1L),32.9,3.0,98.7
FIS_2890,11.06.2026,14:23,Yumurta (15li),53.48,1.0,53.48
FIS_2890,11.06.2026,14:23,Peynir (500g),114.04,3.0,342.12
FIS_2891,05.09.2026,10:23,Elma (kg),34.5,3.0,103.5
FIS_2891,05.09.2026,10:23,Limon Taze (kg),119.95,1.0,119.95
FIS_2891,05.09.2026,10:23,Biber Çarliston (kg),32.95,3.0,98.85
FIS_2891,05.09.2026,10:23,Salatalık (kg),23.48,1.0,23.48
FIS_2891,05.09.2026,10:23,Domates (kg),27.31,2.0,54.62
FIS_2892,23.06.2026,20:35,Salatalık (kg),23.2,2.0,46.4
FIS_2892,23.06.2026,20:35,Biber Çarliston (kg),32.95,2.0,65.9
FIS_2892,23.06.2026,20:35,Elma (kg),34.5,2.0,69.0
FIS_2892,23.06.2026,20:35,Domates (kg),27.33,1.0,27.33
FIS_2893,08.11.2026,08:46,Çay (500g),94.38,1.0,94.38
FIS_2893,08.11.2026,08:46,Kek,59.0,3.0,177.0
FIS_2893,08.11.2026,08:46,Su 0.5 LT,5.0,1.0,5.0
FIS_2893,08.11.2026,08:46,Cola 1 LT,45.0,3.0,135.0
FIS_2893,08.11.2026,08:46,Cola 2.5 LT,55.0,1.0,55.0
FIS_2894,11.11.2026,10:43,Peynir (500g),113.35,2.0,226.7
FIS_2894,11.11.2026,10:43,Ekmek,11.34,1.0,11.34
FIS_2894,11.11.2026,10:43,Yoğurt (2kg),65.13,3.0,195.39
FIS_2894,11.11.2026,10:43,Süt (1L),33.19,1.0,33.19
FIS_2894,11.11.2026,10:43,Çay (500g),95.39,3.0,286.17
FIS_2895,14.10.2026,22:37,Diş Macunu,45.31,2.0,90.62
FIS_2895,14.10.2026,22:37,Şampuan,79.81,3.0,239.43
FIS_2895,14.10.2026,22:37,Plastik Poşet,1.0,1.0,1.0
FIS_2895,14.10.2026,22:37,Deterjan (5kg),185.15,2.0,370.3
FIS_2895,14.10.2026,22:37,Deodorant,199.9,3.0,599.7
FIS_2896,12.05.2026,22:34,Şeker (1kg),35.55,2.0,71.1
FIS_2896,12.05.2026,22:34,Sıvı Yağ (1L),49.38,3.0,148.14
FIS_2896,12.05.2026,22:34,Makarna,16.31,2.0,32.62
FIS_2896,12.05.2026,22:34,Çay (500g),91.42,1.0,91.42
FIS_2896,12.05.2026,22:34,Süt (1L),32.18,1.0,32.18
FIS_2896,12.05.2026,22:34,Ekmek,12.55,1.0,12.55
FIS_2897,11.06.2026,14:22,Elma (kg),34.5,1.0,34.5
FIS_2897,11.06.2026,14:22,Salatalık (kg),22.45,2.0,44.9
FIS_2897,11.06.2026,14:22,Biber Çarliston (kg),32.95,3.0,98.85
FIS_2897,11.06.2026,14:22,Domates (kg),27.49,3.0,82.47
FIS_2897,11.06.2026,14:22,Deodorant,199.9,1.0,199.9
FIS_2898,13.09.2026,19:12,Domates (kg),27.77,1.0,27.77
FIS_2898,13.09.2026,19:12,Salatalık (kg),21.67,1.0,21.67
FIS_2898,13.09.2026,19:12,Biber Dolmalık (kg),69.95,3.0,209.85
FIS_2898,13.09.2026,19:12,Tavuk Göğsü (kg),164.86,1.0,164.86
FIS_2898,13.09.2026,19:12,Makarna,16.16,3.0,48.48
FIS_2898,13.09.2026,19:12,Sıvı Yağ (1L),50.7,2.0,101.4
FIS_2899,10.07.2026,17:20,Su 0.5 LT,5.0,2.0,10.0
FIS_2899,10.07.2026,17:20,Cola 2.5 LT,55.0,3.0,165.0
FIS_2899,10.07.2026,17:20,Kek,59.0,2.0,118.0
FIS_2899,10.07.2026,17:20,Çay (500g),93.96,3.0,281.88
FIS_2899,10.07.2026,17:20,Cola 1 LT,45.0,2.0,90.0
FIS_2899,10.07.2026,17:20,Salatalık (kg),23.54,3.0,70.62
FIS_2900,23.09.2026,15:20,Şampuan,113.27,1.0,113.27
FIS_2900,23.09.2026,15:20,Diş Macunu,45.19,1.0,45.19
FIS_2900,23.09.2026,15:20,Kil Maskesi,297.9,3.0,893.7
FIS_2900,23.09.2026,15:20,Deodorant,199.9,1.0,199.9
FIS_2900,23.09.2026,15:20,Plastik Poşet,1.0,1.0,1.0
FIS_2901,03.08.2026,19:48,Deodorant,199.9,1.0,199.9
FIS_2901,03.08.2026,19:48,Diş Macunu,45.96,1.0,45.96
FIS_2901,03.08.2026,19:48,Şampuan,98.34,2.0,196.68
FIS_2901,03.08.2026,19:48,Deterjan (5kg),179.58,3.0,538.74
FIS_2901,03.08.2026,19:48,Plastik Poşet,1.0,1.0,1.0
FIS_2902,01.04.2026,14:31,Makarna,15.86,2.0,31.72
FIS_2902,01.04.2026,14:31,Biber Dolmalık (kg),69.95,1.0,69.95
FIS_2902,01.04.2026,14:31,Salatalık (kg),21.54,2.0,43.08
FIS_2902,01.04.2026,14:31,Domates (kg),28.17,3.0,84.51
FIS_2902,01.04.2026,14:31,Sıvı Yağ (1L),46.59,3.0,139.77
FIS_2902,01.04.2026,14:31,Tavuk Göğsü (kg),162.27,2.0,324.54
FIS_2903,04.07.2026,16:35,Şeker (1kg),35.56,1.0,35.56
FIS_2903,04.07.2026,16:35,Ekmek,12.1,3.0,36.3
FIS_2903,04.07.2026,16:35,Sıvı Yağ (1L),49.23,1.0,49.23
FIS_2903,04.07.2026,16:35,Makarna,16.5,2.0,33.0
FIS_2903,04.07.2026,16:35,Süt (1L),32.1,3.0,96.3
FIS_2904,19.09.2026,15:49,Şampuan,102.49,2.0,204.98
FIS_2904,19.09.2026,15:49,Kil Maskesi,297.9,3.0,893.7
FIS_2904,19.09.2026,15:49,Deodorant,199.9,1.0,199.9
FIS_2904,19.09.2026,15:49,Diş Macunu,43.1,2.0,86.2
FIS_2904,19.09.2026,15:49,Bebe Şampuanı,149.9,2.0,299.8
FIS_2905,01.12.2026,12:45,Diş Macunu,43.31,1.0,43.31
FIS_2905,01.12.2026,12:45,Deodorant,199.9,3.0,599.7
FIS_2905,01.12.2026,12:45,Şampuan,105.42,1.0,105.42
FIS_2905,01.12.2026,12:45,Plastik Poşet,1.0,2.0,2.0
FIS_2905,01.12.2026,12:45,Deterjan (5kg),177.9,1.0,177.9
FIS_2905,01.12.2026,12:45,Ekmek,13.72,2.0,27.44
FIS_2906,08.10.2026,08:01,Makarna,15.33,3.0,45.99
FIS_2906,08.10.2026,08:01,Ekmek,10.79,3.0,32.37
FIS_2906,08.10.2026,08:01,Çay (500g),91.52,3.0,274.56
FIS_2906,08.10.2026,08:01,Süt (1L),33.61,1.0,33.61
FIS_2906,08.10.2026,08:01,Sıvı Yağ (1L),46.3,2.0,92.6
FIS_2906,08.10.2026,08:01,Kek,59.0,2.0,118.0
FIS_2907,01.09.2026,15:55,Limon Taze (kg),119.95,3.0,359.85
FIS_2907,01.09.2026,15:55,Biber Çarliston (kg),32.95,3.0,98.85
FIS_2907,01.09.2026,15:55,Domates (kg),28.71,2.0,57.42
FIS_2907,01.09.2026,15:55,Elma (kg),34.5,2.0,69.0
FIS_2907,01.09.2026,15:55,Salatalık (kg),22.59,1.0,22.59
FIS_2908,15.08.2026,12:23,Cola 2.5 LT,55.0,2.0,110.0
FIS_2908,15.08.2026,12:23,Kek,59.0,2.0,118.0
FIS_2908,15.08.2026,12:23,Cola 1 LT,45.0,2.0,90.0
FIS_2908,15.08.2026,12:23,Su 0.5 LT,5.0,3.0,15.0
FIS_2908,15.08.2026,12:23,Çay (500g),92.48,1.0,92.48
FIS_2909,08.10.2026,13:12,Su 0.5 LT,5.0,3.0,15.0
FIS_2909,08.10.2026,13:12,Cola 2.5 LT,55.0,3.0,165.0
FIS_2909,08.10.2026,13:12,Cola 1 LT,45.0,3.0,135.0
FIS_2909,08.10.2026,13:12,Çay (500g),92.85,3.0,278.55
FIS_2909,08.10.2026,13:12,Kek,59.0,2.0,118.0
FIS_2910,31.07.2026,11:54,Peynir (500g),114.49,3.0,343.47
FIS_2910,31.07.2026,11:54,Yumurta (15li),54.65,1.0,54.65
FIS_2910,31.07.2026,11:54,Ekmek,10.96,1.0,10.96
FIS_2910,31.07.2026,11:54,Süt (1L),31.14,3.0,93.42
FIS_2911,12.01.2026,10:06,Şampuan,81.86,2.0,163.72
FIS_2911,12.01.2026,10:06,Deodorant,199.9,2.0,399.8
FIS_2911,12.01.2026,10:06,Diş Macunu,47.19,2.0,94.38
FIS_2911,12.01.2026,10:06,Deterjan (5kg),188.66,1.0,188.66
FIS_2911,12.01.2026,10:06,Plastik Poşet,1.0,1.0,1.0
FIS_2911,12.01.2026,10:06,Çay (500g),90.87,2.0,181.74
FIS_2912,06.02.2026,16:30,Salatalık (kg),22.97,2.0,45.94
FIS_2912,06.02.2026,16:30,Sıvı Yağ (1L),49.81,2.0,99.62
FIS_2912,06.02.2026,16:30,Tavuk Göğsü (kg),160.85,1.0,160.85
FIS_2912,06.02.2026,16:30,Makarna,15.28,3.0,45.84
FIS_2913,18.02.2026,16:42,Sıvı Yağ (1L),48.75,1.0,48.75
FIS_2913,18.02.2026,16:42,Salatalık (kg),21.96,3.0,65.88
FIS_2913,18.02.2026,16:42,Makarna,15.44,2.0,30.88
FIS_2913,18.02.2026,16:42,Tavuk Göğsü (kg),171.3,3.0,513.9
FIS_2913,18.02.2026,16:42,Biber Dolmalık (kg),69.95,1.0,69.95
FIS_2914,01.05.2026,18:27,Şampuan,118.48,3.0,355.44
FIS_2914,01.05.2026,18:27,Diş Macunu,46.24,2.0,92.48
FIS_2914,01.05.2026,18:27,Deodorant,199.9,1.0,199.9
FIS_2914,01.05.2026,18:27,Deterjan (5kg),182.76,1.0,182.76
FIS_2914,01.05.2026,18:27,Tavuk Göğsü (kg),160.87,2.0,321.74
FIS_2915,16.02.2026,18:39,Deterjan (5kg),190.37,1.0,190.37
FIS_2915,16.02.2026,18:39,Diş Macunu,44.92,2.0,89.84
FIS_2915,16.02.2026,18:39,Deodorant,199.9,3.0,599.7
FIS_2915,16.02.2026,18:39,Plastik Poşet,1.0,2.0,2.0
FIS_2916,09.04.2026,08:44,Cola 2.5 LT,55.0,2.0,110.0
FIS_2916,09.04.2026,08:44,Kek,59.0,1.0,59.0
FIS_2916,09.04.2026,08:44,Cola 1 LT,45.0,2.0,90.0
FIS_2916,09.04.2026,08:44,Çay (500g),97.06,2.0,194.12
FIS_2916,09.04.2026,08:44,Su 0.5 LT,5.0,3.0,15.0
FIS_2917,11.10.2026,10:04,Biber Çarliston (kg),32.95,3.0,98.85
FIS_2917,11.10.2026,10:04,Elma (kg),34.5,1.0,34.5
FIS_2917,11.10.2026,10:04,Salatalık (kg),23.33,3.0,69.99
FIS_2917,11.10.2026,10:04,Limon Taze (kg),119.95,3.0,359.85
FIS_2918,03.05.2026,13:46,Süt (1L),32.0,3.0,96.0
FIS_2918,03.05.2026,13:46,Çay (500g),93.31,1.0,93.31
FIS_2918,03.05.2026,13:46,Peynir (500g),115.29,1.0,115.29
FIS_2918,03.05.2026,13:46,Yumurta (15li),51.65,1.0,51.65
FIS_2918,03.05.2026,13:46,Yoğurt (2kg),62.97,1.0,62.97
FIS_2918,03.05.2026,13:46,Ekmek,10.43,2.0,20.86
FIS_2919,09.04.2026,09:02,Biber Çarliston (kg),32.95,1.0,32.95
FIS_2919,09.04.2026,09:02,Elma (kg),34.5,1.0,34.5
FIS_2919,09.04.2026,09:02,Domates (kg),28.14,3.0,84.42
FIS_2919,09.04.2026,09:02,Salatalık (kg),21.54,3.0,64.62
FIS_2919,09.04.2026,09:02,Limon Taze (kg),119.95,2.0,239.9
FIS_2920,08.07.2026,20:45,Yumurta (15li),51.92,3.0,155.76
FIS_2920,08.07.2026,20:45,Süt (1L),31.71,2.0,63.42
FIS_2920,08.07.2026,20:45,Ekmek,10.37,3.0,31.11
FIS_2920,08.07.2026,20:45,Yoğurt (2kg),66.01,3.0,198.03
FIS_2920,08.07.2026,20:45,Çay (500g),96.08,1.0,96.08
FIS_2920,08.07.2026,20:45,Peynir (500g),115.7,3.0,347.1
FIS_2920,08.07.2026,20:45,Makarna,15.62,1.0,15.62
FIS_2921,23.11.2026,17:22,Bebe Şampuanı,149.9,3.0,449.7
FIS_2921,23.11.2026,17:22,Kil Maskesi,297.9,3.0,893.7
FIS_2921,23.11.2026,17:22,Şampuan,92.86,2.0,185.72
FIS_2921,23.11.2026,17:22,Yüz Temizleme,79.99,3.0,239.97
FIS_2921,23.11.2026,17:22,Deodorant,199.9,2.0,399.8
FIS_2922,10.07.2026,14:48,Bebe Şampuanı,149.9,2.0,299.8
FIS_2922,10.07.2026,14:48,Deodorant,199.9,2.0,399.8
FIS_2922,10.07.2026,14:48,Diş Macunu,42.75,1.0,42.75
FIS_2922,10.07.2026,14:48,Yüz Temizleme,79.99,3.0,239.97
FIS_2922,10.07.2026,14:48,Şampuan,72.07,1.0,72.07
FIS_2922,10.07.2026,14:48,Elma (kg),34.5,2.0,69.0
FIS_2923,04.01.2026,12:14,Tavuk Göğsü (kg),159.36,2.0,318.72
FIS_2923,04.01.2026,12:14,Salatalık (kg),22.21,3.0,66.63
FIS_2923,04.01.2026,12:14,Domates (kg),27.42,2.0,54.84
FIS_2923,04.01.2026,12:14,Biber Dolmalık (kg),69.95,1.0,69.95
FIS_2923,04.01.2026,12:14,Makarna,15.86,3.0,47.58
FIS_2924,22.04.2026,19:04,Kil Maskesi,297.9,3.0,893.7
FIS_2924,22.04.2026,19:04,Diş Macunu,46.35,2.0,92.7
FIS_2924,22.04.2026,19:04,Bebe Şampuanı,149.9,1.0,149.9
FIS_2924,22.04.2026,19:04,Deodorant,199.9,2.0,399.8
FIS_2924,22.04.2026,19:04,Şampuan,88.23,2.0,176.46
FIS_2925,02.08.2026,22:55,Yoğurt (2kg),64.27,2.0,128.54
FIS_2925,02.08.2026,22:55,Süt (1L),32.63,2.0,65.26
FIS_2925,02.08.2026,22:55,Ekmek,11.94,1.0,11.94
FIS_2925,02.08.2026,22:55,Yumurta (15li),53.11,3.0,159.33
FIS_2926,24.04.2026,10:03,Kil Maskesi,297.9,2.0,595.8
FIS_2926,24.04.2026,10:03,Bebe Şampuanı,149.9,3.0,449.7
FIS_2926,24.04.2026,10:03,Şampuan,107.59,3.0,322.77
FIS_2926,24.04.2026,10:03,Yüz Temizleme,79.99,1.0,79.99
FIS_2926,24.04.2026,10:03,Diş Macunu,44.52,2.0,89.04
FIS_2926,24.04.2026,10:03,Deodorant,199.9,1.0,199.9
FIS_2927,11.03.2026,15:35,Sıvı Yağ (1L),47.67,3.0,143.01
FIS_2927,11.03.2026,15:35,Makarna,15.11,3.0,45.33
FIS_2927,11.03.2026,15:35,Domates (kg),27.96,2.0,55.92
FIS_2927,11.03.2026,15:35,Salatalık (kg),22.17,2.0,44.34
FIS_2927,11.03.2026,15:35,Tavuk Göğsü (kg),162.44,3.0,487.32
FIS_2927,11.03.2026,15:35,Deodorant,199.9,2.0,399.8
FIS_2928,28.03.2026,13:39,Makarna,16.15,1.0,16.15
FIS_2928,28.03.2026,13:39,Süt (1L),31.34,1.0,31.34
FIS_2928,28.03.2026,13:39,Sıvı Yağ (1L),47.29,3.0,141.87
FIS_2928,28.03.2026,13:39,Ekmek,13.67,2.0,27.34
FIS_2928,28.03.2026,13:39,Şeker (1kg),32.42,3.0,97.26
FIS_2928,28.03.2026,13:39,Şampuan,110.46,2.0,220.92
FIS_2929,19.08.2026,15:01,Plastik Poşet,1.0,1.0,1.0
FIS_2929,19.08.2026,15:01,Şampuan,105.14,3.0,315.42
FIS_2929,19.08.2026,15:01,Deterjan (5kg),176.36,3.0,529.08
FIS_2929,19.08.2026,15:01,Deodorant,199.9,3.0,599.7
FIS_2930,23.01.2026,12:10,Peynir (500g),109.42,2.0,218.84
FIS_2930,23.01.2026,12:10,Süt (1L),33.05,3.0,99.15
FIS_2930,23.01.2026,12:10,Yumurta (15li),55.83,3.0,167.49
FIS_2930,23.01.2026,12:10,Ekmek,11.13,1.0,11.13
FIS_2930,23.01.2026,12:10,Yoğurt (2kg),61.96,3.0,185.88
FIS_2931,17.07.2026,11:24,Elma (kg),34.5,3.0,103.5
FIS_2931,17.07.2026,11:24,Biber Çarliston (kg),32.95,1.0,32.95
FIS_2931,17.07.2026,11:24,Limon Taze (kg),119.95,2.0,239.9
FIS_2931,17.07.2026,11:24,Domates (kg),27.7,2.0,55.4
FIS_2932,22.03.2026,08:22,Deodorant,199.9,2.0,399.8
FIS_2932,22.03.2026,08:22,Bebe Şampuanı,149.9,1.0,149.9
FIS_2932,22.03.2026,08:22,Diş Macunu,46.95,2.0,93.9
FIS_2932,22.03.2026,08:22,Yüz Temizleme,79.99,2.0,159.98
FIS_2932,22.03.2026,08:22,Kil Maskesi,297.9,3.0,893.7
FIS_2933,12.03.2026,09:46,Su 0.5 LT,5.0,3.0,15.0
FIS_2933,12.03.2026,09:46,Cola 2.5 LT,55.0,3.0,165.0
FIS_2933,12.03.2026,09:46,Kek,59.0,3.0,177.0
FIS_2933,12.03.2026,09:46,Cola 1 LT,45.0,3.0,135.0
FIS_2934,17.12.2026,20:12,Şeker (1kg),35.6,1.0,35.6
FIS_2934,17.12.2026,20:12,Makarna,15.99,3.0,47.97
FIS_2934,17.12.2026,20:12,Süt (1L),33.85,2.0,67.7
FIS_2934,17.12.2026,20:12,Sıvı Yağ (1L),46.45,3.0,139.35
FIS_2935,02.03.2026,10:20,Çay (500g),93.14,3.0,279.42
FIS_2935,02.03.2026,10:20,Ekmek,13.7,3.0,41.1
FIS_2935,02.03.2026,10:20,Şeker (1kg),35.46,2.0,70.92
FIS_2935,02.03.2026,10:20,Süt (1L),31.46,1.0,31.46
FIS_2936,24.02.2026,10:11,Süt (1L),32.11,3.0,96.33
FIS_2936,24.02.2026,10:11,Yumurta (15li),55.46,1.0,55.46
FIS_2936,24.02.2026,10:11,Peynir (500g),115.06,3.0,345.18
FIS_2936,24.02.2026,10:11,Yoğurt (2kg),64.82,3.0,194.46
FIS_2936,24.02.2026,10:11,Ekmek,11.2,2.0,22.4
FIS_2936,24.02.2026,10:11,Çay (500g),94.86,1.0,94.86
FIS_2937,25.03.2026,11:14,Ekmek,9.82,2.0,19.64
FIS_2937,25.03.2026,11:14,Yumurta (15li),55.91,2.0,111.82
FIS_2937,25.03.2026,11:14,Çay (500g),96.65,2.0,193.3
FIS_2937,25.03.2026,11:14,Yoğurt (2kg),67.48,2.0,134.96
FIS_2937,25.03.2026,11:14,Süt (1L),32.25,1.0,32.25
FIS_2938,08.11.2026,19:52,Su 0.5 LT,5.0,1.0,5.0
FIS_2938,08.11.2026,19:52,Cola 1 LT,45.0,2.0,90.0
FIS_2938,08.11.2026,19:52,Kek,59.0,1.0,59.0
FIS_2938,08.11.2026,19:52,Çay (500g),95.46,3.0,286.38
FIS_2938,08.11.2026,19:52,Cola 2.5 LT,55.0,1.0,55.0
FIS_2939,08.04.2026,12:28,Kek,59.0,3.0,177.0
FIS_2939,08.04.2026,12:28,Su 0.5 LT,5.0,2.0,10.0
FIS_2939,08.04.2026,12:28,Cola 1 LT,45.0,2.0,90.0
FIS_2939,08.04.2026,12:28,Cola 2.5 LT,55.0,3.0,165.0
FIS_2939,08.04.2026,12:28,Çay (500g),91.4,3.0,274.2
FIS_2940,23.12.2026,16:08,Kek,59.0,1.0,59.0
FIS_2940,23.12.2026,16:08,Su 0.5 LT,5.0,1.0,5.0
FIS_2940,23.12.2026,16:08,Cola 1 LT,45.0,3.0,135.0
FIS_2940,23.12.2026,16:08,Çay (500g),96.29,3.0,288.87
FIS_2940,23.12.2026,16:08,Cola 2.5 LT,55.0,3.0,165.0
FIS_2941,05.03.2026,09:07,Bebe Şampuanı,149.9,3.0,449.7
FIS_2941,05.03.2026,09:07,Deodorant,199.9,2.0,399.8
FIS_2941,05.03.2026,09:07,Şampuan,98.09,1.0,98.09
FIS_2941,05.03.2026,09:07,Yüz Temizleme,79.99,2.0,159.98
FIS_2941,05.03.2026,09:07,Diş Macunu,45.27,3.0,135.81
FIS_2942,18.03.2026,10:55,Biber Dolmalık (kg),69.95,1.0,69.95
FIS_2942,18.03.2026,10:55,Tavuk Göğsü (kg),158.73,1.0,158.73
FIS_2942,18.03.2026,10:55,Sıvı Yağ (1L),50.71,1.0,50.71
FIS_2942,18.03.2026,10:55,Domates (kg),28.65,2.0,57.3
FIS_2943,07.01.2026,15:31,Makarna,15.71,2.0,31.42
FIS_2943,07.01.2026,15:31,Ekmek,11.5,3.0,34.5
FIS_2943,07.01.2026,15:31,Sıvı Yağ (1L),48.99,1.0,48.99
FIS_2943,07.01.2026,15:31,Çay (500g),98.43,2.0,196.86
FIS_2943,07.01.2026,15:31,Şeker (1kg),34.42,3.0,103.26
FIS_2944,17.04.2026,08:11,Biber Dolmalık (kg),69.95,3.0,209.85
FIS_2944,17.04.2026,08:11,Salatalık (kg),22.06,1.0,22.06
FIS_2944,17.04.2026,08:11,Tavuk Göğsü (kg),157.61,2.0,315.22
FIS_2944,17.04.2026,08:11,Sıvı Yağ (1L),50.87,1.0,50.87
FIS_2945,11.12.2026,12:39,Bebe Şampuanı,149.9,2.0,299.8
FIS_2945,11.12.2026,12:39,Yüz Temizleme,79.99,2.0,159.98
FIS_2945,11.12.2026,12:39,Diş Macunu,46.5,1.0,46.5
FIS_2945,11.12.2026,12:39,Kil Maskesi,297.9,1.0,297.9
FIS_2945,11.12.2026,12:39,Deodorant,199.9,2.0,399.8
FIS_2945,11.12.2026,12:39,Şampuan,87.32,2.0,174.64
FIS_2946,26.09.2026,11:44,Tavuk Göğsü (kg),161.98,3.0,485.94
FIS_2946,26.09.2026,11:44,Biber Dolmalık (kg),69.95,3.0,209.85
FIS_2946,26.09.2026,11:44,Makarna,15.52,1.0,15.52
FIS_2946,26.09.2026,11:44,Domates (kg),28.63,2.0,57.26
FIS_2946,26.09.2026,11:44,Salatalık (kg),22.54,3.0,67.62
FIS_2946,26.09.2026,11:44,Sıvı Yağ (1L),48.5,1.0,48.5
FIS_2947,09.11.2026,11:45,Deterjan (5kg),178.17,1.0,178.17
FIS_2947,09.11.2026,11:45,Plastik Poşet,1.0,2.0,2.0
FIS_2947,09.11.2026,11:45,Deodorant,199.9,2.0,399.8
FIS_2947,09.11.2026,11:45,Şampuan,88.31,3.0,264.93
FIS_2948,19.04.2026,08:40,Salatalık (kg),21.66,2.0,43.32
FIS_2948,19.04.2026,08:40,Biber Dolmalık (kg),69.95,3.0,209.85
FIS_2948,19.04.2026,08:40,Tavuk Göğsü (kg),166.1,1.0,166.1
FIS_2948,19.04.2026,08:40,Domates (kg),29.35,1.0,29.35
FIS_2948,19.04.2026,08:40,Makarna,15.49,2.0,30.98
FIS_2948,19.04.2026,08:40,Sıvı Yağ (1L),50.53,2.0,101.06
FIS_2949,31.08.2026,20:02,Kil Maskesi,297.9,2.0,595.8
FIS_2949,31.08.2026,20:02,Diş Macunu,46.88,1.0,46.88
FIS_2949,31.08.2026,20:02,Bebe Şampuanı,149.9,2.0,299.8
FIS_2949,31.08.2026,20:02,Deodorant,199.9,3.0,599.7
FIS_2950,11.06.2026,16:34,Süt (1L),31.87,1.0,31.87
FIS_2950,11.06.2026,16:34,Yumurta (15li),53.18,2.0,106.36
FIS_2950,11.06.2026,16:34,Yoğurt (2kg),65.82,1.0,65.82
FIS_2950,11.06.2026,16:34,Ekmek,12.08,2.0,24.16
FIS_2951,06.04.2026,17:07,Çay (500g),94.49,2.0,188.98
FIS_2951,06.04.2026,17:07,Şeker (1kg),33.09,2.0,66.18
FIS_2951,06.04.2026,17:07,Ekmek,10.3,2.0,20.6
FIS_2951,06.04.2026,17:07,Süt (1L),33.44,1.0,33.44
FIS_2951,06.04.2026,17:07,Makarna,16.39,2.0,32.78
FIS_2951,06.04.2026,17:07,Salatalık (kg),22.51,2.0,45.02
FIS_2952,14.09.2026,10:12,Plastik Poşet,1.0,3.0,3.0
FIS_2952,14.09.2026,10:12,Diş Macunu,47.17,1.0,47.17
FIS_2952,14.09.2026,10:12,Şampuan,106.58,2.0,213.16
FIS_2952,14.09.2026,10:12,Deterjan (5kg),183.05,3.0,549.15
FIS_2952,14.09.2026,10:12,Deodorant,199.9,2.0,399.8
FIS_2953,23.01.2026,18:54,Elma (kg),34.5,2.0,69.0
FIS_2953,23.01.2026,18:54,Biber Çarliston (kg),32.95,2.0,65.9
FIS_2953,23.01.2026,18:54,Domates (kg),28.71,1.0,28.71
FIS_2953,23.01.2026,18:54,Limon Taze (kg),119.95,1.0,119.95
FIS_2954,27.05.2026,12:34,Deterjan (5kg),185.34,1.0,185.34
FIS_2954,27.05.2026,12:34,Diş Macunu,45.16,3.0,135.48
FIS_2954,27.05.2026,12:34,Plastik Poşet,1.0,1.0,1.0
FIS_2954,27.05.2026,12:34,Deodorant,199.9,2.0,399.8
FIS_2954,27.05.2026,12:34,Şampuan,99.25,1.0,99.25
FIS_2954,27.05.2026,12:34,Limon Taze (kg),119.95,3.0,359.85
FIS_2955,23.06.2026,16:28,Ekmek,11.28,3.0,33.84
FIS_2955,23.06.2026,16:28,Çay (500g),95.81,3.0,287.43
FIS_2955,23.06.2026,16:28,Yoğurt (2kg),65.84,3.0,197.52
FIS_2955,23.06.2026,16:28,Süt (1L),33.17,3.0,99.51
FIS_2956,02.07.2026,12:21,Çay (500g),91.21,3.0,273.63
FIS_2956,02.07.2026,12:21,Makarna,15.7,2.0,31.4
FIS_2956,02.07.2026,12:21,Ekmek,10.91,3.0,32.73
FIS_2956,02.07.2026,12:21,Süt (1L),33.21,2.0,66.42
FIS_2957,29.08.2026,11:14,Salatalık (kg),21.48,2.0,42.96
FIS_2957,29.08.2026,11:14,Biber Dolmalık (kg),69.95,2.0,139.9
FIS_2957,29.08.2026,11:14,Sıvı Yağ (1L),48.33,1.0,48.33
FIS_2957,29.08.2026,11:14,Tavuk Göğsü (kg),161.42,2.0,322.84
FIS_2957,29.08.2026,11:14,Domates (kg),28.59,1.0,28.59
FIS_2957,29.08.2026,11:14,Makarna,15.76,2.0,31.52
FIS_2958,24.02.2026,13:35,Deodorant,199.9,1.0,199.9
FIS_2958,24.02.2026,13:35,Yüz Temizleme,79.99,2.0,159.98
FIS_2958,24.02.2026,13:35,Kil Maskesi,297.9,2.0,595.8
FIS_2958,24.02.2026,13:35,Diş Macunu,43.68,3.0,131.04
FIS_2959,30.10.2026,14:50,Çay (500g),93.34,1.0,93.34
FIS_2959,30.10.2026,14:50,Cola 2.5 LT,55.0,1.0,55.0
FIS_2959,30.10.2026,14:50,Cola 1 LT,45.0,2.0,90.0
FIS_2959,30.10.2026,14:50,Kek,59.0,1.0,59.0
FIS_2959,30.10.2026,14:50,Su 0.5 LT,5.0,3.0,15.0
FIS_2959,30.10.2026,14:50,Biber Çarliston (kg),32.95,2.0,65.9
FIS_2960,17.06.2026,15:41,Şampuan,102.27,1.0,102.27
FIS_2960,17.06.2026,15:41,Diş Macunu,46.12,3.0,138.36
FIS_2960,17.06.2026,15:41,Yüz Temizleme,79.99,3.0,239.97
FIS_2960,17.06.2026,15:41,Deodorant,199.9,3.0,599.7
FIS_2961,23.10.2026,15:12,Salatalık (kg),22.74,3.0,68.22
FIS_2961,23.10.2026,15:12,Biber Dolmalık (kg),69.95,1.0,69.95
FIS_2961,23.10.2026,15:12,Makarna,16.3,1.0,16.3
FIS_2961,23.10.2026,15:12,Domates (kg),27.82,3.0,83.46
FIS_2961,23.10.2026,15:12,Sıvı Yağ (1L),50.75,1.0,50.75
FIS_2961,23.10.2026,15:12,Tavuk Göğsü (kg),168.3,2.0,336.6
FIS_2962,26.02.2026,21:18,Süt (1L),32.18,3.0,96.54
FIS_2962,26.02.2026,21:18,Sıvı Yağ (1L),47.14,1.0,47.14
FIS_2962,26.02.2026,21:18,Makarna,15.71,1.0,15.71
FIS_2962,26.02.2026,21:18,Şeker (1kg),34.21,2.0,68.42
FIS_2962,26.02.2026,21:18,Su 0.5 LT,5.0,1.0,5.0
FIS_2963,28.05.2026,21:42,Tavuk Göğsü (kg),164.76,2.0,329.52
FIS_2963,28.05.2026,21:42,Biber Dolmalık (kg),69.95,1.0,69.95
FIS_2963,28.05.2026,21:42,Makarna,15.1,3.0,45.3
FIS_2963,28.05.2026,21:42,Sıvı Yağ (1L),49.97,2.0,99.94
FIS_2964,23.12.2026,17:59,Su 0.5 LT,5.0,1.0,5.0
FIS_2964,23.12.2026,17:59,Çay (500g),95.65,3.0,286.95
FIS_2964,23.12.2026,17:59,Kek,59.0,3.0,177.0
FIS_2964,23.12.2026,17:59,Cola 2.5 LT,55.0,3.0,165.0
FIS_2964,23.12.2026,17:59,Domates (kg),28.5,1.0,28.5
FIS_2965,20.01.2026,17:30,Şampuan,119.2,2.0,238.4
FIS_2965,20.01.2026,17:30,Yüz Temizleme,79.99,1.0,79.99
FIS_2965,20.01.2026,17:30,Kil Maskesi,297.9,3.0,893.7
FIS_2965,20.01.2026,17:30,Deodorant,199.9,2.0,399.8
FIS_2965,20.01.2026,17:30,Bebe Şampuanı,149.9,3.0,449.7
FIS_2966,09.12.2026,09:43,Yüz Temizleme,79.99,3.0,239.97
FIS_2966,09.12.2026,09:43,Deodorant,199.9,2.0,399.8
FIS_2966,09.12.2026,09:43,Şampuan,88.47,2.0,176.94
FIS_2966,09.12.2026,09:43,Diş Macunu,44.04,1.0,44.04
FIS_2966,09.12.2026,09:43,Kil Maskesi,297.9,3.0,893.7
FIS_2966,09.12.2026,09:43,Bebe Şampuanı,149.9,3.0,449.7
FIS_2967,16.10.2026,12:03,Yüz Temizleme,79.99,2.0,159.98
FIS_2967,16.10.2026,12:03,Diş Macunu,44.91,1.0,44.91
FIS_2967,16.10.2026,12:03,Şampuan,95.91,2.0,191.82
FIS_2967,16.10.2026,12:03,Deodorant,199.9,3.0,599.7
FIS_2967,16.10.2026,12:03,Bebe Şampuanı,149.9,2.0,299.8
FIS_2968,08.01.2026,19:07,Limon Taze (kg),119.95,1.0,119.95
FIS_2968,08.01.2026,19:07,Salatalık (kg),22.47,3.0,67.41
FIS_2968,08.01.2026,19:07,Elma (kg),34.5,2.0,69.0
FIS_2968,08.01.2026,19:07,Biber Çarliston (kg),32.95,1.0,32.95
FIS_2969,01.11.2026,22:52,Sıvı Yağ (1L),46.93,3.0,140.79
FIS_2969,01.11.2026,22:52,Biber Dolmalık (kg),69.95,2.0,139.9
FIS_2969,01.11.2026,22:52,Domates (kg),26.78,2.0,53.56
FIS_2969,01.11.2026,22:52,Salatalık (kg),23.06,1.0,23.06
FIS_2969,01.11.2026,22:52,Makarna,15.05,2.0,30.1
FIS_2970,24.07.2026,15:19,Su 0.5 LT,5.0,2.0,10.0
FIS_2970,24.07.2026,15:19,Çay (500g),93.86,2.0,187.72
FIS_2970,24.07.2026,15:19,Cola 2.5 LT,55.0,3.0,165.0
FIS_2970,24.07.2026,15:19,Kek,59.0,1.0,59.0
FIS_2970,24.07.2026,15:19,Sıvı Yağ (1L),50.51,3.0,151.53
FIS_2971,01.07.2026,21:27,Elma (kg),34.5,3.0,103.5
FIS_2971,01.07.2026,21:27,Limon Taze (kg),119.95,3.0,359.85
FIS_2971,01.07.2026,21:27,Salatalık (kg),22.87,1.0,22.87
FIS_2971,01.07.2026,21:27,Domates (kg),28.32,3.0,84.96
FIS_2971,01.07.2026,21:27,Biber Çarliston (kg),32.95,1.0,32.95
FIS_2972,10.06.2026,16:00,Şampuan,104.68,2.0,209.36
FIS_2972,10.06.2026,16:00,Bebe Şampuanı,149.9,2.0,299.8
FIS_2972,10.06.2026,16:00,Kil Maskesi,297.9,1.0,297.9
FIS_2972,10.06.2026,16:00,Yüz Temizleme,79.99,1.0,79.99
FIS_2973,30.01.2026,17:42,Makarna,15.17,3.0,45.51
FIS_2973,30.01.2026,17:42,Ekmek,12.94,3.0,38.82
FIS_2973,30.01.2026,17:42,Çay (500g),95.54,1.0,95.54
FIS_2973,30.01.2026,17:42,Sıvı Yağ (1L),50.4,3.0,151.2
FIS_2974,05.04.2026,12:18,Su 0.5 LT,5.0,1.0,5.0
FIS_2974,05.04.2026,12:18,Kek,59.0,2.0,118.0
FIS_2974,05.04.2026,12:18,Cola 2.5 LT,55.0,2.0,110.0
FIS_2974,05.04.2026,12:18,Çay (500g),99.1,2.0,198.2
FIS_2974,05.04.2026,12:18,Ekmek,10.32,1.0,10.32
FIS_2975,09.09.2026,22:12,Salatalık (kg),23.4,3.0,70.2
FIS_2975,09.09.2026,22:12,Biber Çarliston (kg),32.95,1.0,32.95
FIS_2975,09.09.2026,22:12,Domates (kg),26.84,3.0,80.52
FIS_2975,09.09.2026,22:12,Elma (kg),34.5,2.0,69.0
FIS_2975,09.09.2026,22:12,Limon Taze (kg),119.95,2.0,239.9
FIS_2975,09.09.2026,22:12,Şampuan,78.53,3.0,235.59
FIS_2976,01.01.2026,22:02,Deodorant,199.9,2.0,399.8
FIS_2976,01.01.2026,22:02,Diş Macunu,44.88,2.0,89.76
FIS_2976,01.01.2026,22:02,Bebe Şampuanı,149.9,1.0,149.9
FIS_2976,01.01.2026,22:02,Yüz Temizleme,79.99,1.0,79.99
FIS_2976,01.01.2026,22:02,Şampuan,90.01,3.0,270.03
FIS_2977,04.09.2026,09:36,Elma (kg),34.5,2.0,69.0
FIS_2977,04.09.2026,09:36,Limon Taze (kg),119.95,2.0,239.9
FIS_2977,04.09.2026,09:36,Salatalık (kg),22.82,1.0,22.82
FIS_2977,04.09.2026,09:36,Domates (kg),28.43,2.0,56.86
FIS_2977,04.09.2026,09:36,Biber Çarliston (kg),32.95,2.0,65.9
FIS_2977,04.09.2026,09:36,Şeker (1kg),34.67,1.0,34.67
FIS_2978,19.11.2026,19:22,Su 0.5 LT,5.0,2.0,10.0
FIS_2978,19.11.2026,19:22,Cola 2.5 LT,55.0,3.0,165.0
FIS_2978,19.11.2026,19:22,Cola 1 LT,45.0,2.0,90.0
FIS_2978,19.11.2026,19:22,Kek,59.0,2.0,118.0
FIS_2978,19.11.2026,19:22,Yüz Temizleme,79.99,1.0,79.99
FIS_2979,19.01.2026,13:03,Deodorant,199.9,3.0,599.7
FIS_2979,19.01.2026,13:03,Deterjan (5kg),178.73,3.0,536.19
FIS_2979,19.01.2026,13:03,Plastik Poşet,1.0,1.0,1.0
FIS_2979,19.01.2026,13:03,Şampuan,73.08,1.0,73.08
FIS_2980,08.09.2026,18:01,Cola 2.5 LT,55.0,1.0,55.0
FIS_2980,08.09.2026,18:01,Çay (500g),94.53,1.0,94.53
FIS_2980,08.09.2026,18:01,Cola 1 LT,45.0,1.0,45.0
FIS_2980,08.09.2026,18:01,Kek,59.0,1.0,59.0
FIS_2981,28.02.2026,15:38,Süt (1L),32.69,2.0,65.38
FIS_2981,28.02.2026,15:38,Ekmek,13.27,1.0,13.27
FIS_2981,28.02.2026,15:38,Çay (500g),97.35,3.0,292.05
FIS_2981,28.02.2026,15:38,Sıvı Yağ (1L),46.96,1.0,46.96
FIS_2981,28.02.2026,15:38,Şeker (1kg),32.77,1.0,32.77
FIS_2981,28.02.2026,15:38,Makarna,16.15,1.0,16.15
FIS_2981,28.02.2026,15:38,Yüz Temizleme,79.99,3.0,239.97
FIS_2982,26.03.2026,15:15,Salatalık (kg),21.44,2.0,42.88
FIS_2982,26.03.2026,15:15,Domates (kg),26.87,1.0,26.87
FIS_2982,26.03.2026,15:15,Elma (kg),34.5,1.0,34.5
FIS_2982,26.03.2026,15:15,Limon Taze (kg),119.95,3.0,359.85
FIS_2983,26.05.2026,14:44,Çay (500g),94.13,1.0,94.13
FIS_2983,26.05.2026,14:44,Süt (1L),32.89,1.0,32.89
FIS_2983,26.05.2026,14:44,Makarna,15.9,3.0,47.7
FIS_2983,26.05.2026,14:44,Ekmek,11.76,1.0,11.76
FIS_2983,26.05.2026,14:44,Sıvı Yağ (1L),49.12,2.0,98.24
FIS_2984,28.06.2026,14:00,Salatalık (kg),23.29,3.0,69.87
FIS_2984,28.06.2026,14:00,Domates (kg),28.27,2.0,56.54
FIS_2984,28.06.2026,14:00,Elma (kg),34.5,3.0,103.5
FIS_2984,28.06.2026,14:00,Biber Çarliston (kg),32.95,1.0,32.95
FIS_2985,10.04.2026,09:50,Sıvı Yağ (1L),47.49,2.0,94.98
FIS_2985,10.04.2026,09:50,Biber Dolmalık (kg),69.95,3.0,209.85
FIS_2985,10.04.2026,09:50,Domates (kg),29.26,2.0,58.52
FIS_2985,10.04.2026,09:50,Tavuk Göğsü (kg),157.52,3.0,472.56
FIS_2985,10.04.2026,09:50,Salatalık (kg),21.52,3.0,64.56
FIS_2985,10.04.2026,09:50,Makarna,15.24,1.0,15.24
FIS_2986,06.09.2026,16:07,Yoğurt (2kg),63.3,1.0,63.3
FIS_2986,06.09.2026,16:07,Çay (500g),93.34,1.0,93.34
FIS_2986,06.09.2026,16:07,Yumurta (15li),52.65,2.0,105.3
FIS_2986,06.09.2026,16:07,Peynir (500g),119.25,2.0,238.5
FIS_2986,06.09.2026,16:07,Deodorant,199.9,1.0,199.9
FIS_2987,30.08.2026,17:31,Peynir (500g),116.54,2.0,233.08
FIS_2987,30.08.2026,17:31,Yoğurt (2kg),63.12,1.0,63.12
FIS_2987,30.08.2026,17:31,Çay (500g),90.65,3.0,271.95
FIS_2987,30.08.2026,17:31,Ekmek,9.79,1.0,9.79
FIS_2987,30.08.2026,17:31,Süt (1L),31.34,2.0,62.68
FIS_2987,30.08.2026,17:31,Cola 2.5 LT,55.0,1.0,55.0
FIS_2988,25.06.2026,11:56,Plastik Poşet,1.0,1.0,1.0
FIS_2988,25.06.2026,11:56,Şampuan,100.1,2.0,200.2
FIS_2988,25.06.2026,11:56,Diş Macunu,43.99,3.0,131.97
FIS_2988,25.06.2026,11:56,Deterjan (5kg),183.79,1.0,183.79
FIS_2988,25.06.2026,11:56,Makarna,15.36,2.0,30.72
FIS_2989,24.10.2026,11:57,Limon Taze (kg),119.95,3.0,359.85
FIS_2989,24.10.2026,11:57,Domates (kg),27.9,3.0,83.7
FIS_2989,24.10.2026,11:57,Salatalık (kg),23.2,2.0,46.4
FIS_2989,24.10.2026,11:57,Biber Çarliston (kg),32.95,1.0,32.95
FIS_2989,24.10.2026,11:57,Çay (500g),95.47,1.0,95.47
FIS_2990,21.12.2026,19:26,Salatalık (kg),21.44,3.0,64.32
FIS_2990,21.12.2026,19:26,Biber Dolmalık (kg),69.95,3.0,209.85
FIS_2990,21.12.2026,19:26,Domates (kg),28.12,3.0,84.36
FIS_2990,21.12.2026,19:26,Makarna,16.14,1.0,16.14
FIS_2991,21.08.2026,15:49,Sıvı Yağ (1L),46.47,3.0,139.41
FIS_2991,21.08.2026,15:49,Domates (kg),27.7,1.0,27.7
FIS_2991,21.08.2026,15:49,Salatalık (kg),22.06,2.0,44.12
FIS_2991,21.08.2026,15:49,Biber Dolmalık (kg),69.95,3.0,209.85
FIS_2991,21.08.2026,15:49,Makarna,15.82,1.0,15.82
FIS_2991,21.08.2026,15:49,Tavuk Göğsü (kg),169.67,1.0,169.67
FIS_2992,14.11.2026,22:21,Yüz Temizleme,79.99,2.0,159.98
FIS_2992,14.11.2026,22:21,Deodorant,199.9,3.0,599.7
FIS_2992,14.11.2026,22:21,Şampuan,105.62,3.0,316.86
FIS_2992,14.11.2026,22:21,Kil Maskesi,297.9,1.0,297.9
FIS_2992,14.11.2026,22:21,Çay (500g),91.63,2.0,183.26
FIS_2993,03.05.2026,16:07,Bebe Şampuanı,149.9,2.0,299.8
FIS_2993,03.05.2026,16:07,Yüz Temizleme,79.99,2.0,159.98
FIS_2993,03.05.2026,16:07,Diş Macunu,44.29,2.0,88.58
FIS_2993,03.05.2026,16:07,Deodorant,199.9,1.0,199.9
FIS_2993,03.05.2026,16:07,Şampuan,94.19,3.0,282.57
FIS_2993,03.05.2026,16:07,Plastik Poşet,1.0,3.0,3.0
FIS_2994,30.05.2026,15:39,Şampuan,117.97,1.0,117.97
FIS_2994,30.05.2026,15:39,Deodorant,199.9,2.0,399.8
FIS_2994,30.05.2026,15:39,Deterjan (5kg),178.06,1.0,178.06
FIS_2994,30.05.2026,15:39,Diş Macunu,44.96,1.0,44.96
FIS_2994,30.05.2026,15:39,Salatalık (kg),22.55,3.0,67.65
FIS_2995,12.01.2026,12:26,Diş Macunu,46.63,1.0,46.63
FIS_2995,12.01.2026,12:26,Kil Maskesi,297.9,3.0,893.7
FIS_2995,12.01.2026,12:26,Deodorant,199.9,2.0,399.8
FIS_2995,12.01.2026,12:26,Bebe Şampuanı,149.9,3.0,449.7
FIS_2995,12.01.2026,12:26,Yüz Temizleme,79.99,2.0,159.98
FIS_2995,12.01.2026,12:26,Şampuan,94.97,3.0,284.91
FIS_2995,12.01.2026,12:26,Ekmek,12.64,3.0,37.92
FIS_2996,16.08.2026,15:19,Elma (kg),34.5,1.0,34.5
FIS_2996,16.08.2026,15:19,Salatalık (kg),21.73,2.0,43.46
FIS_2996,16.08.2026,15:19,Biber Çarliston (kg),32.95,1.0,32.95
FIS_2996,16.08.2026,15:19,Domates (kg),28.64,1.0,28.64
FIS_2997,31.12.2026,16:18,Biber Dolmalık (kg),69.95,2.0,139.9
FIS_2997,31.12.2026,16:18,Domates (kg),27.82,1.0,27.82
FIS_2997,31.12.2026,16:18,Makarna,15.85,1.0,15.85
FIS_2997,31.12.2026,16:18,Tavuk Göğsü (kg),167.68,2.0,335.36
FIS_2997,31.12.2026,16:18,Plastik Poşet,1.0,2.0,2.0
FIS_2998,04.10.2026,10:34,Deterjan (5kg),192.84,1.0,192.84
FIS_2998,04.10.2026,10:34,Deodorant,199.9,3.0,599.7
FIS_2998,04.10.2026,10:34,Şampuan,97.89,3.0,293.67
FIS_2998,04.10.2026,10:34,Plastik Poşet,1.0,3.0,3.0
FIS_2999,01.06.2026,15:57,Plastik Poşet,1.0,1.0,1.0
FIS_2999,01.06.2026,15:57,Deodorant,199.9,1.0,199.9
FIS_2999,01.06.2026,15:57,Şampuan,86.29,2.0,172.58
FIS_2999,01.06.2026,15:57,Deterjan (5kg),187.22,1.0,187.22
FIS_3000,17.08.2026,13:05,Plastik Poşet,1.0,1.0,1.0
FIS_3000,17.08.2026,13:05,Şampuan,72.38,3.0,217.14
FIS_3000,17.08.2026,13:05,Diş Macunu,46.53,3.0,139.59
FIS_3000,17.08.2026,13:05,Deterjan (5kg),188.2,1.0,188.2
FIS_3001,20.09.2026,14:12,Çay (500g),93.74,2.0,187.48
FIS_3001,20.09.2026,14:12,Cola 1 LT,45.0,2.0,90.0
FIS_3001,20.09.2026,14:12,Kek,59.0,2.0,118.0
FIS_3001,20.09.2026,14:12,Cola 2.5 LT,55.0,1.0,55.0
FIS_3001,20.09.2026,14:12,Su 0.5 LT,5.0,2.0,10.0
FIS_3001,20.09.2026,14:12,Sıvı Yağ (1L),49.67,2.0,99.34
FIS_3002,15.08.2026,12:10,Sıvı Yağ (1L),50.84,1.0,50.84
FIS_3002,15.08.2026,12:10,Çay (500g),98.9,3.0,296.7
FIS_3002,15.08.2026,12:10,Süt (1L),33.35,1.0,33.35
FIS_3002,15.08.2026,12:10,Şeker (1kg),32.39,3.0,97.17
FIS_3002,15.08.2026,12:10,Ekmek,13.62,2.0,27.24
FIS_3002,15.08.2026,12:10,Makarna,15.24,2.0,30.48
FIS_3003,30.12.2026,17:48,Domates (kg),29.32,2.0,58.64
FIS_3003,30.12.2026,17:48,Sıvı Yağ (1L),50.11,2.0,100.22
FIS_3003,30.12.2026,17:48,Salatalık (kg),22.49,3.0,67.47
FIS_3003,30.12.2026,17:48,Makarna,15.69,1.0,15.69
FIS_3004,02.01.2026,10:16,Deterjan (5kg),187.71,1.0,187.71
FIS_3004,02.01.2026,10:16,Diş Macunu,43.28,2.0,86.56
FIS_3004,02.01.2026,10:16,Şampuan,95.3,1.0,95.3
FIS_3004,02.01.2026,10:16,Plastik Poşet,1.0,2.0,2.0
FIS_3004,02.01.2026,10:16,Deodorant,199.9,3.0,599.7
FIS_3005,12.08.2026,21:16,Kil Maskesi,297.9,3.0,893.7
FIS_3005,12.08.2026,21:16,Şampuan,77.88,1.0,77.88
FIS_3005,12.08.2026,21:16,Deodorant,199.9,2.0,399.8
FIS_3005,12.08.2026,21:16,Bebe Şampuanı,149.9,2.0,299.8
FIS_3005,12.08.2026,21:16,Yüz Temizleme,79.99,2.0,159.98
FIS_3005,12.08.2026,21:16,Diş Macunu,45.11,1.0,45.11
FIS_3005,12.08.2026,21:16,Peynir (500g),115.19,3.0,345.57
FIS_3006,04.04.2026,20:06,Limon Taze (kg),119.95,3.0,359.85
FIS_3006,04.04.2026,20:06,Elma (kg),34.5,1.0,34.5
FIS_3006,04.04.2026,20:06,Salatalık (kg),21.44,3.0,64.32
FIS_3006,04.04.2026,20:06,Biber Çarliston (kg),32.95,2.0,65.9
FIS_3006,04.04.2026,20:06,Bebe Şampuanı,149.9,1.0,149.9
FIS_3007,22.02.2026,11:09,Salatalık (kg),21.66,1.0,21.66
FIS_3007,22.02.2026,11:09,Domates (kg),29.65,2.0,59.3
FIS_3007,22.02.2026,11:09,Limon Taze (kg),119.95,3.0,359.85
FIS_3007,22.02.2026,11:09,Elma (kg),34.5,2.0,69.0
FIS_3008,02.11.2026,16:48,Diş Macunu,43.38,1.0,43.38
FIS_3008,02.11.2026,16:48,Deterjan (5kg),181.6,1.0,181.6
FIS_3008,02.11.2026,16:48,Plastik Poşet,1.0,1.0,1.0
FIS_3008,02.11.2026,16:48,Deodorant,199.9,1.0,199.9
FIS_3008,02.11.2026,16:48,Çay (500g),91.07,2.0,182.14
FIS_3009,09.08.2026,08:12,Yoğurt (2kg),62.26,3.0,186.78
FIS_3009,09.08.2026,08:12,Süt (1L),31.02,1.0,31.02
FIS_3009,09.08.2026,08:12,Ekmek,13.03,3.0,39.09
FIS_3009,09.08.2026,08:12,Peynir (500g),111.67,1.0,111.67
FIS_3009,09.08.2026,08:12,Deterjan (5kg),179.38,2.0,358.76
FIS_3010,15.01.2026,09:09,Şeker (1kg),32.6,3.0,97.8
FIS_3010,15.01.2026,09:09,Makarna,16.16,3.0,48.48
FIS_3010,15.01.2026,09:09,Çay (500g),92.35,1.0,92.35
FIS_3010,15.01.2026,09:09,Süt (1L),34.0,1.0,34.0
FIS_3010,15.01.2026,09:09,Ekmek,13.56,3.0,40.68
FIS_3010,15.01.2026,09:09,Sıvı Yağ (1L),46.15,3.0,138.45
FIS_3011,20.02.2026,22:13,Elma (kg),34.5,2.0,69.0
FIS_3011,20.02.2026,22:13,Salatalık (kg),21.88,1.0,21.88
FIS_3011,20.02.2026,22:13,Biber Çarliston (kg),32.95,2.0,65.9
FIS_3011,20.02.2026,22:13,Domates (kg),27.01,1.0,27.01
FIS_3011,20.02.2026,22:13,Limon Taze (kg),119.95,2.0,239.9
FIS_3012,04.07.2026,19:18,Domates (kg),29.03,3.0,87.09
FIS_3012,04.07.2026,19:18,Elma (kg),34.5,2.0,69.0
FIS_3012,04.07.2026,19:18,Salatalık (kg),21.9,2.0,43.8
FIS_3012,04.07.2026,19:18,Limon Taze (kg),119.95,2.0,239.9
FIS_3012,04.07.2026,19:18,Çay (500g),92.09,1.0,92.09
FIS_3013,01.09.2026,18:23,Biber Dolmalık (kg),69.95,1.0,69.95
FIS_3013,01.09.2026,18:23,Sıvı Yağ (1L),46.7,2.0,93.4
FIS_3013,01.09.2026,18:23,Tavuk Göğsü (kg),163.35,3.0,490.05
FIS_3013,01.09.2026,18:23,Domates (kg),29.83,3.0,89.49
FIS_3014,28.03.2026,09:23,Domates (kg),28.99,2.0,57.98
FIS_3014,28.03.2026,09:23,Makarna,16.16,3.0,48.48
FIS_3014,28.03.2026,09:23,Sıvı Yağ (1L),48.96,3.0,146.88
FIS_3014,28.03.2026,09:23,Tavuk Göğsü (kg),172.21,2.0,344.42
FIS_3014,28.03.2026,09:23,Salatalık (kg),22.45,3.0,67.35
FIS_3015,27.07.2026,15:32,Deodorant,199.9,1.0,199.9
FIS_3015,27.07.2026,15:32,Deterjan (5kg),176.57,3.0,529.71
FIS_3015,27.07.2026,15:32,Plastik Poşet,1.0,1.0,1.0
FIS_3015,27.07.2026,15:32,Şampuan,95.55,1.0,95.55
FIS_3016,02.04.2026,14:38,Diş Macunu,43.65,3.0,130.95
FIS_3016,02.04.2026,14:38,Deodorant,199.9,3.0,599.7
FIS_3016,02.04.2026,14:38,Şampuan,84.03,2.0,168.06
FIS_3016,02.04.2026,14:38,Kil Maskesi,297.9,3.0,893.7
FIS_3016,02.04.2026,14:38,Bebe Şampuanı,149.9,1.0,149.9
FIS_3017,09.08.2026,22:58,Çay (500g),96.39,2.0,192.78
FIS_3017,09.08.2026,22:58,Yumurta (15li),56.0,1.0,56.0
FIS_3017,09.08.2026,22:58,Yoğurt (2kg),64.96,1.0,64.96
FIS_3017,09.08.2026,22:58,Peynir (500g),112.89,2.0,225.78
FIS_3017,09.08.2026,22:58,Süt (1L),32.51,1.0,32.51
FIS_3017,09.08.2026,22:58,Makarna,15.86,2.0,31.72
FIS_3018,04.12.2026,16:43,Biber Çarliston (kg),32.95,2.0,65.9
FIS_3018,04.12.2026,16:43,Salatalık (kg),23.08,2.0,46.16
FIS_3018,04.12.2026,16:43,Elma (kg),34.5,1.0,34.5
FIS_3018,04.12.2026,16:43,Domates (kg),28.55,1.0,28.55
FIS_3018,04.12.2026,16:43,Limon Taze (kg),119.95,2.0,239.9
FIS_3019,26.10.2026,08:48,Kil Maskesi,297.9,1.0,297.9
FIS_3019,26.10.2026,08:48,Şampuan,83.34,3.0,250.02
FIS_3019,26.10.2026,08:48,Bebe Şampuanı,149.9,1.0,149.9
FIS_3019,26.10.2026,08:48,Diş Macunu,46.8,1.0,46.8
FIS_3019,26.10.2026,08:48,Deodorant,199.9,1.0,199.9
FIS_3020,22.06.2026,10:01,Domates (kg),28.54,2.0,57.08
FIS_3020,22.06.2026,10:01,Biber Çarliston (kg),32.95,2.0,65.9
FIS_3020,22.06.2026,10:01,Elma (kg),34.5,1.0,34.5
FIS_3020,22.06.2026,10:01,Salatalık (kg),23.17,1.0,23.17
FIS_3020,22.06.2026,10:01,Limon Taze (kg),119.95,1.0,119.95
FIS_3020,22.06.2026,10:01,Kil Maskesi,297.9,3.0,893.7
FIS_3021,08.12.2026,13:10,Elma (kg),34.5,2.0,69.0
FIS_3021,08.12.2026,13:10,Biber Çarliston (kg),32.95,2.0,65.9
FIS_3021,08.12.2026,13:10,Domates (kg),29.89,2.0,59.78
FIS_3021,08.12.2026,13:10,Salatalık (kg),23.16,3.0,69.48
FIS_3021,08.12.2026,13:10,Limon Taze (kg),119.95,1.0,119.95
FIS_3022,24.10.2026,09:37,Deterjan (5kg),187.84,2.0,375.68
FIS_3022,24.10.2026,09:37,Deodorant,199.9,2.0,399.8
FIS_3022,24.10.2026,09:37,Şampuan,92.37,3.0,277.11
FIS_3022,24.10.2026,09:37,Plastik Poşet,1.0,2.0,2.0
FIS_3022,24.10.2026,09:37,Diş Macunu,44.54,3.0,133.62
FIS_3023,21.09.2026,15:42,Süt (1L),33.56,2.0,67.12
FIS_3023,21.09.2026,15:42,Ekmek,10.72,3.0,32.16
FIS_3023,21.09.2026,15:42,Çay (500g),95.23,3.0,285.69
FIS_3023,21.09.2026,15:42,Şeker (1kg),35.19,2.0,70.38
FIS_3023,21.09.2026,15:42,Sıvı Yağ (1L),50.59,3.0,151.77
FIS_3023,21.09.2026,15:42,Makarna,15.95,3.0,47.85
FIS_3024,13.04.2026,13:29,Domates (kg),28.69,2.0,57.38
FIS_3024,13.04.2026,13:29,Salatalık (kg),21.99,2.0,43.98
FIS_3024,13.04.2026,13:29,Sıvı Yağ (1L),49.21,2.0,98.42
FIS_3024,13.04.2026,13:29,Biber Dolmalık (kg),69.95,1.0,69.95
FIS_3024,13.04.2026,13:29,Ekmek,11.34,1.0,11.34
FIS_3025,18.03.2026,11:01,Sıvı Yağ (1L),46.27,2.0,92.54
FIS_3025,18.03.2026,11:01,Biber Dolmalık (kg),69.95,1.0,69.95
FIS_3025,18.03.2026,11:01,Makarna,15.98,1.0,15.98
FIS_3025,18.03.2026,11:01,Domates (kg),29.78,2.0,59.56
FIS_3025,18.03.2026,11:01,Tavuk Göğsü (kg),169.58,1.0,169.58
FIS_3025,18.03.2026,11:01,Şampuan,113.16,1.0,113.16
FIS_3026,10.06.2026,17:19,Sıvı Yağ (1L),49.58,1.0,49.58
FIS_3026,10.06.2026,17:19,Şeker (1kg),33.15,3.0,99.45
FIS_3026,10.06.2026,17:19,Ekmek,12.81,1.0,12.81
FIS_3026,10.06.2026,17:19,Süt (1L),32.62,3.0,97.86
FIS_3027,26.09.2026,12:31,Süt (1L),33.29,3.0,99.87
FIS_3027,26.09.2026,12:31,Ekmek,12.85,2.0,25.7
FIS_3027,26.09.2026,12:31,Yumurta (15li),52.55,1.0,52.55
FIS_3027,26.09.2026,12:31,Peynir (500g),111.32,2.0,222.64
FIS_3028,14.08.2026,14:16,Ekmek,11.65,1.0,11.65
FIS_3028,14.08.2026,14:16,Sıvı Yağ (1L),50.73,1.0,50.73
FIS_3028,14.08.2026,14:16,Şeker (1kg),33.57,3.0,100.71
FIS_3028,14.08.2026,14:16,Makarna,15.54,2.0,31.08
FIS_3028,14.08.2026,14:16,Çay (500g),90.55,3.0,271.65
FIS_3028,14.08.2026,14:16,Süt (1L),31.1,3.0,93.3
FIS_3029,06.12.2026,20:03,Diş Macunu,43.8,2.0,87.6
FIS_3029,06.12.2026,20:03,Deodorant,199.9,2.0,399.8
FIS_3029,06.12.2026,20:03,Kil Maskesi,297.9,2.0,595.8
FIS_3029,06.12.2026,20:03,Bebe Şampuanı,149.9,1.0,149.9
FIS_3029,06.12.2026,20:03,Yüz Temizleme,79.99,1.0,79.99
FIS_3029,06.12.2026,20:03,Şampuan,115.9,3.0,347.7
FIS_3030,12.06.2026,22:51,Sıvı Yağ (1L),50.55,2.0,101.1
FIS_3030,12.06.2026,22:51,Ekmek,12.73,1.0,12.73
FIS_3030,12.06.2026,22:51,Şeker (1kg),35.1,3.0,105.3
FIS_3030,12.06.2026,22:51,Makarna,15.38,1.0,15.38
FIS_3030,12.06.2026,22:51,Süt (1L),32.09,3.0,96.27
FIS_3030,12.06.2026,22:51,Çay (500g),97.03,3.0,291.09
FIS_3031,17.06.2026,15:44,Yoğurt (2kg),65.83,2.0,131.66
FIS_3031,17.06.2026,15:44,Peynir (500g),115.9,1.0,115.9
FIS_3031,17.06.2026,15:44,Çay (500g),91.8,3.0,275.4
FIS_3031,17.06.2026,15:44,Yumurta (15li),55.12,3.0,165.36
FIS_3031,17.06.2026,15:44,Cola 2.5 LT,55.0,3.0,165.0
FIS_3032,18.12.2026,14:50,Deodorant,199.9,2.0,399.8
FIS_3032,18.12.2026,14:50,Şampuan,89.19,2.0,178.38
FIS_3032,18.12.2026,14:50,Plastik Poşet,1.0,3.0,3.0
FIS_3032,18.12.2026,14:50,Deterjan (5kg),180.1,1.0,180.1
FIS_3032,18.12.2026,14:50,Diş Macunu,46.86,3.0,140.58
FIS_3033,10.11.2026,18:14,Peynir (500g),116.18,1.0,116.18
FIS_3033,10.11.2026,18:14,Yumurta (15li),51.88,2.0,103.76
FIS_3033,10.11.2026,18:14,Yoğurt (2kg),62.92,3.0,188.76
FIS_3033,10.11.2026,18:14,Ekmek,10.05,3.0,30.15
FIS_3033,10.11.2026,18:14,Çay (500g),95.17,2.0,190.34
FIS_3034,11.12.2026,15:07,Domates (kg),28.58,2.0,57.16
FIS_3034,11.12.2026,15:07,Biber Dolmalık (kg),69.95,1.0,69.95
FIS_3034,11.12.2026,15:07,Salatalık (kg),22.32,2.0,44.64
FIS_3034,11.12.2026,15:07,Makarna,16.21,1.0,16.21
FIS_3034,11.12.2026,15:07,Sıvı Yağ (1L),47.51,2.0,95.02
FIS_3034,11.12.2026,15:07,Tavuk Göğsü (kg),160.66,2.0,321.32
FIS_3034,11.12.2026,15:07,Süt (1L),33.82,2.0,67.64
FIS_3035,26.10.2026,18:41,Cola 1 LT,45.0,1.0,45.0
FIS_3035,26.10.2026,18:41,Su 0.5 LT,5.0,3.0,15.0
FIS_3035,26.10.2026,18:41,Çay (500g),94.23,3.0,282.69
FIS_3035,26.10.2026,18:41,Cola 2.5 LT,55.0,1.0,55.0
FIS_3036,13.10.2026,08:03,Deodorant,199.9,2.0,399.8
FIS_3036,13.10.2026,08:03,Diş Macunu,45.74,1.0,45.74
FIS_3036,13.10.2026,08:03,Plastik Poşet,1.0,3.0,3.0
FIS_3036,13.10.2026,08:03,Deterjan (5kg),176.78,1.0,176.78
FIS_3036,13.10.2026,08:03,Limon Taze (kg),119.95,3.0,359.85
FIS_3037,10.09.2026,22:21,Cola 1 LT,45.0,1.0,45.0
FIS_3037,10.09.2026,22:21,Kek,59.0,2.0,118.0
FIS_3037,10.09.2026,22:21,Su 0.5 LT,5.0,2.0,10.0
FIS_3037,10.09.2026,22:21,Cola 2.5 LT,55.0,2.0,110.0
FIS_3037,10.09.2026,22:21,Yumurta (15li),54.59,2.0,109.18
FIS_3038,22.09.2026,13:27,Biber Dolmalık (kg),69.95,1.0,69.95
FIS_3038,22.09.2026,13:27,Sıvı Yağ (1L),48.37,1.0,48.37
FIS_3038,22.09.2026,13:27,Domates (kg),28.93,2.0,57.86
FIS_3038,22.09.2026,13:27,Salatalık (kg),21.66,2.0,43.32
FIS_3038,22.09.2026,13:27,Makarna,15.03,2.0,30.06
FIS_3038,22.09.2026,13:27,Tavuk Göğsü (kg),172.96,3.0,518.88
FIS_3039,06.09.2026,15:31,Peynir (500g),115.13,2.0,230.26
FIS_3039,06.09.2026,15:31,Ekmek,12.04,3.0,36.12
FIS_3039,06.09.2026,15:31,Yumurta (15li),54.45,3.0,163.35
FIS_3039,06.09.2026,15:31,Süt (1L),34.1,1.0,34.1
FIS_3039,06.09.2026,15:31,Çay (500g),95.17,3.0,285.51
FIS_3039,06.09.2026,15:31,Yoğurt (2kg),62.99,1.0,62.99
FIS_3039,06.09.2026,15:31,Biber Dolmalık (kg),69.95,2.0,139.9
FIS_3040,13.12.2026,09:56,Diş Macunu,46.98,2.0,93.96
FIS_3040,13.12.2026,09:56,Deterjan (5kg),178.82,1.0,178.82
FIS_3040,13.12.2026,09:56,Şampuan,93.7,3.0,281.1
FIS_3040,13.12.2026,09:56,Plastik Poşet,1.0,2.0,2.0
FIS_3041,18.11.2026,12:38,Deodorant,199.9,3.0,599.7
FIS_3041,18.11.2026,12:38,Şampuan,77.58,1.0,77.58
FIS_3041,18.11.2026,12:38,Kil Maskesi,297.9,2.0,595.8
FIS_3041,18.11.2026,12:38,Diş Macunu,44.19,1.0,44.19
FIS_3042,06.02.2026,16:38,Su 0.5 LT,5.0,1.0,5.0
FIS_3042,06.02.2026,16:38,Kek,59.0,1.0,59.0
FIS_3042,06.02.2026,16:38,Cola 1 LT,45.0,2.0,90.0
FIS_3042,06.02.2026,16:38,Çay (500g),92.97,3.0,278.91
FIS_3043,20.03.2026,09:19,Kek,59.0,2.0,118.0
FIS_3043,20.03.2026,09:19,Cola 2.5 LT,55.0,3.0,165.0
FIS_3043,20.03.2026,09:19,Su 0.5 LT,5.0,1.0,5.0
FIS_3043,20.03.2026,09:19,Cola 1 LT,45.0,2.0,90.0
FIS_3043,20.03.2026,09:19,Çay (500g),95.98,2.0,191.96
FIS_3044,19.11.2026,14:05,Yumurta (15li),54.77,1.0,54.77
FIS_3044,19.11.2026,14:05,Çay (500g),93.02,2.0,186.04
FIS_3044,19.11.2026,14:05,Peynir (500g),110.22,2.0,220.44
FIS_3044,19.11.2026,14:05,Yoğurt (2kg),63.75,1.0,63.75
FIS_3044,19.11.2026,14:05,Ekmek,12.59,2.0,25.18
FIS_3044,19.11.2026,14:05,Süt (1L),33.62,3.0,100.86
FIS_3045,07.08.2026,12:36,Ekmek,12.07,2.0,24.14
FIS_3045,07.08.2026,12:36,Yoğurt (2kg),64.1,3.0,192.3
FIS_3045,07.08.2026,12:36,Süt (1L),31.25,3.0,93.75
FIS_3045,07.08.2026,12:36,Yumurta (15li),51.5,3.0,154.5
FIS_3045,07.08.2026,12:36,Peynir (500g),116.88,1.0,116.88
FIS_3045,07.08.2026,12:36,Çay (500g),97.55,2.0,195.1
FIS_3045,07.08.2026,12:36,Bebe Şampuanı,149.9,2.0,299.8
FIS_3046,27.12.2026,12:20,Biber Çarliston (kg),32.95,3.0,98.85
FIS_3046,27.12.2026,12:20,Elma (kg),34.5,3.0,103.5
FIS_3046,27.12.2026,12:20,Salatalık (kg),21.45,2.0,42.9
FIS_3046,27.12.2026,12:20,Domates (kg),26.99,1.0,26.99
FIS_3046,27.12.2026,12:20,Limon Taze (kg),119.95,2.0,239.9
FIS_3046,27.12.2026,12:20,Yüz Temizleme,79.99,3.0,239.97
FIS_3047,05.11.2026,19:31,Deodorant,199.9,1.0,199.9
FIS_3047,05.11.2026,19:31,Diş Macunu,46.57,1.0,46.57
FIS_3047,05.11.2026,19:31,Deterjan (5kg),184.75,1.0,184.75
FIS_3047,05.11.2026,19:31,Plastik Poşet,1.0,2.0,2.0
FIS_3047,05.11.2026,19:31,Şampuan,112.31,3.0,336.93
FIS_3047,05.11.2026,19:31,Ekmek,10.38,2.0,20.76
FIS_3048,26.08.2026,10:30,Cola 1 LT,45.0,2.0,90.0
FIS_3048,26.08.2026,10:30,Cola 2.5 LT,55.0,1.0,55.0
FIS_3048,26.08.2026,10:30,Çay (500g),93.06,2.0,186.12
FIS_3048,26.08.2026,10:30,Su 0.5 LT,5.0,1.0,5.0
FIS_3049,22.02.2026,18:54,Kil Maskesi,297.9,3.0,893.7
FIS_3049,22.02.2026,18:54,Bebe Şampuanı,149.9,2.0,299.8
FIS_3049,22.02.2026,18:54,Deodorant,199.9,1.0,199.9
FIS_3049,22.02.2026,18:54,Şampuan,97.02,2.0,194.04
FIS_3049,22.02.2026,18:54,Diş Macunu,45.31,3.0,135.93
FIS_3049,22.02.2026,18:54,Limon Taze (kg),119.95,3.0,359.85
FIS_3050,02.08.2026,22:30,Süt (1L),32.45,2.0,64.9
FIS_3050,02.08.2026,22:30,Yumurta (15li),52.62,1.0,52.62
FIS_3050,02.08.2026,22:30,Çay (500g),95.74,3.0,287.22
FIS_3050,02.08.2026,22:30,Yoğurt (2kg),63.99,3.0,191.97
FIS_3050,02.08.2026,22:30,Peynir (500g),119.07,3.0,357.21
FIS_3050,02.08.2026,22:30,Şampuan,103.29,1.0,103.29
FIS_3051,31.05.2026,19:45,Kek,59.0,2.0,118.0
FIS_3051,31.05.2026,19:45,Su 0.5 LT,5.0,1.0,5.0
FIS_3051,31.05.2026,19:45,Cola 1 LT,45.0,2.0,90.0
FIS_3051,31.05.2026,19:45,Çay (500g),91.28,2.0,182.56
FIS_3051,31.05.2026,19:45,Cola 2.5 LT,55.0,2.0,110.0
FIS_3052,05.06.2026,11:13,Domates (kg),27.18,3.0,81.54
FIS_3052,05.06.2026,11:13,Elma (kg),34.5,1.0,34.5
FIS_3052,05.06.2026,11:13,Salatalık (kg),22.15,1.0,22.15
FIS_3052,05.06.2026,11:13,Biber Çarliston (kg),32.95,1.0,32.95
FIS_3053,15.10.2026,11:31,Diş Macunu,46.64,3.0,139.92
FIS_3053,15.10.2026,11:31,Deterjan (5kg),188.16,3.0,564.48
FIS_3053,15.10.2026,11:31,Plastik Poşet,1.0,2.0,2.0
FIS_3053,15.10.2026,11:31,Şampuan,110.21,1.0,110.21
FIS_3053,15.10.2026,11:31,Deodorant,199.9,3.0,599.7
FIS_3054,09.11.2026,20:54,Ekmek,10.22,2.0,20.44
FIS_3054,09.11.2026,20:54,Süt (1L),33.2,3.0,99.6
FIS_3054,09.11.2026,20:54,Yoğurt (2kg),65.0,1.0,65.0
FIS_3054,09.11.2026,20:54,Çay (500g),91.77,2.0,183.54
FIS_3054,09.11.2026,20:54,Yumurta (15li),53.15,1.0,53.15
FIS_3054,09.11.2026,20:54,Peynir (500g),110.72,1.0,110.72
FIS_3055,13.08.2026,14:49,Süt (1L),31.26,2.0,62.52
FIS_3055,13.08.2026,14:49,Sıvı Yağ (1L),49.54,2.0,99.08
FIS_3055,13.08.2026,14:49,Şeker (1kg),33.56,3.0,100.68
FIS_3055,13.08.2026,14:49,Çay (500g),92.61,3.0,277.83
FIS_3056,04.08.2026,20:14,Sıvı Yağ (1L),48.24,1.0,48.24
FIS_3056,04.08.2026,20:14,Biber Dolmalık (kg),69.95,3.0,209.85
FIS_3056,04.08.2026,20:14,Makarna,16.44,1.0,16.44
FIS_3056,04.08.2026,20:14,Salatalık (kg),22.15,2.0,44.3
FIS_3056,04.08.2026,20:14,Domates (kg),29.84,1.0,29.84
FIS_3057,11.08.2026,08:25,Çay (500g),97.67,3.0,293.01
FIS_3057,11.08.2026,08:25,Süt (1L),34.02,2.0,68.04
FIS_3057,11.08.2026,08:25,Ekmek,11.32,3.0,33.96
FIS_3057,11.08.2026,08:25,Şeker (1kg),34.69,2.0,69.38
FIS_3058,10.06.2026,22:22,Süt (1L),31.63,3.0,94.89
FIS_3058,10.06.2026,22:22,Yoğurt (2kg),65.8,3.0,197.4
FIS_3058,10.06.2026,22:22,Peynir (500g),116.77,3.0,350.31
FIS_3058,10.06.2026,22:22,Yumurta (15li),53.21,3.0,159.63
FIS_3058,10.06.2026,22:22,Çay (500g),94.06,1.0,94.06
FIS_3059,04.06.2026,09:02,Biber Çarliston (kg),32.95,3.0,98.85
FIS_3059,04.06.2026,09:02,Salatalık (kg),21.76,1.0,21.76
FIS_3059,04.06.2026,09:02,Elma (kg),34.5,3.0,103.5
FIS_3059,04.06.2026,09:02,Limon Taze (kg),119.95,1.0,119.95
FIS_3059,04.06.2026,09:02,Domates (kg),29.35,2.0,58.7
FIS_3060,05.08.2026,16:07,Deodorant,199.9,3.0,599.7
FIS_3060,05.08.2026,16:07,Bebe Şampuanı,149.9,2.0,299.8
FIS_3060,05.08.2026,16:07,Yüz Temizleme,79.99,1.0,79.99
FIS_3060,05.08.2026,16:07,Şampuan,110.52,3.0,331.56
FIS_3061,17.10.2026,19:57,Yüz Temizleme,79.99,3.0,239.97
FIS_3061,17.10.2026,19:57,Bebe Şampuanı,149.9,3.0,449.7
FIS_3061,17.10.2026,19:57,Diş Macunu,44.43,3.0,133.29
FIS_3061,17.10.2026,19:57,Kil Maskesi,297.9,2.0,595.8
FIS_3061,17.10.2026,19:57,Deodorant,199.9,1.0,199.9
FIS_3061,17.10.2026,19:57,Şampuan,111.37,2.0,222.74
FIS_3062,21.08.2026,09:09,Kil Maskesi,297.9,2.0,595.8
FIS_3062,21.08.2026,09:09,Şampuan,75.08,3.0,225.24
FIS_3062,21.08.2026,09:09,Yüz Temizleme,79.99,3.0,239.97
FIS_3062,21.08.2026,09:09,Bebe Şampuanı,149.9,2.0,299.8
FIS_3062,21.08.2026,09:09,Diş Macunu,46.63,3.0,139.89
FIS_3063,13.09.2026,18:27,Su 0.5 LT,5.0,3.0,15.0
FIS_3063,13.09.2026,18:27,Cola 2.5 LT,55.0,3.0,165.0
FIS_3063,13.09.2026,18:27,Cola 1 LT,45.0,1.0,45.0
FIS_3063,13.09.2026,18:27,Kek,59.0,1.0,59.0
FIS_3063,13.09.2026,18:27,Çay (500g),97.19,3.0,291.57
FIS_3064,09.07.2026,22:07,Domates (kg),26.99,2.0,53.98
FIS_3064,09.07.2026,22:07,Limon Taze (kg),119.95,2.0,239.9
FIS_3064,09.07.2026,22:07,Salatalık (kg),22.05,1.0,22.05
FIS_3064,09.07.2026,22:07,Elma (kg),34.5,1.0,34.5
FIS_3064,09.07.2026,22:07,Biber Çarliston (kg),32.95,2.0,65.9
FIS_3065,25.01.2026,22:57,Şampuan,113.69,2.0,227.38
FIS_3065,25.01.2026,22:57,Plastik Poşet,1.0,2.0,2.0
FIS_3065,25.01.2026,22:57,Diş Macunu,45.27,2.0,90.54
FIS_3065,25.01.2026,22:57,Deodorant,199.9,2.0,399.8
FIS_3065,25.01.2026,22:57,Deterjan (5kg),191.15,3.0,573.45
FIS_3066,09.03.2026,20:08,Biber Çarliston (kg),32.95,2.0,65.9
FIS_3066,09.03.2026,20:08,Limon Taze (kg),119.95,2.0,239.9
FIS_3066,09.03.2026,20:08,Domates (kg),27.72,1.0,27.72
FIS_3066,09.03.2026,20:08,Salatalık (kg),23.5,2.0,47.0
FIS_3066,09.03.2026,20:08,Elma (kg),34.5,3.0,103.5
FIS_3067,15.02.2026,21:10,Yüz Temizleme,79.99,3.0,239.97
FIS_3067,15.02.2026,21:10,Deodorant,199.9,1.0,199.9
FIS_3067,15.02.2026,21:10,Şampuan,117.92,3.0,353.76
FIS_3067,15.02.2026,21:10,Bebe Şampuanı,149.9,2.0,299.8
FIS_3068,15.09.2026,22:01,Süt (1L),33.61,3.0,100.83
FIS_3068,15.09.2026,22:01,Peynir (500g),114.39,3.0,343.17
FIS_3068,15.09.2026,22:01,Ekmek,12.24,2.0,24.48
FIS_3068,15.09.2026,22:01,Yoğurt (2kg),65.58,2.0,131.16
FIS_3068,15.09.2026,22:01,Çay (500g),98.25,1.0,98.25
FIS_3068,15.09.2026,22:01,Yumurta (15li),53.18,1.0,53.18
FIS_3069,01.08.2026,08:55,Biber Çarliston (kg),32.95,1.0,32.95
FIS_3069,01.08.2026,08:55,Elma (kg),34.5,1.0,34.5
FIS_3069,01.08.2026,08:55,Domates (kg),27.11,2.0,54.22
FIS_3069,01.08.2026,08:55,Limon Taze (kg),119.95,1.0,119.95
FIS_3069,01.08.2026,08:55,Salatalık (kg),22.75,2.0,45.5
FIS_3070,03.04.2026,08:45,Çay (500g),92.72,1.0,92.72
FIS_3070,03.04.2026,08:45,Ekmek,9.75,1.0,9.75
FIS_3070,03.04.2026,08:45,Yumurta (15li),55.32,3.0,165.96
FIS_3070,03.04.2026,08:45,Süt (1L),31.73,3.0,95.19
FIS_3070,03.04.2026,08:45,Peynir (500g),117.91,2.0,235.82
FIS_3071,28.02.2026,12:03,Plastik Poşet,1.0,1.0,1.0
FIS_3071,28.02.2026,12:03,Deodorant,199.9,3.0,599.7
FIS_3071,28.02.2026,12:03,Deterjan (5kg),188.26,1.0,188.26
FIS_3071,28.02.2026,12:03,Şampuan,108.45,3.0,325.35
FIS_3071,28.02.2026,12:03,Diş Macunu,46.24,2.0,92.48
FIS_3072,18.10.2026,14:28,Süt (1L),32.31,3.0,96.93
FIS_3072,18.10.2026,14:28,Peynir (500g),114.48,1.0,114.48
FIS_3072,18.10.2026,14:28,Yoğurt (2kg),67.0,3.0,201.0
FIS_3072,18.10.2026,14:28,Çay (500g),93.01,1.0,93.01
FIS_3072,18.10.2026,14:28,Ekmek,9.52,2.0,19.04
FIS_3072,18.10.2026,14:28,Yumurta (15li),52.84,2.0,105.68
FIS_3073,15.12.2026,14:22,Süt (1L),33.58,3.0,100.74
FIS_3073,15.12.2026,14:22,Makarna,15.84,2.0,31.68
FIS_3073,15.12.2026,14:22,Şeker (1kg),35.28,1.0,35.28
FIS_3073,15.12.2026,14:22,Ekmek,12.25,2.0,24.5
FIS_3073,15.12.2026,14:22,Sıvı Yağ (1L),50.35,2.0,100.7
FIS_3073,15.12.2026,14:22,Çay (500g),96.17,3.0,288.51
FIS_3073,15.12.2026,14:22,Cola 1 LT,45.0,1.0,45.0
FIS_3074,06.12.2026,13:21,Makarna,14.97,2.0,29.94
FIS_3074,06.12.2026,13:21,Salatalık (kg),21.42,1.0,21.42
FIS_3074,06.12.2026,13:21,Tavuk Göğsü (kg),167.8,2.0,335.6
FIS_3074,06.12.2026,13:21,Biber Dolmalık (kg),69.95,3.0,209.85
FIS_3074,06.12.2026,13:21,Sıvı Yağ (1L),49.48,2.0,98.96
FIS_3075,03.10.2026,09:50,Şampuan,111.59,2.0,223.18
FIS_3075,03.10.2026,09:50,Yüz Temizleme,79.99,3.0,239.97
FIS_3075,03.10.2026,09:50,Bebe Şampuanı,149.9,1.0,149.9
FIS_3075,03.10.2026,09:50,Deodorant,199.9,1.0,199.9
FIS_3075,03.10.2026,09:50,Diş Macunu,44.73,1.0,44.73
FIS_3075,03.10.2026,09:50,Kil Maskesi,297.9,2.0,595.8
FIS_3075,03.10.2026,09:50,Sıvı Yağ (1L),49.38,3.0,148.14
FIS_3076,03.07.2026,11:05,Çay (500g),92.27,1.0,92.27
FIS_3076,03.07.2026,11:05,Şeker (1kg),35.63,3.0,106.89
FIS_3076,03.07.2026,11:05,Süt (1L),32.23,2.0,64.46
FIS_3076,03.07.2026,11:05,Ekmek,12.07,2.0,24.14
FIS_3076,03.07.2026,11:05,Sıvı Yağ (1L),46.94,1.0,46.94
FIS_3076,03.07.2026,11:05,Makarna,16.0,3.0,48.0
FIS_3077,11.12.2026,18:38,Domates (kg),29.51,3.0,88.53
FIS_3077,11.12.2026,18:38,Salatalık (kg),23.12,1.0,23.12
FIS_3077,11.12.2026,18:38,Elma (kg),34.5,1.0,34.5
FIS_3077,11.12.2026,18:38,Limon Taze (kg),119.95,3.0,359.85
FIS_3078,14.12.2026,16:39,Deterjan (5kg),194.06,2.0,388.12
FIS_3078,14.12.2026,16:39,Deodorant,199.9,3.0,599.7
FIS_3078,14.12.2026,16:39,Diş Macunu,44.83,2.0,89.66
FIS_3078,14.12.2026,16:39,Plastik Poşet,1.0,1.0,1.0
FIS_3078,14.12.2026,16:39,Şampuan,114.34,1.0,114.34
FIS_3079,25.01.2026,12:58,Kek,59.0,1.0,59.0
FIS_3079,25.01.2026,12:58,Cola 1 LT,45.0,2.0,90.0
FIS_3079,25.01.2026,12:58,Cola 2.5 LT,55.0,1.0,55.0
FIS_3079,25.01.2026,12:58,Su 0.5 LT,5.0,2.0,10.0
FIS_3079,25.01.2026,12:58,Çay (500g),93.2,3.0,279.6
FIS_3079,25.01.2026,12:58,Domates (kg),28.66,1.0,28.66
FIS_3080,03.09.2026,14:51,Yoğurt (2kg),67.06,3.0,201.18
FIS_3080,03.09.2026,14:51,Yumurta (15li),55.53,1.0,55.53
FIS_3080,03.09.2026,14:51,Süt (1L),33.41,3.0,100.23
FIS_3080,03.09.2026,14:51,Ekmek,11.48,1.0,11.48
FIS_3080,03.09.2026,14:51,Çay (500g),96.08,3.0,288.24
FIS_3080,03.09.2026,14:51,Peynir (500g),110.75,1.0,110.75
FIS_3080,03.09.2026,14:51,Deterjan (5kg),192.64,2.0,385.28
FIS_3081,10.06.2026,22:54,Diş Macunu,43.04,3.0,129.12
FIS_3081,10.06.2026,22:54,Şampuan,74.0,1.0,74.0
FIS_3081,10.06.2026,22:54,Kil Maskesi,297.9,2.0,595.8
FIS_3081,10.06.2026,22:54,Yüz Temizleme,79.99,3.0,239.97
FIS_3082,30.07.2026,11:55,Biber Çarliston (kg),32.95,2.0,65.9
FIS_3082,30.07.2026,11:55,Limon Taze (kg),119.95,3.0,359.85
FIS_3082,30.07.2026,11:55,Salatalık (kg),23.12,2.0,46.24
FIS_3082,30.07.2026,11:55,Elma (kg),34.5,3.0,103.5
FIS_3083,09.04.2026,09:06,Yoğurt (2kg),64.66,1.0,64.66
FIS_3083,09.04.2026,09:06,Ekmek,10.14,1.0,10.14
FIS_3083,09.04.2026,09:06,Peynir (500g),110.01,2.0,220.02
FIS_3083,09.04.2026,09:06,Yumurta (15li),54.45,3.0,163.35
FIS_3083,09.04.2026,09:06,Süt (1L),33.98,2.0,67.96
FIS_3083,09.04.2026,09:06,Çay (500g),93.21,3.0,279.63
FIS_3084,16.03.2026,10:30,Diş Macunu,46.57,2.0,93.14
FIS_3084,16.03.2026,10:30,Plastik Poşet,1.0,1.0,1.0
FIS_3084,16.03.2026,10:30,Deterjan (5kg),187.64,1.0,187.64
FIS_3084,16.03.2026,10:30,Deodorant,199.9,2.0,399.8
FIS_3084,16.03.2026,10:30,Şampuan,80.51,2.0,161.02
FIS_3084,16.03.2026,10:30,Makarna,16.05,2.0,32.1
FIS_3085,04.11.2026,19:21,Makarna,15.74,1.0,15.74
FIS_3085,04.11.2026,19:21,Şeker (1kg),34.48,3.0,103.44
FIS_3085,04.11.2026,19:21,Çay (500g),92.47,3.0,277.41
FIS_3085,04.11.2026,19:21,Süt (1L),31.65,2.0,63.3
FIS_3085,04.11.2026,19:21,Sıvı Yağ (1L),49.63,2.0,99.26
FIS_3085,04.11.2026,19:21,Ekmek,13.14,2.0,26.28
FIS_3086,16.04.2026,14:11,Şeker (1kg),33.33,1.0,33.33
FIS_3086,16.04.2026,14:11,Ekmek,12.35,2.0,24.7
FIS_3086,16.04.2026,14:11,Makarna,15.04,1.0,15.04
FIS_3086,16.04.2026,14:11,Süt (1L),31.61,2.0,63.22
FIS_3086,16.04.2026,14:11,Peynir (500g),111.31,2.0,222.62
FIS_3087,31.03.2026,13:54,Salatalık (kg),23.4,1.0,23.4
FIS_3087,31.03.2026,13:54,Limon Taze (kg),119.95,1.0,119.95
FIS_3087,31.03.2026,13:54,Domates (kg),27.85,1.0,27.85
FIS_3087,31.03.2026,13:54,Elma (kg),34.5,1.0,34.5
FIS_3088,06.06.2026,15:15,Şampuan,80.62,2.0,161.24
FIS_3088,06.06.2026,15:15,Deodorant,199.9,2.0,399.8
FIS_3088,06.06.2026,15:15,Diş Macunu,45.42,3.0,136.26
FIS_3088,06.06.2026,15:15,Deterjan (5kg),180.46,1.0,180.46
FIS_3088,06.06.2026,15:15,Plastik Poşet,1.0,3.0,3.0
FIS_3088,06.06.2026,15:15,Domates (kg),27.22,3.0,81.66
FIS_3089,31.05.2026,20:09,Deterjan (5kg),190.36,3.0,571.08
FIS_3089,31.05.2026,20:09,Diş Macunu,43.04,3.0,129.12
FIS_3089,31.05.2026,20:09,Plastik Poşet,1.0,3.0,3.0
FIS_3089,31.05.2026,20:09,Şampuan,107.88,2.0,215.76
FIS_3089,31.05.2026,20:09,Çay (500g),94.92,2.0,189.84
FIS_3090,02.04.2026,13:45,Deodorant,199.9,2.0,399.8
FIS_3090,02.04.2026,13:45,Plastik Poşet,1.0,2.0,2.0
FIS_3090,02.04.2026,13:45,Şampuan,114.58,3.0,343.74
FIS_3090,02.04.2026,13:45,Diş Macunu,43.45,2.0,86.9
FIS_3090,02.04.2026,13:45,Deterjan (5kg),180.64,1.0,180.64
FIS_3090,02.04.2026,13:45,Sıvı Yağ (1L),46.77,1.0,46.77
FIS_3091,01.06.2026,15:33,Plastik Poşet,1.0,2.0,2.0
FIS_3091,01.06.2026,15:33,Deterjan (5kg),182.69,2.0,365.38
FIS_3091,01.06.2026,15:33,Şampuan,86.73,2.0,173.46
FIS_3091,01.06.2026,15:33,Diş Macunu,42.86,2.0,85.72
FIS_3092,30.04.2026,12:41,Ekmek,9.69,1.0,9.69
FIS_3092,30.04.2026,12:41,Yumurta (15li),53.15,3.0,159.45
FIS_3092,30.04.2026,12:41,Yoğurt (2kg),63.93,2.0,127.86
FIS_3092,30.04.2026,12:41,Peynir (500g),117.83,3.0,353.49
FIS_3092,30.04.2026,12:41,Çay (500g),98.1,1.0,98.1
FIS_3093,28.12.2026,17:08,Çay (500g),97.53,2.0,195.06
FIS_3093,28.12.2026,17:08,Makarna,16.45,3.0,49.35
FIS_3093,28.12.2026,17:08,Şeker (1kg),34.88,1.0,34.88
FIS_3093,28.12.2026,17:08,Ekmek,11.63,3.0,34.89
FIS_3093,28.12.2026,17:08,Süt (1L),34.08,1.0,34.08
FIS_3093,28.12.2026,17:08,Sıvı Yağ (1L),50.26,1.0,50.26
FIS_3094,27.04.2026,19:47,Domates (kg),29.39,2.0,58.78
FIS_3094,27.04.2026,19:47,Makarna,16.17,3.0,48.51
FIS_3094,27.04.2026,19:47,Sıvı Yağ (1L),48.12,2.0,96.24
FIS_3094,27.04.2026,19:47,Salatalık (kg),22.39,3.0,67.17
FIS_3094,27.04.2026,19:47,Biber Dolmalık (kg),69.95,1.0,69.95
FIS_3094,27.04.2026,19:47,Yumurta (15li),54.41,1.0,54.41
FIS_3095,06.06.2026,19:00,Kek,59.0,2.0,118.0
FIS_3095,06.06.2026,19:00,Cola 2.5 LT,55.0,1.0,55.0
FIS_3095,06.06.2026,19:00,Su 0.5 LT,5.0,1.0,5.0
FIS_3095,06.06.2026,19:00,Çay (500g),98.8,1.0,98.8
FIS_3095,06.06.2026,19:00,Cola 1 LT,45.0,2.0,90.0
FIS_3096,18.10.2026,18:51,Biber Çarliston (kg),32.95,2.0,65.9
FIS_3096,18.10.2026,18:51,Salatalık (kg),22.8,2.0,45.6
FIS_3096,18.10.2026,18:51,Limon Taze (kg),119.95,1.0,119.95
FIS_3096,18.10.2026,18:51,Domates (kg),28.83,1.0,28.83
FIS_3096,18.10.2026,18:51,Elma (kg),34.5,3.0,103.5
FIS_3096,18.10.2026,18:51,Yumurta (15li),54.55,1.0,54.55
FIS_3097,06.04.2026,11:04,Cola 2.5 LT,55.0,2.0,110.0
FIS_3097,06.04.2026,11:04,Çay (500g),93.94,1.0,93.94
FIS_3097,06.04.2026,11:04,Su 0.5 LT,5.0,2.0,10.0
FIS_3097,06.04.2026,11:04,Cola 1 LT,45.0,1.0,45.0
FIS_3097,06.04.2026,11:04,Kek,59.0,1.0,59.0
FIS_3097,06.04.2026,11:04,Domates (kg),27.03,1.0,27.03
FIS_3098,08.06.2026,14:52,Kil Maskesi,297.9,2.0,595.8
FIS_3098,08.06.2026,14:52,Diş Macunu,45.44,1.0,45.44
FIS_3098,08.06.2026,14:52,Deodorant,199.9,3.0,599.7
FIS_3098,08.06.2026,14:52,Bebe Şampuanı,149.9,2.0,299.8
FIS_3098,08.06.2026,14:52,Şampuan,93.82,1.0,93.82
FIS_3098,08.06.2026,14:52,Yüz Temizleme,79.99,2.0,159.98
FIS_3098,08.06.2026,14:52,Peynir (500g),116.7,2.0,233.4
FIS_3099,27.06.2026,19:53,Kil Maskesi,297.9,3.0,893.7
FIS_3099,27.06.2026,19:53,Yüz Temizleme,79.99,3.0,239.97
FIS_3099,27.06.2026,19:53,Diş Macunu,43.18,3.0,129.54
FIS_3099,27.06.2026,19:53,Bebe Şampuanı,149.9,1.0,149.9
FIS_3099,27.06.2026,19:53,Şampuan,114.42,1.0,114.42
FIS_3099,27.06.2026,19:53,Biber Çarliston (kg),32.95,3.0,98.85
FIS_3100,03.10.2026,12:42,Yoğurt (2kg),66.71,2.0,133.42
FIS_3100,03.10.2026,12:42,Peynir (500g),114.0,1.0,114.0
FIS_3100,03.10.2026,12:42,Çay (500g),92.67,3.0,278.01
FIS_3100,03.10.2026,12:42,Süt (1L),31.13,1.0,31.13
FIS_3100,03.10.2026,12:42,Ekmek,9.85,3.0,29.55
FIS_3100,03.10.2026,12:42,Yumurta (15li),54.92,2.0,109.84
FIS_3101,15.07.2026,13:47,Su 0.5 LT,5.0,2.0,10.0
FIS_3101,15.07.2026,13:47,Cola 1 LT,45.0,1.0,45.0
FIS_3101,15.07.2026,13:47,Çay (500g),91.12,3.0,273.36
FIS_3101,15.07.2026,13:47,Cola 2.5 LT,55.0,2.0,110.0
FIS_3101,15.07.2026,13:47,Salatalık (kg),21.72,2.0,43.44
FIS_3102,24.03.2026,10:53,Ekmek,12.55,1.0,12.55
FIS_3102,24.03.2026,10:53,Peynir (500g),114.35,1.0,114.35
FIS_3102,24.03.2026,10:53,Yumurta (15li),52.54,1.0,52.54
FIS_3102,24.03.2026,10:53,Yoğurt (2kg),67.51,3.0,202.53
FIS_3102,24.03.2026,10:53,Süt (1L),31.66,3.0,94.98
FIS_3102,24.03.2026,10:53,Çay (500g),90.8,3.0,272.4
FIS_3103,25.09.2026,18:42,Şampuan,116.53,2.0,233.06
FIS_3103,25.09.2026,18:42,Kil Maskesi,297.9,1.0,297.9
FIS_3103,25.09.2026,18:42,Deodorant,199.9,2.0,399.8
FIS_3103,25.09.2026,18:42,Diş Macunu,42.87,1.0,42.87
FIS_3103,25.09.2026,18:42,Bebe Şampuanı,149.9,1.0,149.9
FIS_3103,25.09.2026,18:42,Yüz Temizleme,79.99,1.0,79.99
FIS_3103,25.09.2026,18:42,Cola 2.5 LT,55.0,1.0,55.0
FIS_3104,07.12.2026,10:46,Sıvı Yağ (1L),49.11,3.0,147.33
FIS_3104,07.12.2026,10:46,Makarna,15.59,2.0,31.18
FIS_3104,07.12.2026,10:46,Tavuk Göğsü (kg),158.78,1.0,158.78
FIS_3104,07.12.2026,10:46,Domates (kg),26.95,2.0,53.9
FIS_3104,07.12.2026,10:46,Diş Macunu,43.52,2.0,87.04
FIS_3105,01.12.2026,13:00,Su 0.5 LT,5.0,1.0,5.0
FIS_3105,01.12.2026,13:00,Cola 2.5 LT,55.0,2.0,110.0
FIS_3105,01.12.2026,13:00,Cola 1 LT,45.0,3.0,135.0
FIS_3105,01.12.2026,13:00,Çay (500g),94.93,1.0,94.93
FIS_3106,31.12.2026,16:50,Süt (1L),34.02,3.0,102.06
FIS_3106,31.12.2026,16:50,Şeker (1kg),32.81,1.0,32.81
FIS_3106,31.12.2026,16:50,Ekmek,12.37,3.0,37.11
FIS_3106,31.12.2026,16:50,Makarna,15.47,3.0,46.41
FIS_3106,31.12.2026,16:50,Çay (500g),94.77,2.0,189.54
FIS_3106,31.12.2026,16:50,Sıvı Yağ (1L),46.21,3.0,138.63
FIS_3107,18.08.2026,14:32,Diş Macunu,46.12,3.0,138.36
FIS_3107,18.08.2026,14:32,Yüz Temizleme,79.99,1.0,79.99
FIS_3107,18.08.2026,14:32,Şampuan,89.53,2.0,179.06
FIS_3107,18.08.2026,14:32,Kil Maskesi,297.9,2.0,595.8
FIS_3107,18.08.2026,14:32,Deodorant,199.9,1.0,199.9
FIS_3107,18.08.2026,14:32,Bebe Şampuanı,149.9,3.0,449.7
FIS_3108,03.11.2026,15:47,Diş Macunu,47.1,3.0,141.3
FIS_3108,03.11.2026,15:47,Plastik Poşet,1.0,1.0,1.0
FIS_3108,03.11.2026,15:47,Deodorant,199.9,3.0,599.7
FIS_3108,03.11.2026,15:47,Deterjan (5kg),182.03,1.0,182.03
FIS_3109,16.04.2026,16:03,Bebe Şampuanı,149.9,2.0,299.8
FIS_3109,16.04.2026,16:03,Diş Macunu,43.06,1.0,43.06
FIS_3109,16.04.2026,16:03,Kil Maskesi,297.9,1.0,297.9
FIS_3109,16.04.2026,16:03,Deodorant,199.9,1.0,199.9
FIS_3109,16.04.2026,16:03,Cola 1 LT,45.0,3.0,135.0
FIS_3110,09.10.2026,21:50,Makarna,15.23,1.0,15.23
FIS_3110,09.10.2026,21:50,Tavuk Göğsü (kg),160.81,1.0,160.81
FIS_3110,09.10.2026,21:50,Sıvı Yağ (1L),49.02,2.0,98.04
FIS_3110,09.10.2026,21:50,Salatalık (kg),22.03,2.0,44.06
FIS_3111,22.11.2026,11:17,Ekmek,11.41,3.0,34.23
FIS_3111,22.11.2026,11:17,Şeker (1kg),34.8,1.0,34.8
FIS_3111,22.11.2026,11:17,Sıvı Yağ (1L),50.04,2.0,100.08
FIS_3111,22.11.2026,11:17,Süt (1L),31.05,2.0,62.1
FIS_3111,22.11.2026,11:17,Çay (500g),94.27,1.0,94.27
FIS_3112,03.06.2026,17:34,Biber Dolmalık (kg),69.95,3.0,209.85
FIS_3112,03.06.2026,17:34,Domates (kg),28.19,2.0,56.38
FIS_3112,03.06.2026,17:34,Salatalık (kg),21.71,2.0,43.42
FIS_3112,03.06.2026,17:34,Makarna,15.28,1.0,15.28
FIS_3112,03.06.2026,17:34,Sıvı Yağ (1L),46.15,3.0,138.45
FIS_3112,03.06.2026,17:34,Tavuk Göğsü (kg),168.74,2.0,337.48
FIS_3113,09.09.2026,14:59,Kek,59.0,1.0,59.0
FIS_3113,09.09.2026,14:59,Su 0.5 LT,5.0,3.0,15.0
FIS_3113,09.09.2026,14:59,Cola 2.5 LT,55.0,2.0,110.0
FIS_3113,09.09.2026,14:59,Çay (500g),99.12,3.0,297.36
FIS_3113,09.09.2026,14:59,Cola 1 LT,45.0,3.0,135.0
FIS_3114,08.09.2026,18:44,Deodorant,199.9,3.0,599.7
FIS_3114,08.09.2026,18:44,Plastik Poşet,1.0,3.0,3.0
FIS_3114,08.09.2026,18:44,Diş Macunu,45.62,2.0,91.24
FIS_3114,08.09.2026,18:44,Deterjan (5kg),187.0,3.0,561.0
FIS_3114,08.09.2026,18:44,Yumurta (15li),52.18,1.0,52.18
FIS_3115,05.11.2026,17:42,Ekmek,11.24,3.0,33.72
FIS_3115,05.11.2026,17:42,Çay (500g),95.72,1.0,95.72
FIS_3115,05.11.2026,17:42,Makarna,15.78,1.0,15.78
FIS_3115,05.11.2026,17:42,Şeker (1kg),35.27,1.0,35.27
FIS_3116,07.08.2026,12:44,Plastik Poşet,1.0,2.0,2.0
FIS_3116,07.08.2026,12:44,Diş Macunu,46.08,3.0,138.24
FIS_3116,07.08.2026,12:44,Deodorant,199.9,2.0,399.8
FIS_3116,07.08.2026,12:44,Şampuan,71.59,1.0,71.59
FIS_3116,07.08.2026,12:44,Deterjan (5kg),190.82,1.0,190.82
FIS_3116,07.08.2026,12:44,Elma (kg),34.5,3.0,103.5
FIS_3117,02.08.2026,16:26,Bebe Şampuanı,149.9,3.0,449.7
FIS_3117,02.08.2026,16:26,Kil Maskesi,297.9,2.0,595.8
FIS_3117,02.08.2026,16:26,Diş Macunu,45.27,1.0,45.27
FIS_3117,02.08.2026,16:26,Şampuan,80.32,1.0,80.32
FIS_3117,02.08.2026,16:26,Yüz Temizleme,79.99,1.0,79.99
FIS_3117,02.08.2026,16:26,Domates (kg),27.46,2.0,54.92
FIS_3118,14.08.2026,18:58,Salatalık (kg),22.16,3.0,66.48
FIS_3118,14.08.2026,18:58,Domates (kg),27.37,2.0,54.74
FIS_3118,14.08.2026,18:58,Limon Taze (kg),119.95,1.0,119.95
FIS_3118,14.08.2026,18:58,Biber Çarliston (kg),32.95,2.0,65.9
FIS_3118,14.08.2026,18:58,Deterjan (5kg),189.65,1.0,189.65
FIS_3119,07.12.2026,17:50,Peynir (500g),120.59,2.0,241.18
FIS_3119,07.12.2026,17:50,Süt (1L),33.9,2.0,67.8
FIS_3119,07.12.2026,17:50,Ekmek,12.91,3.0,38.73
FIS_3119,07.12.2026,17:50,Yoğurt (2kg),64.57,2.0,129.14
FIS_3120,16.12.2026,22:21,Diş Macunu,46.64,1.0,46.64
FIS_3120,16.12.2026,22:21,Deodorant,199.9,3.0,599.7
FIS_3120,16.12.2026,22:21,Şampuan,90.86,1.0,90.86
FIS_3120,16.12.2026,22:21,Deterjan (5kg),176.5,1.0,176.5
FIS_3121,29.09.2026,12:44,Şeker (1kg),32.99,3.0,98.97
FIS_3121,29.09.2026,12:44,Sıvı Yağ (1L),50.7,2.0,101.4
FIS_3121,29.09.2026,12:44,Makarna,15.0,2.0,30.0
FIS_3121,29.09.2026,12:44,Çay (500g),98.35,3.0,295.05
FIS_3122,16.06.2026,18:28,Sıvı Yağ (1L),50.22,1.0,50.22
FIS_3122,16.06.2026,18:28,Biber Dolmalık (kg),69.95,2.0,139.9
FIS_3122,16.06.2026,18:28,Tavuk Göğsü (kg),166.73,3.0,500.19
FIS_3122,16.06.2026,18:28,Domates (kg),27.07,3.0,81.21
FIS_3122,16.06.2026,18:28,Salatalık (kg),23.32,3.0,69.96
FIS_3122,16.06.2026,18:28,Makarna,15.76,1.0,15.76
FIS_3123,12.09.2026,20:05,Şampuan,105.38,1.0,105.38
FIS_3123,12.09.2026,20:05,Deodorant,199.9,3.0,599.7
FIS_3123,12.09.2026,20:05,Deterjan (5kg),176.56,2.0,353.12
FIS_3123,12.09.2026,20:05,Plastik Poşet,1.0,2.0,2.0
FIS_3123,12.09.2026,20:05,Diş Macunu,43.73,2.0,87.46
FIS_3123,12.09.2026,20:05,Biber Dolmalık (kg),69.95,3.0,209.85
FIS_3124,05.03.2026,18:08,Domates (kg),29.03,2.0,58.06
FIS_3124,05.03.2026,18:08,Elma (kg),34.5,3.0,103.5
FIS_3124,05.03.2026,18:08,Limon Taze (kg),119.95,2.0,239.9
FIS_3124,05.03.2026,18:08,Biber Çarliston (kg),32.95,1.0,32.95
FIS_3124,05.03.2026,18:08,Salatalık (kg),21.97,2.0,43.94
FIS_3124,05.03.2026,18:08,Bebe Şampuanı,149.9,1.0,149.9
FIS_3125,24.06.2026,19:37,Tavuk Göğsü (kg),156.84,1.0,156.84
FIS_3125,24.06.2026,19:37,Makarna,15.89,1.0,15.89
FIS_3125,24.06.2026,19:37,Salatalık (kg),23.26,2.0,46.52
FIS_3125,24.06.2026,19:37,Biber Dolmalık (kg),69.95,2.0,139.9
FIS_3125,24.06.2026,19:37,Domates (kg),29.23,1.0,29.23
FIS_3125,24.06.2026,19:37,Sıvı Yağ (1L),48.61,3.0,145.83
FIS_3126,30.10.2026,11:06,Çay (500g),93.08,1.0,93.08
FIS_3126,30.10.2026,11:06,Su 0.5 LT,5.0,2.0,10.0
FIS_3126,30.10.2026,11:06,Cola 2.5 LT,55.0,2.0,110.0
FIS_3126,30.10.2026,11:06,Cola 1 LT,45.0,3.0,135.0
FIS_3127,26.12.2026,08:38,Plastik Poşet,1.0,2.0,2.0
FIS_3127,26.12.2026,08:38,Deterjan (5kg),177.1,2.0,354.2
FIS_3127,26.12.2026,08:38,Şampuan,78.72,3.0,236.16
FIS_3127,26.12.2026,08:38,Diş Macunu,43.69,3.0,131.07
FIS_3127,26.12.2026,08:38,Deodorant,199.9,1.0,199.9
FIS_3128,25.12.2026,19:03,Sıvı Yağ (1L),46.89,1.0,46.89
FIS_3128,25.12.2026,19:03,Çay (500g),95.37,2.0,190.74
FIS_3128,25.12.2026,19:03,Şeker (1kg),33.77,2.0,67.54
FIS_3128,25.12.2026,19:03,Makarna,16.51,2.0,33.02
FIS_3129,20.07.2026,09:33,Deodorant,199.9,1.0,199.9
FIS_3129,20.07.2026,09:33,Diş Macunu,46.53,3.0,139.59
FIS_3129,20.07.2026,09:33,Kil Maskesi,297.9,3.0,893.7
FIS_3129,20.07.2026,09:33,Şampuan,79.26,1.0,79.26
FIS_3129,20.07.2026,09:33,Bebe Şampuanı,149.9,2.0,299.8
FIS_3129,20.07.2026,09:33,Makarna,15.42,1.0,15.42
FIS_3130,18.04.2026,11:51,Bebe Şampuanı,149.9,1.0,149.9
FIS_3130,18.04.2026,11:51,Şampuan,89.63,2.0,179.26
FIS_3130,18.04.2026,11:51,Deodorant,199.9,1.0,199.9
FIS_3130,18.04.2026,11:51,Kil Maskesi,297.9,1.0,297.9
FIS_3131,02.07.2026,15:11,Süt (1L),32.25,1.0,32.25
FIS_3131,02.07.2026,15:11,Yumurta (15li),52.04,2.0,104.08
FIS_3131,02.07.2026,15:11,Çay (500g),94.83,3.0,284.49
FIS_3131,02.07.2026,15:11,Ekmek,12.19,1.0,12.19
FIS_3132,01.12.2026,19:24,Çay (500g),94.43,1.0,94.43
FIS_3132,01.12.2026,19:24,Ekmek,10.06,1.0,10.06
FIS_3132,01.12.2026,19:24,Sıvı Yağ (1L),46.71,3.0,140.13
FIS_3132,01.12.2026,19:24,Şeker (1kg),34.58,3.0,103.74
FIS_3132,01.12.2026,19:24,Süt (1L),31.69,3.0,95.07
FIS_3132,01.12.2026,19:24,Makarna,15.86,3.0,47.58
FIS_3133,03.09.2026,12:44,Yüz Temizleme,79.99,2.0,159.98
FIS_3133,03.09.2026,12:44,Diş Macunu,45.29,1.0,45.29
FIS_3133,03.09.2026,12:44,Kil Maskesi,297.9,3.0,893.7
FIS_3133,03.09.2026,12:44,Bebe Şampuanı,149.9,3.0,449.7
FIS_3134,05.04.2026,14:52,Kil Maskesi,297.9,3.0,893.7
FIS_3134,05.04.2026,14:52,Yüz Temizleme,79.99,3.0,239.97
FIS_3134,05.04.2026,14:52,Bebe Şampuanı,149.9,1.0,149.9
FIS_3134,05.04.2026,14:52,Şampuan,118.33,1.0,118.33
FIS_3135,03.04.2026,21:38,Şampuan,81.33,1.0,81.33
FIS_3135,03.04.2026,21:38,Yüz Temizleme,79.99,2.0,159.98
FIS_3135,03.04.2026,21:38,Kil Maskesi,297.9,1.0,297.9
FIS_3135,03.04.2026,21:38,Diş Macunu,43.13,1.0,43.13
FIS_3135,03.04.2026,21:38,Makarna,15.76,2.0,31.52
FIS_3136,06.10.2026,10:27,Diş Macunu,44.06,3.0,132.18
FIS_3136,06.10.2026,10:27,Deodorant,199.9,3.0,599.7
FIS_3136,06.10.2026,10:27,Şampuan,95.17,2.0,190.34
FIS_3136,06.10.2026,10:27,Yüz Temizleme,79.99,2.0,159.98
FIS_3137,07.11.2026,16:32,Tavuk Göğsü (kg),172.44,3.0,517.32
FIS_3137,07.11.2026,16:32,Biber Dolmalık (kg),69.95,3.0,209.85
FIS_3137,07.11.2026,16:32,Domates (kg),27.78,1.0,27.78
FIS_3137,07.11.2026,16:32,Makarna,16.11,2.0,32.22
FIS_3137,07.11.2026,16:32,Salatalık (kg),21.57,2.0,43.14
FIS_3137,07.11.2026,16:32,Sıvı Yağ (1L),47.37,3.0,142.11
FIS_3137,07.11.2026,16:32,Süt (1L),33.81,2.0,67.62
FIS_3138,22.08.2026,09:16,Bebe Şampuanı,149.9,1.0,149.9
FIS_3138,22.08.2026,09:16,Diş Macunu,45.93,3.0,137.79
FIS_3138,22.08.2026,09:16,Yüz Temizleme,79.99,3.0,239.97
FIS_3138,22.08.2026,09:16,Şampuan,100.75,2.0,201.5
FIS_3138,22.08.2026,09:16,Kil Maskesi,297.9,2.0,595.8
FIS_3139,11.08.2026,14:01,Domates (kg),27.94,2.0,55.88
FIS_3139,11.08.2026,14:01,Elma (kg),34.5,2.0,69.0
FIS_3139,11.08.2026,14:01,Limon Taze (kg),119.95,2.0,239.9
FIS_3139,11.08.2026,14:01,Biber Çarliston (kg),32.95,1.0,32.95
FIS_3140,21.05.2026,08:06,Su 0.5 LT,5.0,3.0,15.0
FIS_3140,21.05.2026,08:06,Cola 1 LT,45.0,2.0,90.0
FIS_3140,21.05.2026,08:06,Çay (500g),91.23,2.0,182.46
FIS_3140,21.05.2026,08:06,Kek,59.0,2.0,118.0
FIS_3141,10.10.2026,12:38,Peynir (500g),120.37,3.0,361.11
FIS_3141,10.10.2026,12:38,Yumurta (15li),54.28,2.0,108.56
FIS_3141,10.10.2026,12:38,Çay (500g),94.72,1.0,94.72
FIS_3141,10.10.2026,12:38,Ekmek,10.68,3.0,32.04
FIS_3141,10.10.2026,12:38,Bebe Şampuanı,149.9,1.0,149.9
FIS_3142,03.12.2026,10:09,Cola 1 LT,45.0,2.0,90.0
FIS_3142,03.12.2026,10:09,Kek,59.0,3.0,177.0
FIS_3142,03.12.2026,10:09,Su 0.5 LT,5.0,2.0,10.0
FIS_3142,03.12.2026,10:09,Çay (500g),95.12,3.0,285.36
FIS_3142,03.12.2026,10:09,Cola 2.5 LT,55.0,1.0,55.0
FIS_3143,06.06.2026,18:54,Çay (500g),91.87,1.0,91.87
FIS_3143,06.06.2026,18:54,Yumurta (15li),51.86,2.0,103.72
FIS_3143,06.06.2026,18:54,Ekmek,12.0,2.0,24.0
FIS_3143,06.06.2026,18:54,Süt (1L),33.51,1.0,33.51
FIS_3143,06.06.2026,18:54,Yoğurt (2kg),67.95,2.0,135.9
FIS_3143,06.06.2026,18:54,Tavuk Göğsü (kg),167.87,3.0,503.61
FIS_3144,11.03.2026,15:31,Biber Çarliston (kg),32.95,3.0,98.85
FIS_3144,11.03.2026,15:31,Domates (kg),28.0,3.0,84.0
FIS_3144,11.03.2026,15:31,Elma (kg),34.5,1.0,34.5
FIS_3144,11.03.2026,15:31,Limon Taze (kg),119.95,3.0,359.85
FIS_3145,28.09.2026,18:38,Çay (500g),95.06,1.0,95.06
FIS_3145,28.09.2026,18:38,Peynir (500g),114.15,2.0,228.3
FIS_3145,28.09.2026,18:38,Süt (1L),31.52,1.0,31.52
FIS_3145,28.09.2026,18:38,Ekmek,11.03,3.0,33.09
FIS_3145,28.09.2026,18:38,Yumurta (15li),52.71,3.0,158.13
FIS_3145,28.09.2026,18:38,Yoğurt (2kg),67.24,1.0,67.24
FIS_3146,29.05.2026,12:30,Şampuan,116.55,3.0,349.65
FIS_3146,29.05.2026,12:30,Deterjan (5kg),185.37,1.0,185.37
FIS_3146,29.05.2026,12:30,Diş Macunu,46.91,3.0,140.73
FIS_3146,29.05.2026,12:30,Plastik Poşet,1.0,1.0,1.0
FIS_3146,29.05.2026,12:30,Deodorant,199.9,3.0,599.7
FIS_3147,24.08.2026,13:19,Deterjan (5kg),176.19,2.0,352.38
FIS_3147,24.08.2026,13:19,Diş Macunu,44.94,1.0,44.94
FIS_3147,24.08.2026,13:19,Deodorant,199.9,1.0,199.9
FIS_3147,24.08.2026,13:19,Plastik Poşet,1.0,2.0,2.0
FIS_3148,04.01.2026,10:49,Diş Macunu,46.36,1.0,46.36
FIS_3148,04.01.2026,10:49,Kil Maskesi,297.9,3.0,893.7
FIS_3148,04.01.2026,10:49,Yüz Temizleme,79.99,1.0,79.99
FIS_3148,04.01.2026,10:49,Bebe Şampuanı,149.9,3.0,449.7
FIS_3148,04.01.2026,10:49,Deodorant,199.9,2.0,399.8
FIS_3148,04.01.2026,10:49,Makarna,16.35,3.0,49.05
FIS_3149,12.04.2026,09:12,Şampuan,79.09,1.0,79.09
FIS_3149,12.04.2026,09:12,Deodorant,199.9,3.0,599.7
FIS_3149,12.04.2026,09:12,Plastik Poşet,1.0,1.0,1.0
FIS_3149,12.04.2026,09:12,Diş Macunu,44.62,3.0,133.86
FIS_3150,11.09.2026,20:43,Deodorant,199.9,2.0,399.8
FIS_3150,11.09.2026,20:43,Kil Maskesi,297.9,3.0,893.7
FIS_3150,11.09.2026,20:43,Yüz Temizleme,79.99,3.0,239.97
FIS_3150,11.09.2026,20:43,Şampuan,111.71,2.0,223.42
FIS_3150,11.09.2026,20:43,Ekmek,13.89,3.0,41.67
FIS_3151,05.01.2026,14:30,Deodorant,199.9,2.0,399.8
FIS_3151,05.01.2026,14:30,Deterjan (5kg),189.92,2.0,379.84
FIS_3151,05.01.2026,14:30,Şampuan,119.72,1.0,119.72
FIS_3151,05.01.2026,14:30,Plastik Poşet,1.0,2.0,2.0
FIS_3151,05.01.2026,14:30,Diş Macunu,43.63,3.0,130.89
FIS_3152,22.02.2026,19:46,Salatalık (kg),23.57,1.0,23.57
FIS_3152,22.02.2026,19:46,Limon Taze (kg),119.95,3.0,359.85
FIS_3152,22.02.2026,19:46,Domates (kg),27.26,1.0,27.26
FIS_3152,22.02.2026,19:46,Elma (kg),34.5,3.0,103.5
FIS_3152,22.02.2026,19:46,Yumurta (15li),53.01,3.0,159.03
FIS_3153,29.04.2026,11:21,Cola 1 LT,45.0,3.0,135.0
FIS_3153,29.04.2026,11:21,Su 0.5 LT,5.0,2.0,10.0
FIS_3153,29.04.2026,11:21,Kek,59.0,1.0,59.0
FIS_3153,29.04.2026,11:21,Çay (500g),90.73,1.0,90.73
FIS_3153,29.04.2026,11:21,Cola 2.5 LT,55.0,2.0,110.0
FIS_3153,29.04.2026,11:21,Diş Macunu,43.69,2.0,87.38
FIS_3154,24.05.2026,22:38,Peynir (500g),109.48,3.0,328.44
FIS_3154,24.05.2026,22:38,Yumurta (15li),55.41,1.0,55.41
FIS_3154,24.05.2026,22:38,Çay (500g),93.39,3.0,280.17
FIS_3154,24.05.2026,22:38,Yoğurt (2kg),66.98,3.0,200.94
FIS_3154,24.05.2026,22:38,Süt (1L),33.42,3.0,100.26
FIS_3155,06.11.2026,13:15,Diş Macunu,43.29,3.0,129.87
FIS_3155,06.11.2026,13:15,Yüz Temizleme,79.99,3.0,239.97
FIS_3155,06.11.2026,13:15,Kil Maskesi,297.9,1.0,297.9
FIS_3155,06.11.2026,13:15,Şampuan,105.61,1.0,105.61
FIS_3155,06.11.2026,13:15,Deodorant,199.9,3.0,599.7
FIS_3156,13.11.2026,13:19,Diş Macunu,46.72,3.0,140.16
FIS_3156,13.11.2026,13:19,Yüz Temizleme,79.99,2.0,159.98
FIS_3156,13.11.2026,13:19,Bebe Şampuanı,149.9,3.0,449.7
FIS_3156,13.11.2026,13:19,Şampuan,77.0,2.0,154.0
FIS_3156,13.11.2026,13:19,Deodorant,199.9,2.0,399.8
FIS_3156,13.11.2026,13:19,Elma (kg),34.5,3.0,103.5
FIS_3157,12.01.2026,10:38,Diş Macunu,45.84,3.0,137.52
FIS_3157,12.01.2026,10:38,Deterjan (5kg),190.79,2.0,381.58
FIS_3157,12.01.2026,10:38,Plastik Poşet,1.0,3.0,3.0
FIS_3157,12.01.2026,10:38,Deodorant,199.9,1.0,199.9
FIS_3158,13.08.2026,20:32,Su 0.5 LT,5.0,3.0,15.0
FIS_3158,13.08.2026,20:32,Kek,59.0,3.0,177.0
FIS_3158,13.08.2026,20:32,Cola 1 LT,45.0,2.0,90.0
FIS_3158,13.08.2026,20:32,Çay (500g),93.14,1.0,93.14
FIS_3158,13.08.2026,20:32,Cola 2.5 LT,55.0,2.0,110.0
FIS_3158,13.08.2026,20:32,Makarna,15.83,1.0,15.83
FIS_3159,25.04.2026,08:34,Tavuk Göğsü (kg),157.65,1.0,157.65
FIS_3159,25.04.2026,08:34,Domates (kg),29.87,1.0,29.87
FIS_3159,25.04.2026,08:34,Salatalık (kg),22.58,1.0,22.58
FIS_3159,25.04.2026,08:34,Biber Dolmalık (kg),69.95,3.0,209.85
FIS_3159,25.04.2026,08:34,Makarna,15.91,2.0,31.82
FIS_3160,16.06.2026,09:45,Salatalık (kg),22.77,1.0,22.77
FIS_3160,16.06.2026,09:45,Biber Çarliston (kg),32.95,1.0,32.95
FIS_3160,16.06.2026,09:45,Elma (kg),34.5,2.0,69.0
FIS_3160,16.06.2026,09:45,Limon Taze (kg),119.95,1.0,119.95
FIS_3160,16.06.2026,09:45,Domates (kg),28.37,3.0,85.11
FIS_3161,24.02.2026,19:47,Bebe Şampuanı,149.9,2.0,299.8
FIS_3161,24.02.2026,19:47,Deodorant,199.9,1.0,199.9
FIS_3161,24.02.2026,19:47,Diş Macunu,46.0,2.0,92.0
FIS_3161,24.02.2026,19:47,Kil Maskesi,297.9,2.0,595.8
FIS_3161,24.02.2026,19:47,Şampuan,75.84,1.0,75.84
FIS_3161,24.02.2026,19:47,Makarna,15.69,1.0,15.69
FIS_3162,07.04.2026,17:31,Bebe Şampuanı,149.9,1.0,149.9
FIS_3162,07.04.2026,17:31,Deodorant,199.9,1.0,199.9
FIS_3162,07.04.2026,17:31,Şampuan,92.05,2.0,184.1
FIS_3162,07.04.2026,17:31,Diş Macunu,46.8,2.0,93.6
FIS_3162,07.04.2026,17:31,Sıvı Yağ (1L),46.61,3.0,139.83
FIS_3163,12.03.2026,19:48,Makarna,16.16,3.0,48.48
FIS_3163,12.03.2026,19:48,Ekmek,13.71,1.0,13.71
FIS_3163,12.03.2026,19:48,Sıvı Yağ (1L),47.31,1.0,47.31
FIS_3163,12.03.2026,19:48,Süt (1L),31.83,3.0,95.49
FIS_3164,04.11.2026,08:50,Süt (1L),33.77,1.0,33.77
FIS_3164,04.11.2026,08:50,Yumurta (15li),53.01,2.0,106.02
FIS_3164,04.11.2026,08:50,Ekmek,10.21,1.0,10.21
FIS_3164,04.11.2026,08:50,Çay (500g),95.33,2.0,190.66
FIS_3164,04.11.2026,08:50,Makarna,15.95,1.0,15.95
FIS_3165,11.01.2026,21:02,Yumurta (15li),52.18,3.0,156.54
FIS_3165,11.01.2026,21:02,Ekmek,10.81,3.0,32.43
FIS_3165,11.01.2026,21:02,Çay (500g),93.88,3.0,281.64
FIS_3165,11.01.2026,21:02,Süt (1L),33.56,1.0,33.56
FIS_3165,11.01.2026,21:02,Yoğurt (2kg),64.96,1.0,64.96
FIS_3165,11.01.2026,21:02,Peynir (500g),111.88,2.0,223.76
FIS_3165,11.01.2026,21:02,Su 0.5 LT,5.0,3.0,15.0
FIS_3166,20.06.2026,09:23,Süt (1L),32.86,3.0,98.58
FIS_3166,20.06.2026,09:23,Peynir (500g),114.18,3.0,342.54
FIS_3166,20.06.2026,09:23,Yoğurt (2kg),66.2,3.0,198.6
FIS_3166,20.06.2026,09:23,Çay (500g),97.84,2.0,195.68
FIS_3167,23.02.2026,12:58,Kek,59.0,2.0,118.0
FIS_3167,23.02.2026,12:58,Cola 1 LT,45.0,1.0,45.0
FIS_3167,23.02.2026,12:58,Su 0.5 LT,5.0,3.0,15.0
FIS_3167,23.02.2026,12:58,Çay (500g),92.91,1.0,92.91
FIS_3167,23.02.2026,12:58,Cola 2.5 LT,55.0,1.0,55.0
FIS_3168,04.04.2026,20:24,Deodorant,199.9,3.0,599.7
FIS_3168,04.04.2026,20:24,Plastik Poşet,1.0,3.0,3.0
FIS_3168,04.04.2026,20:24,Şampuan,95.28,3.0,285.84
FIS_3168,04.04.2026,20:24,Diş Macunu,46.41,2.0,92.82
FIS_3168,04.04.2026,20:24,Deterjan (5kg),177.55,3.0,532.65
FIS_3169,04.08.2026,16:36,Çay (500g),93.68,2.0,187.36
FIS_3169,04.08.2026,16:36,Süt (1L),33.98,1.0,33.98
FIS_3169,04.08.2026,16:36,Ekmek,9.79,2.0,19.58
FIS_3169,04.08.2026,16:36,Sıvı Yağ (1L),47.85,1.0,47.85
FIS_3169,04.08.2026,16:36,Makarna,15.43,1.0,15.43
FIS_3169,04.08.2026,16:36,Şeker (1kg),35.13,3.0,105.39
FIS_3170,04.08.2026,11:13,Ekmek,11.21,1.0,11.21
FIS_3170,04.08.2026,11:13,Süt (1L),33.16,2.0,66.32
FIS_3170,04.08.2026,11:13,Çay (500g),93.76,3.0,281.28
FIS_3170,04.08.2026,11:13,Şeker (1kg),32.72,3.0,98.16
FIS_3171,07.02.2026,15:53,Domates (kg),28.48,2.0,56.96
FIS_3171,07.02.2026,15:53,Salatalık (kg),21.74,1.0,21.74
FIS_3171,07.02.2026,15:53,Biber Çarliston (kg),32.95,1.0,32.95
FIS_3171,07.02.2026,15:53,Limon Taze (kg),119.95,3.0,359.85
FIS_3171,07.02.2026,15:53,Ekmek,13.77,2.0,27.54
FIS_3172,30.07.2026,19:21,Kek,59.0,1.0,59.0
FIS_3172,30.07.2026,19:21,Cola 1 LT,45.0,1.0,45.0
FIS_3172,30.07.2026,19:21,Su 0.5 LT,5.0,2.0,10.0
FIS_3172,30.07.2026,19:21,Çay (500g),96.58,2.0,193.16
FIS_3173,11.10.2026,19:53,Şampuan,118.92,1.0,118.92
FIS_3173,11.10.2026,19:53,Deodorant,199.9,2.0,399.8
FIS_3173,11.10.2026,19:53,Deterjan (5kg),187.25,1.0,187.25
FIS_3173,11.10.2026,19:53,Plastik Poşet,1.0,3.0,3.0
FIS_3173,11.10.2026,19:53,Diş Macunu,47.09,3.0,141.27
FIS_3174,09.02.2026,21:44,Kek,59.0,1.0,59.0
FIS_3174,09.02.2026,21:44,Su 0.5 LT,5.0,1.0,5.0
FIS_3174,09.02.2026,21:44,Cola 2.5 LT,55.0,3.0,165.0
FIS_3174,09.02.2026,21:44,Cola 1 LT,45.0,2.0,90.0
FIS_3174,09.02.2026,21:44,Çay (500g),90.62,2.0,181.24
FIS_3175,25.03.2026,16:06,Süt (1L),32.98,1.0,32.98
FIS_3175,25.03.2026,16:06,Ekmek,10.6,1.0,10.6
FIS_3175,25.03.2026,16:06,Yumurta (15li),56.48,3.0,169.44
FIS_3175,25.03.2026,16:06,Yoğurt (2kg),62.12,2.0,124.24
FIS_3176,24.01.2026,08:20,Ekmek,13.88,3.0,41.64
FIS_3176,24.01.2026,08:20,Yumurta (15li),54.91,2.0,109.82
FIS_3176,24.01.2026,08:20,Süt (1L),32.26,3.0,96.78
FIS_3176,24.01.2026,08:20,Peynir (500g),115.07,3.0,345.21
FIS_3176,24.01.2026,08:20,Yoğurt (2kg),66.97,1.0,66.97
FIS_3176,24.01.2026,08:20,Kek,59.0,2.0,118.0
FIS_3177,02.09.2026,17:55,Şeker (1kg),35.3,1.0,35.3
FIS_3177,02.09.2026,17:55,Süt (1L),33.96,1.0,33.96
FIS_3177,02.09.2026,17:55,Makarna,16.35,3.0,49.05
FIS_3177,02.09.2026,17:55,Çay (500g),96.35,3.0,289.05
FIS_3178,24.03.2026,16:33,Bebe Şampuanı,149.9,3.0,449.7
FIS_3178,24.03.2026,16:33,Yüz Temizleme,79.99,2.0,159.98
FIS_3178,24.03.2026,16:33,Deodorant,199.9,3.0,599.7
FIS_3178,24.03.2026,16:33,Diş Macunu,45.45,1.0,45.45
FIS_3178,24.03.2026,16:33,Şampuan,98.9,2.0,197.8
FIS_3178,24.03.2026,16:33,Kil Maskesi,297.9,1.0,297.9
FIS_3178,24.03.2026,16:33,Biber Çarliston (kg),32.95,2.0,65.9
FIS_3179,08.10.2026,21:51,Sıvı Yağ (1L),46.46,3.0,139.38
FIS_3179,08.10.2026,21:51,Ekmek,11.15,1.0,11.15
FIS_3179,08.10.2026,21:51,Çay (500g),91.01,3.0,273.03
FIS_3179,08.10.2026,21:51,Süt (1L),33.4,2.0,66.8
FIS_3179,08.10.2026,21:51,Şampuan,119.32,2.0,238.64
FIS_3180,15.08.2026,18:59,Makarna,15.6,3.0,46.8
FIS_3180,15.08.2026,18:59,Sıvı Yağ (1L),50.5,1.0,50.5
FIS_3180,15.08.2026,18:59,Tavuk Göğsü (kg),164.01,3.0,492.03
FIS_3180,15.08.2026,18:59,Domates (kg),29.39,2.0,58.78
FIS_3181,11.07.2026,09:43,Kek,59.0,1.0,59.0
FIS_3181,11.07.2026,09:43,Cola 1 LT,45.0,2.0,90.0
FIS_3181,11.07.2026,09:43,Çay (500g),93.8,3.0,281.4
FIS_3181,11.07.2026,09:43,Su 0.5 LT,5.0,1.0,5.0
FIS_3181,11.07.2026,09:43,Cola 2.5 LT,55.0,2.0,110.0
FIS_3182,09.12.2026,09:22,Çay (500g),98.75,2.0,197.5
FIS_3182,09.12.2026,09:22,Su 0.5 LT,5.0,1.0,5.0
FIS_3182,09.12.2026,09:22,Cola 1 LT,45.0,1.0,45.0
FIS_3182,09.12.2026,09:22,Kek,59.0,3.0,177.0
FIS_3182,09.12.2026,09:22,Cola 2.5 LT,55.0,3.0,165.0
FIS_3183,01.09.2026,09:17,Çay (500g),93.29,1.0,93.29
FIS_3183,01.09.2026,09:17,Cola 2.5 LT,55.0,2.0,110.0
FIS_3183,01.09.2026,09:17,Su 0.5 LT,5.0,2.0,10.0
FIS_3183,01.09.2026,09:17,Cola 1 LT,45.0,2.0,90.0
FIS_3184,20.04.2026,08:13,Çay (500g),91.12,1.0,91.12
FIS_3184,20.04.2026,08:13,Sıvı Yağ (1L),47.44,1.0,47.44
FIS_3184,20.04.2026,08:13,Şeker (1kg),33.36,3.0,100.08
FIS_3184,20.04.2026,08:13,Süt (1L),32.4,2.0,64.8
FIS_3185,26.09.2026,11:42,Deterjan (5kg),181.41,1.0,181.41
FIS_3185,26.09.2026,11:42,Plastik Poşet,1.0,2.0,2.0
FIS_3185,26.09.2026,11:42,Şampuan,94.74,3.0,284.22
FIS_3185,26.09.2026,11:42,Diş Macunu,45.82,1.0,45.82
FIS_3186,23.12.2026,14:22,Kil Maskesi,297.9,3.0,893.7
FIS_3186,23.12.2026,14:22,Şampuan,107.47,3.0,322.41
FIS_3186,23.12.2026,14:22,Diş Macunu,46.01,1.0,46.01
FIS_3186,23.12.2026,14:22,Yüz Temizleme,79.99,2.0,159.98
FIS_3186,23.12.2026,14:22,Deodorant,199.9,2.0,399.8
FIS_3186,23.12.2026,14:22,Bebe Şampuanı,149.9,1.0,149.9
FIS_3187,12.12.2026,14:16,Biber Çarliston (kg),32.95,1.0,32.95
FIS_3187,12.12.2026,14:16,Salatalık (kg),21.89,1.0,21.89
FIS_3187,12.12.2026,14:16,Elma (kg),34.5,3.0,103.5
FIS_3187,12.12.2026,14:16,Limon Taze (kg),119.95,3.0,359.85
FIS_3188,13.07.2026,11:22,Biber Dolmalık (kg),69.95,2.0,139.9
FIS_3188,13.07.2026,11:22,Makarna,15.75,1.0,15.75
FIS_3188,13.07.2026,11:22,Tavuk Göğsü (kg),168.23,3.0,504.69
FIS_3188,13.07.2026,11:22,Domates (kg),29.9,2.0,59.8
FIS_3189,30.07.2026,13:22,Sıvı Yağ (1L),46.97,3.0,140.91
FIS_3189,30.07.2026,13:22,Makarna,15.22,2.0,30.44
FIS_3189,30.07.2026,13:22,Şeker (1kg),33.63,3.0,100.89
FIS_3189,30.07.2026,13:22,Ekmek,12.6,2.0,25.2
FIS_3189,30.07.2026,13:22,Çay (500g),96.16,3.0,288.48
FIS_3189,30.07.2026,13:22,Süt (1L),32.93,1.0,32.93
FIS_3190,14.02.2026,20:53,Yoğurt (2kg),66.61,3.0,199.83
FIS_3190,14.02.2026,20:53,Ekmek,9.97,2.0,19.94
FIS_3190,14.02.2026,20:53,Çay (500g),94.97,1.0,94.97
FIS_3190,14.02.2026,20:53,Süt (1L),33.07,2.0,66.14
FIS_3191,19.04.2026,11:49,Cola 1 LT,45.0,2.0,90.0
FIS_3191,19.04.2026,11:49,Cola 2.5 LT,55.0,3.0,165.0
FIS_3191,19.04.2026,11:49,Su 0.5 LT,5.0,3.0,15.0
FIS_3191,19.04.2026,11:49,Çay (500g),93.98,2.0,187.96
FIS_3191,19.04.2026,11:49,Kek,59.0,3.0,177.0
FIS_3192,26.05.2026,12:56,Deodorant,199.9,3.0,599.7
FIS_3192,26.05.2026,12:56,Kil Maskesi,297.9,3.0,893.7
FIS_3192,26.05.2026,12:56,Diş Macunu,44.16,1.0,44.16
FIS_3192,26.05.2026,12:56,Şampuan,118.01,2.0,236.02
FIS_3192,26.05.2026,12:56,Yüz Temizleme,79.99,2.0,159.98
FIS_3192,26.05.2026,12:56,Peynir (500g),111.52,3.0,334.56
FIS_3193,21.07.2026,21:03,Sıvı Yağ (1L),48.6,2.0,97.2
FIS_3193,21.07.2026,21:03,Süt (1L),31.71,3.0,95.13
FIS_3193,21.07.2026,21:03,Çay (500g),97.69,3.0,293.07
FIS_3193,21.07.2026,21:03,Şeker (1kg),32.76,3.0,98.28
FIS_3193,21.07.2026,21:03,Ekmek,13.03,3.0,39.09
FIS_3193,21.07.2026,21:03,Makarna,16.4,3.0,49.2
FIS_3194,23.03.2026,13:13,Ekmek,10.21,3.0,30.63
FIS_3194,23.03.2026,13:13,Çay (500g),96.83,1.0,96.83
FIS_3194,23.03.2026,13:13,Yoğurt (2kg),65.47,1.0,65.47
FIS_3194,23.03.2026,13:13,Yumurta (15li),55.27,1.0,55.27
FIS_3195,21.08.2026,18:40,Süt (1L),31.76,2.0,63.52
FIS_3195,21.08.2026,18:40,Çay (500g),97.41,3.0,292.23
FIS_3195,21.08.2026,18:40,Makarna,15.05,1.0,15.05
FIS_3195,21.08.2026,18:40,Sıvı Yağ (1L),50.59,3.0,151.77
FIS_3195,21.08.2026,18:40,Ekmek,9.62,3.0,28.86
FIS_3196,22.02.2026,09:29,Domates (kg),26.91,2.0,53.82
FIS_3196,22.02.2026,09:29,Salatalık (kg),23.25,1.0,23.25
FIS_3196,22.02.2026,09:29,Biber Çarliston (kg),32.95,2.0,65.9
FIS_3196,22.02.2026,09:29,Elma (kg),34.5,2.0,69.0
FIS_3197,07.02.2026,15:40,Yoğurt (2kg),64.7,1.0,64.7
FIS_3197,07.02.2026,15:40,Çay (500g),92.01,1.0,92.01
FIS_3197,07.02.2026,15:40,Süt (1L),33.81,3.0,101.43
FIS_3197,07.02.2026,15:40,Peynir (500g),115.8,3.0,347.4
FIS_3198,17.01.2026,09:21,Plastik Poşet,1.0,3.0,3.0
FIS_3198,17.01.2026,09:21,Deterjan (5kg),189.82,1.0,189.82
FIS_3198,17.01.2026,09:21,Deodorant,199.9,1.0,199.9
FIS_3198,17.01.2026,09:21,Şampuan,115.06,1.0,115.06
FIS_3198,17.01.2026,09:21,Diş Macunu,44.21,1.0,44.21
FIS_3198,17.01.2026,09:21,Süt (1L),31.25,3.0,93.75
FIS_3199,06.03.2026,12:17,Cola 1 LT,45.0,2.0,90.0
FIS_3199,06.03.2026,12:17,Kek,59.0,2.0,118.0
FIS_3199,06.03.2026,12:17,Su 0.5 LT,5.0,2.0,10.0
FIS_3199,06.03.2026,12:17,Cola 2.5 LT,55.0,3.0,165.0
FIS_3200,24.05.2026,14:06,Salatalık (kg),22.33,3.0,66.99
FIS_3200,24.05.2026,14:06,Limon Taze (kg),119.95,2.0,239.9
FIS_3200,24.05.2026,14:06,Elma (kg),34.5,3.0,103.5
FIS_3200,24.05.2026,14:06,Biber Çarliston (kg),32.95,1.0,32.95
FIS_3200,24.05.2026,14:06,Domates (kg),28.47,2.0,56.94
FIS_3201,20.11.2026,21:04,Cola 1 LT,45.0,3.0,135.0
FIS_3201,20.11.2026,21:04,Kek,59.0,1.0,59.0
FIS_3201,20.11.2026,21:04,Su 0.5 LT,5.0,2.0,10.0
FIS_3201,20.11.2026,21:04,Cola 2.5 LT,55.0,1.0,55.0
FIS_3201,20.11.2026,21:04,Çay (500g),93.63,1.0,93.63
FIS_3202,21.04.2026,18:23,Diş Macunu,45.94,1.0,45.94
FIS_3202,21.04.2026,18:23,Deterjan (5kg),184.46,2.0,368.92
FIS_3202,21.04.2026,18:23,Deodorant,199.9,3.0,599.7
FIS_3202,21.04.2026,18:23,Şampuan,74.51,2.0,149.02
FIS_3203,05.11.2026,11:33,Makarna,15.63,2.0,31.26
FIS_3203,05.11.2026,11:33,Salatalık (kg),22.1,2.0,44.2
FIS_3203,05.11.2026,11:33,Tavuk Göğsü (kg),160.05,1.0,160.05
FIS_3203,05.11.2026,11:33,Biber Dolmalık (kg),69.95,2.0,139.9
FIS_3204,24.01.2026,12:26,Çay (500g),92.97,3.0,278.91
FIS_3204,24.01.2026,12:26,Peynir (500g),118.27,3.0,354.81
FIS_3204,24.01.2026,12:26,Yumurta (15li),56.54,2.0,113.08
FIS_3204,24.01.2026,12:26,Yoğurt (2kg),63.65,2.0,127.3
FIS_3204,24.01.2026,12:26,Domates (kg),26.72,3.0,80.16
FIS_3205,28.09.2026,08:21,Şampuan,84.66,2.0,169.32
FIS_3205,28.09.2026,08:21,Kil Maskesi,297.9,3.0,893.7
FIS_3205,28.09.2026,08:21,Bebe Şampuanı,149.9,2.0,299.8
FIS_3205,28.09.2026,08:21,Diş Macunu,45.47,2.0,90.94
FIS_3206,02.06.2026,19:29,Kek,59.0,2.0,118.0
FIS_3206,02.06.2026,19:29,Cola 1 LT,45.0,3.0,135.0
FIS_3206,02.06.2026,19:29,Su 0.5 LT,5.0,1.0,5.0
FIS_3206,02.06.2026,19:29,Çay (500g),91.17,3.0,273.51
FIS_3206,02.06.2026,19:29,Peynir (500g),119.62,2.0,239.24
FIS_3207,03.10.2026,08:59,Deodorant,199.9,2.0,399.8
FIS_3207,03.10.2026,08:59,Şampuan,104.8,2.0,209.6
FIS_3207,03.10.2026,08:59,Yüz Temizleme,79.99,1.0,79.99
FIS_3207,03.10.2026,08:59,Kil Maskesi,297.9,3.0,893.7
FIS_3208,24.08.2026,09:08,Plastik Poşet,1.0,1.0,1.0
FIS_3208,24.08.2026,09:08,Deodorant,199.9,3.0,599.7
FIS_3208,24.08.2026,09:08,Diş Macunu,44.93,2.0,89.86
FIS_3208,24.08.2026,09:08,Şampuan,86.96,3.0,260.88
FIS_3209,05.09.2026,11:05,Deterjan (5kg),177.39,2.0,354.78
FIS_3209,05.09.2026,11:05,Diş Macunu,43.02,1.0,43.02
FIS_3209,05.09.2026,11:05,Deodorant,199.9,2.0,399.8
FIS_3209,05.09.2026,11:05,Plastik Poşet,1.0,1.0,1.0
FIS_3209,05.09.2026,11:05,Şampuan,95.04,2.0,190.08
FIS_3210,17.04.2026,21:37,Makarna,15.13,1.0,15.13
FIS_3210,17.04.2026,21:37,Şeker (1kg),33.09,2.0,66.18
FIS_3210,17.04.2026,21:37,Çay (500g),93.89,2.0,187.78
FIS_3210,17.04.2026,21:37,Sıvı Yağ (1L),50.27,3.0,150.81
FIS_3210,17.04.2026,21:37,Süt (1L),31.62,2.0,63.24
FIS_3210,17.04.2026,21:37,Ekmek,10.36,2.0,20.72
FIS_3211,05.08.2026,10:43,Şampuan,84.28,2.0,168.56
FIS_3211,05.08.2026,10:43,Deodorant,199.9,2.0,399.8
FIS_3211,05.08.2026,10:43,Deterjan (5kg),182.41,1.0,182.41
FIS_3211,05.08.2026,10:43,Diş Macunu,46.87,1.0,46.87
FIS_3211,05.08.2026,10:43,Cola 2.5 LT,55.0,1.0,55.0
FIS_3212,19.03.2026,14:32,Cola 1 LT,45.0,1.0,45.0
FIS_3212,19.03.2026,14:32,Su 0.5 LT,5.0,3.0,15.0
FIS_3212,19.03.2026,14:32,Cola 2.5 LT,55.0,3.0,165.0
FIS_3212,19.03.2026,14:32,Kek,59.0,2.0,118.0
FIS_3212,19.03.2026,14:32,Çay (500g),91.36,1.0,91.36
FIS_3213,27.11.2026,11:07,Tavuk Göğsü (kg),160.51,3.0,481.53
FIS_3213,27.11.2026,11:07,Biber Dolmalık (kg),69.95,2.0,139.9
FIS_3213,27.11.2026,11:07,Salatalık (kg),22.26,1.0,22.26
FIS_3213,27.11.2026,11:07,Makarna,15.31,3.0,45.93
FIS_3213,27.11.2026,11:07,Yumurta (15li),52.81,1.0,52.81
FIS_3214,29.03.2026,20:13,Plastik Poşet,1.0,2.0,2.0
FIS_3214,29.03.2026,20:13,Diş Macunu,46.54,3.0,139.62
FIS_3214,29.03.2026,20:13,Deodorant,199.9,2.0,399.8
FIS_3214,29.03.2026,20:13,Deterjan (5kg),188.38,1.0,188.38
FIS_3214,29.03.2026,20:13,Şampuan,80.41,2.0,160.82
FIS_3214,29.03.2026,20:13,Yüz Temizleme,79.99,1.0,79.99
FIS_3215,08.12.2026,15:27,Şampuan,112.84,3.0,338.52
FIS_3215,08.12.2026,15:27,Diş Macunu,44.32,2.0,88.64
FIS_3215,08.12.2026,15:27,Deterjan (5kg),186.6,2.0,373.2
FIS_3215,08.12.2026,15:27,Deodorant,199.9,2.0,399.8
FIS_3216,26.02.2026,08:52,Yoğurt (2kg),62.47,3.0,187.41
FIS_3216,26.02.2026,08:52,Yumurta (15li),53.16,2.0,106.32
FIS_3216,26.02.2026,08:52,Peynir (500g),117.71,3.0,353.13
FIS_3216,26.02.2026,08:52,Süt (1L),31.79,2.0,63.58
FIS_3216,26.02.2026,08:52,Ekmek,10.66,2.0,21.32
FIS_3216,26.02.2026,08:52,Çay (500g),90.48,2.0,180.96
FIS_3217,04.06.2026,19:21,Domates (kg),29.43,3.0,88.29
FIS_3217,04.06.2026,19:21,Elma (kg),34.5,2.0,69.0
FIS_3217,04.06.2026,19:21,Biber Çarliston (kg),32.95,1.0,32.95
FIS_3217,04.06.2026,19:21,Limon Taze (kg),119.95,3.0,359.85
FIS_3217,04.06.2026,19:21,Salatalık (kg),23.53,2.0,47.06
FIS_3218,16.04.2026,19:05,Biber Dolmalık (kg),69.95,1.0,69.95
FIS_3218,16.04.2026,19:05,Tavuk Göğsü (kg),161.14,3.0,483.42
FIS_3218,16.04.2026,19:05,Salatalık (kg),22.17,2.0,44.34
FIS_3218,16.04.2026,19:05,Sıvı Yağ (1L),48.0,2.0,96.0
FIS_3218,16.04.2026,19:05,Domates (kg),29.72,2.0,59.44
FIS_3219,08.06.2026,11:02,Limon Taze (kg),119.95,1.0,119.95
FIS_3219,08.06.2026,11:02,Domates (kg),28.14,1.0,28.14
FIS_3219,08.06.2026,11:02,Salatalık (kg),22.55,2.0,45.1
FIS_3219,08.06.2026,11:02,Elma (kg),34.5,3.0,103.5
FIS_3219,08.06.2026,11:02,Biber Çarliston (kg),32.95,2.0,65.9
FIS_3219,08.06.2026,11:02,Çay (500g),93.0,2.0,186.0
FIS_3220,08.01.2026,15:02,Makarna,15.05,1.0,15.05
FIS_3220,08.01.2026,15:02,Tavuk Göğsü (kg),162.53,2.0,325.06
FIS_3220,08.01.2026,15:02,Biber Dolmalık (kg),69.95,3.0,209.85
FIS_3220,08.01.2026,15:02,Domates (kg),28.8,3.0,86.4
FIS_3220,08.01.2026,15:02,Salatalık (kg),21.75,1.0,21.75
FIS_3220,08.01.2026,15:02,Deterjan (5kg),188.95,1.0,188.95
FIS_3221,11.04.2026,14:37,Peynir (500g),116.6,2.0,233.2
FIS_3221,11.04.2026,14:37,Ekmek,11.31,1.0,11.31
FIS_3221,11.04.2026,14:37,Çay (500g),98.53,2.0,197.06
FIS_3221,11.04.2026,14:37,Yoğurt (2kg),65.63,1.0,65.63
FIS_3221,11.04.2026,14:37,Süt (1L),32.75,3.0,98.25
FIS_3222,15.06.2026,20:37,Domates (kg),29.66,2.0,59.32
FIS_3222,15.06.2026,20:37,Salatalık (kg),22.6,2.0,45.2
FIS_3222,15.06.2026,20:37,Biber Dolmalık (kg),69.95,2.0,139.9
FIS_3222,15.06.2026,20:37,Sıvı Yağ (1L),46.59,3.0,139.77
FIS_3222,15.06.2026,20:37,Tavuk Göğsü (kg),164.03,2.0,328.06
FIS_3222,15.06.2026,20:37,Makarna,15.76,3.0,47.28
FIS_3222,15.06.2026,20:37,Plastik Poşet,1.0,2.0,2.0
FIS_3223,01.07.2026,14:29,Su 0.5 LT,5.0,1.0,5.0
FIS_3223,01.07.2026,14:29,Cola 1 LT,45.0,2.0,90.0
FIS_3223,01.07.2026,14:29,Kek,59.0,3.0,177.0
FIS_3223,01.07.2026,14:29,Çay (500g),98.59,2.0,197.18
FIS_3223,01.07.2026,14:29,Cola 2.5 LT,55.0,2.0,110.0
FIS_3223,01.07.2026,14:29,Makarna,15.17,3.0,45.51
FIS_3224,04.01.2026,15:51,Sıvı Yağ (1L),48.83,3.0,146.49
FIS_3224,04.01.2026,15:51,Ekmek,11.0,1.0,11.0
FIS_3224,04.01.2026,15:51,Makarna,15.16,3.0,45.48
FIS_3224,04.01.2026,15:51,Çay (500g),96.53,3.0,289.59
FIS_3224,04.01.2026,15:51,Süt (1L),33.23,3.0,99.69
FIS_3224,04.01.2026,15:51,Şeker (1kg),33.05,1.0,33.05
FIS_3224,04.01.2026,15:51,Yumurta (15li),54.33,2.0,108.66
FIS_3225,11.03.2026,11:57,Diş Macunu,43.64,1.0,43.64
FIS_3225,11.03.2026,11:57,Deodorant,199.9,3.0,599.7
FIS_3225,11.03.2026,11:57,Yüz Temizleme,79.99,3.0,239.97
FIS_3225,11.03.2026,11:57,Kil Maskesi,297.9,1.0,297.9
FIS_3225,11.03.2026,11:57,Şampuan,76.33,1.0,76.33
FIS_3225,11.03.2026,11:57,Bebe Şampuanı,149.9,2.0,299.8
FIS_3226,20.07.2026,08:59,Çay (500g),96.59,3.0,289.77
FIS_3226,20.07.2026,08:59,Yoğurt (2kg),65.76,2.0,131.52
FIS_3226,20.07.2026,08:59,Peynir (500g),110.99,1.0,110.99
FIS_3226,20.07.2026,08:59,Ekmek,10.35,3.0,31.05
FIS_3226,20.07.2026,08:59,Süt (1L),33.04,1.0,33.04
FIS_3227,19.09.2026,19:44,Biber Çarliston (kg),32.95,2.0,65.9
FIS_3227,19.09.2026,19:44,Limon Taze (kg),119.95,2.0,239.9
FIS_3227,19.09.2026,19:44,Salatalık (kg),22.26,3.0,66.78
FIS_3227,19.09.2026,19:44,Elma (kg),34.5,2.0,69.0
FIS_3228,02.08.2026,21:27,Salatalık (kg),21.48,3.0,64.44
FIS_3228,02.08.2026,21:27,Sıvı Yağ (1L),50.39,3.0,151.17
FIS_3228,02.08.2026,21:27,Tavuk Göğsü (kg),164.07,2.0,328.14
FIS_3228,02.08.2026,21:27,Biber Dolmalık (kg),69.95,2.0,139.9
FIS_3228,02.08.2026,21:27,Elma (kg),34.5,2.0,69.0
FIS_3229,22.05.2026,08:10,Diş Macunu,45.67,3.0,137.01
FIS_3229,22.05.2026,08:10,Deodorant,199.9,3.0,599.7
FIS_3229,22.05.2026,08:10,Plastik Poşet,1.0,1.0,1.0
FIS_3229,22.05.2026,08:10,Deterjan (5kg),181.07,3.0,543.21
FIS_3229,22.05.2026,08:10,Salatalık (kg),22.07,2.0,44.14
FIS_3230,04.02.2026,22:53,Kil Maskesi,297.9,2.0,595.8
FIS_3230,04.02.2026,22:53,Bebe Şampuanı,149.9,2.0,299.8
FIS_3230,04.02.2026,22:53,Diş Macunu,43.05,1.0,43.05
FIS_3230,04.02.2026,22:53,Deodorant,199.9,1.0,199.9
FIS_3230,04.02.2026,22:53,Yüz Temizleme,79.99,3.0,239.97
FIS_3230,04.02.2026,22:53,Plastik Poşet,1.0,3.0,3.0
FIS_3231,01.09.2026,13:48,Domates (kg),26.8,2.0,53.6
FIS_3231,01.09.2026,13:48,Tavuk Göğsü (kg),158.68,3.0,476.04
FIS_3231,01.09.2026,13:48,Biber Dolmalık (kg),69.95,2.0,139.9
FIS_3231,01.09.2026,13:48,Salatalık (kg),22.73,1.0,22.73
FIS_3231,01.09.2026,13:48,Sıvı Yağ (1L),50.54,2.0,101.08
FIS_3231,01.09.2026,13:48,Makarna,15.14,2.0,30.28
FIS_3232,13.07.2026,10:40,Salatalık (kg),21.9,3.0,65.7
FIS_3232,13.07.2026,10:40,Elma (kg),34.5,3.0,103.5
FIS_3232,13.07.2026,10:40,Limon Taze (kg),119.95,1.0,119.95
FIS_3232,13.07.2026,10:40,Biber Çarliston (kg),32.95,1.0,32.95
FIS_3233,19.11.2026,18:06,Domates (kg),29.45,2.0,58.9
FIS_3233,19.11.2026,18:06,Tavuk Göğsü (kg),159.84,3.0,479.52
FIS_3233,19.11.2026,18:06,Salatalık (kg),23.5,3.0,70.5
FIS_3233,19.11.2026,18:06,Biber Dolmalık (kg),69.95,2.0,139.9
FIS_3234,08.04.2026,21:13,Limon Taze (kg),119.95,1.0,119.95
FIS_3234,08.04.2026,21:13,Elma (kg),34.5,1.0,34.5
FIS_3234,08.04.2026,21:13,Salatalık (kg),23.12,2.0,46.24
FIS_3234,08.04.2026,21:13,Domates (kg),26.93,2.0,53.86
FIS_3234,08.04.2026,21:13,Biber Çarliston (kg),32.95,3.0,98.85
FIS_3235,04.10.2026,13:01,Salatalık (kg),21.57,3.0,64.71
FIS_3235,04.10.2026,13:01,Sıvı Yağ (1L),47.28,3.0,141.84
FIS_3235,04.10.2026,13:01,Biber Dolmalık (kg),69.95,3.0,209.85
FIS_3235,04.10.2026,13:01,Tavuk Göğsü (kg),161.91,3.0,485.73
FIS_3235,04.10.2026,13:01,Makarna,15.06,3.0,45.18
FIS_3236,26.02.2026,17:30,Deterjan (5kg),178.55,3.0,535.65
FIS_3236,26.02.2026,17:30,Diş Macunu,46.38,2.0,92.76
FIS_3236,26.02.2026,17:30,Şampuan,116.31,3.0,348.93
FIS_3236,26.02.2026,17:30,Deodorant,199.9,1.0,199.9
FIS_3236,26.02.2026,17:30,Ekmek,10.58,1.0,10.58
FIS_3237,16.10.2026,22:39,Deodorant,199.9,3.0,599.7
FIS_3237,16.10.2026,22:39,Şampuan,94.61,1.0,94.61
FIS_3237,16.10.2026,22:39,Kil Maskesi,297.9,1.0,297.9
FIS_3237,16.10.2026,22:39,Bebe Şampuanı,149.9,2.0,299.8
FIS_3238,17.09.2026,11:41,Deodorant,199.9,2.0,399.8
FIS_3238,17.09.2026,11:41,Diş Macunu,45.78,3.0,137.34
FIS_3238,17.09.2026,11:41,Deterjan (5kg),176.36,2.0,352.72
FIS_3238,17.09.2026,11:41,Plastik Poşet,1.0,2.0,2.0
FIS_3238,17.09.2026,11:41,Şampuan,105.16,2.0,210.32
FIS_3238,17.09.2026,11:41,Süt (1L),33.18,3.0,99.54
FIS_3239,12.03.2026,09:28,Yumurta (15li),51.47,2.0,102.94
FIS_3239,12.03.2026,09:28,Yoğurt (2kg),66.59,3.0,199.77
FIS_3239,12.03.2026,09:28,Peynir (500g),115.81,1.0,115.81
FIS_3239,12.03.2026,09:28,Çay (500g),98.35,1.0,98.35
FIS_3239,12.03.2026,09:28,Süt (1L),33.53,1.0,33.53
FIS_3239,12.03.2026,09:28,Ekmek,9.77,2.0,19.54
FIS_3240,03.04.2026,12:02,Plastik Poşet,1.0,1.0,1.0
FIS_3240,03.04.2026,12:02,Şampuan,75.0,3.0,225.0
FIS_3240,03.04.2026,12:02,Deodorant,199.9,3.0,599.7
FIS_3240,03.04.2026,12:02,Deterjan (5kg),189.35,2.0,378.7
FIS_3240,03.04.2026,12:02,Diş Macunu,46.74,1.0,46.74
FIS_3241,16.08.2026,19:19,Şampuan,94.97,1.0,94.97
FIS_3241,16.08.2026,19:19,Diş Macunu,43.66,1.0,43.66
FIS_3241,16.08.2026,19:19,Plastik Poşet,1.0,3.0,3.0
FIS_3241,16.08.2026,19:19,Deterjan (5kg),180.21,3.0,540.63
FIS_3241,16.08.2026,19:19,Deodorant,199.9,1.0,199.9
FIS_3241,16.08.2026,19:19,Çay (500g),93.77,1.0,93.77
FIS_3242,19.01.2026,11:44,Cola 1 LT,45.0,1.0,45.0
FIS_3242,19.01.2026,11:44,Çay (500g),90.91,3.0,272.73
FIS_3242,19.01.2026,11:44,Cola 2.5 LT,55.0,1.0,55.0
FIS_3242,19.01.2026,11:44,Su 0.5 LT,5.0,2.0,10.0
FIS_3242,19.01.2026,11:44,Kek,59.0,1.0,59.0
FIS_3243,16.04.2026,14:11,Yüz Temizleme,79.99,2.0,159.98
FIS_3243,16.04.2026,14:11,Şampuan,116.23,2.0,232.46
FIS_3243,16.04.2026,14:11,Deodorant,199.9,3.0,599.7
FIS_3243,16.04.2026,14:11,Bebe Şampuanı,149.9,1.0,149.9
FIS_3243,16.04.2026,14:11,Diş Macunu,44.27,3.0,132.81
FIS_3244,11.08.2026,21:27,Çay (500g),98.94,2.0,197.88
FIS_3244,11.08.2026,21:27,Ekmek,11.42,3.0,34.26
FIS_3244,11.08.2026,21:27,Makarna,15.86,3.0,47.58
FIS_3244,11.08.2026,21:27,Şeker (1kg),33.23,2.0,66.46
FIS_3244,11.08.2026,21:27,Süt (1L),32.45,1.0,32.45
FIS_3244,11.08.2026,21:27,Sıvı Yağ (1L),46.76,1.0,46.76
FIS_3245,24.05.2026,20:43,Şampuan,84.37,2.0,168.74
FIS_3245,24.05.2026,20:43,Diş Macunu,46.23,3.0,138.69
FIS_3245,24.05.2026,20:43,Plastik Poşet,1.0,2.0,2.0
FIS_3245,24.05.2026,20:43,Deodorant,199.9,2.0,399.8
FIS_3246,16.05.2026,21:11,Cola 1 LT,45.0,3.0,135.0
FIS_3246,16.05.2026,21:11,Su 0.5 LT,5.0,1.0,5.0
FIS_3246,16.05.2026,21:11,Çay (500g),95.66,1.0,95.66
FIS_3246,16.05.2026,21:11,Cola 2.5 LT,55.0,3.0,165.0
FIS_3246,16.05.2026,21:11,Kek,59.0,1.0,59.0
FIS_3247,14.08.2026,10:16,Şeker (1kg),33.14,3.0,99.42
FIS_3247,14.08.2026,10:16,Sıvı Yağ (1L),46.31,3.0,138.93
FIS_3247,14.08.2026,10:16,Süt (1L),32.57,2.0,65.14
FIS_3247,14.08.2026,10:16,Ekmek,12.12,1.0,12.12
FIS_3247,14.08.2026,10:16,Çay (500g),95.42,1.0,95.42
FIS_3247,14.08.2026,10:16,Domates (kg),26.8,3.0,80.4
FIS_3248,13.05.2026,12:01,Yüz Temizleme,79.99,1.0,79.99
FIS_3248,13.05.2026,12:01,Şampuan,81.22,3.0,243.66
FIS_3248,13.05.2026,12:01,Diş Macunu,44.4,3.0,133.2
FIS_3248,13.05.2026,12:01,Kil Maskesi,297.9,3.0,893.7
FIS_3248,13.05.2026,12:01,Bebe Şampuanı,149.9,2.0,299.8
FIS_3248,13.05.2026,12:01,Cola 1 LT,45.0,2.0,90.0
FIS_3249,07.11.2026,20:23,Diş Macunu,46.81,1.0,46.81
FIS_3249,07.11.2026,20:23,Deodorant,199.9,1.0,199.9
FIS_3249,07.11.2026,20:23,Şampuan,110.65,3.0,331.95
FIS_3249,07.11.2026,20:23,Deterjan (5kg),189.0,3.0,567.0
FIS_3249,07.11.2026,20:23,Plastik Poşet,1.0,3.0,3.0
FIS_3250,31.12.2026,13:13,Cola 2.5 LT,55.0,1.0,55.0
FIS_3250,31.12.2026,13:13,Su 0.5 LT,5.0,3.0,15.0
FIS_3250,31.12.2026,13:13,Kek,59.0,3.0,177.0
FIS_3250,31.12.2026,13:13,Cola 1 LT,45.0,3.0,135.0
FIS_3251,04.03.2026,21:56,Limon Taze (kg),119.95,1.0,119.95
FIS_3251,04.03.2026,21:56,Biber Çarliston (kg),32.95,2.0,65.9
FIS_3251,04.03.2026,21:56,Elma (kg),34.5,2.0,69.0
FIS_3251,04.03.2026,21:56,Salatalık (kg),23.04,1.0,23.04
FIS_3251,04.03.2026,21:56,Makarna,16.05,2.0,32.1
FIS_3252,29.07.2026,13:05,Diş Macunu,44.61,3.0,133.83
FIS_3252,29.07.2026,13:05,Deodorant,199.9,1.0,199.9
FIS_3252,29.07.2026,13:05,Plastik Poşet,1.0,1.0,1.0
FIS_3252,29.07.2026,13:05,Deterjan (5kg),190.1,2.0,380.2
FIS_3253,12.12.2026,17:42,Salatalık (kg),22.51,1.0,22.51
FIS_3253,12.12.2026,17:42,Biber Dolmalık (kg),69.95,3.0,209.85
FIS_3253,12.12.2026,17:42,Makarna,16.35,1.0,16.35
FIS_3253,12.12.2026,17:42,Domates (kg),29.57,2.0,59.14
FIS_3253,12.12.2026,17:42,Tavuk Göğsü (kg),157.06,1.0,157.06
FIS_3253,12.12.2026,17:42,Sıvı Yağ (1L),48.13,3.0,144.39
FIS_3254,31.12.2026,22:30,Diş Macunu,47.16,1.0,47.16
FIS_3254,31.12.2026,22:30,Şampuan,96.37,3.0,289.11
FIS_3254,31.12.2026,22:30,Kil Maskesi,297.9,2.0,595.8
FIS_3254,31.12.2026,22:30,Yüz Temizleme,79.99,2.0,159.98
FIS_3255,23.12.2026,16:15,Şampuan,73.48,3.0,220.44
FIS_3255,23.12.2026,16:15,Deodorant,199.9,2.0,399.8
FIS_3255,23.12.2026,16:15,Yüz Temizleme,79.99,3.0,239.97
FIS_3255,23.12.2026,16:15,Kil Maskesi,297.9,2.0,595.8
FIS_3255,23.12.2026,16:15,Bebe Şampuanı,149.9,2.0,299.8
FIS_3256,25.12.2026,10:46,Makarna,15.68,2.0,31.36
FIS_3256,25.12.2026,10:46,Biber Dolmalık (kg),69.95,3.0,209.85
FIS_3256,25.12.2026,10:46,Tavuk Göğsü (kg),168.61,2.0,337.22
FIS_3256,25.12.2026,10:46,Sıvı Yağ (1L),50.64,1.0,50.64
FIS_3256,25.12.2026,10:46,Salatalık (kg),21.92,2.0,43.84
FIS_3256,25.12.2026,10:46,Domates (kg),27.73,3.0,83.19
FIS_3257,23.09.2026,22:33,Elma (kg),34.5,3.0,103.5
FIS_3257,23.09.2026,22:33,Limon Taze (kg),119.95,3.0,359.85
FIS_3257,23.09.2026,22:33,Salatalık (kg),21.87,3.0,65.61
FIS_3257,23.09.2026,22:33,Biber Çarliston (kg),32.95,3.0,98.85
FIS_3257,23.09.2026,22:33,Domates (kg),27.64,2.0,55.28
FIS_3258,26.05.2026,10:07,Deodorant,199.9,3.0,599.7
FIS_3258,26.05.2026,10:07,Plastik Poşet,1.0,1.0,1.0
FIS_3258,26.05.2026,10:07,Deterjan (5kg),188.11,1.0,188.11
FIS_3258,26.05.2026,10:07,Diş Macunu,43.18,3.0,129.54
FIS_3258,26.05.2026,10:07,Şampuan,112.15,1.0,112.15
FIS_3259,15.01.2026,17:57,Süt (1L),33.27,3.0,99.81
FIS_3259,15.01.2026,17:57,Peynir (500g),110.76,2.0,221.52
FIS_3259,15.01.2026,17:57,Ekmek,10.84,1.0,10.84
FIS_3259,15.01.2026,17:57,Yoğurt (2kg),66.39,1.0,66.39
FIS_3259,15.01.2026,17:57,Çay (500g),94.43,2.0,188.86
FIS_3259,15.01.2026,17:57,Yumurta (15li),53.98,1.0,53.98
FIS_3259,15.01.2026,17:57,Biber Çarliston (kg),32.95,2.0,65.9
FIS_3260,09.12.2026,09:22,Çay (500g),94.51,3.0,283.53
FIS_3260,09.12.2026,09:22,Süt (1L),32.59,1.0,32.59
FIS_3260,09.12.2026,09:22,Ekmek,12.69,2.0,25.38
FIS_3260,09.12.2026,09:22,Makarna,16.36,1.0,16.36
FIS_3260,09.12.2026,09:22,Diş Macunu,44.68,3.0,134.04
FIS_3261,24.09.2026,13:12,Çay (500g),92.37,1.0,92.37
FIS_3261,24.09.2026,13:12,Ekmek,10.71,1.0,10.71
FIS_3261,24.09.2026,13:12,Makarna,15.73,1.0,15.73
FIS_3261,24.09.2026,13:12,Sıvı Yağ (1L),49.63,2.0,99.26
FIS_3261,24.09.2026,13:12,Şeker (1kg),32.81,3.0,98.43
FIS_3261,24.09.2026,13:12,Süt (1L),33.72,3.0,101.16
FIS_3262,20.04.2026,08:27,Süt (1L),32.9,3.0,98.7
FIS_3262,20.04.2026,08:27,Yoğurt (2kg),65.55,3.0,196.65
FIS_3262,20.04.2026,08:27,Peynir (500g),113.3,3.0,339.9
FIS_3262,20.04.2026,08:27,Yumurta (15li),54.82,1.0,54.82
FIS_3262,20.04.2026,08:27,Ekmek,13.45,1.0,13.45
FIS_3262,20.04.2026,08:27,Deodorant,199.9,3.0,599.7
FIS_3263,06.09.2026,15:50,Yüz Temizleme,79.99,2.0,159.98
FIS_3263,06.09.2026,15:50,Deodorant,199.9,3.0,599.7
FIS_3263,06.09.2026,15:50,Kil Maskesi,297.9,1.0,297.9
FIS_3263,06.09.2026,15:50,Diş Macunu,44.82,2.0,89.64
FIS_3263,06.09.2026,15:50,Şampuan,103.47,2.0,206.94
FIS_3263,06.09.2026,15:50,Şeker (1kg),34.68,3.0,104.04
FIS_3264,07.03.2026,20:56,Çay (500g),98.5,2.0,197.0
FIS_3264,07.03.2026,20:56,Su 0.5 LT,5.0,2.0,10.0
FIS_3264,07.03.2026,20:56,Kek,59.0,2.0,118.0
FIS_3264,07.03.2026,20:56,Cola 1 LT,45.0,2.0,90.0
FIS_3264,07.03.2026,20:56,Cola 2.5 LT,55.0,2.0,110.0
FIS_3264,07.03.2026,20:56,Salatalık (kg),23.4,2.0,46.8
FIS_3265,06.09.2026,19:14,Diş Macunu,43.49,1.0,43.49
FIS_3265,06.09.2026,19:14,Deodorant,199.9,1.0,199.9
FIS_3265,06.09.2026,19:14,Şampuan,117.46,3.0,352.38
FIS_3265,06.09.2026,19:14,Deterjan (5kg),187.1,1.0,187.1
FIS_3266,06.11.2026,16:01,Kil Maskesi,297.9,3.0,893.7
FIS_3266,06.11.2026,16:01,Şampuan,73.68,1.0,73.68
FIS_3266,06.11.2026,16:01,Deodorant,199.9,1.0,199.9
FIS_3266,06.11.2026,16:01,Diş Macunu,47.13,3.0,141.39
FIS_3267,22.07.2026,21:45,Domates (kg),27.42,1.0,27.42
FIS_3267,22.07.2026,21:45,Salatalık (kg),21.49,1.0,21.49
FIS_3267,22.07.2026,21:45,Makarna,16.15,3.0,48.45
FIS_3267,22.07.2026,21:45,Biber Dolmalık (kg),69.95,2.0,139.9
FIS_3267,22.07.2026,21:45,Tavuk Göğsü (kg),169.73,1.0,169.73
FIS_3268,22.03.2026,12:19,Yoğurt (2kg),67.0,2.0,134.0
FIS_3268,22.03.2026,12:19,Peynir (500g),116.8,1.0,116.8
FIS_3268,22.03.2026,12:19,Ekmek,13.19,2.0,26.38
FIS_3268,22.03.2026,12:19,Süt (1L),33.68,1.0,33.68
FIS_3269,07.02.2026,16:46,Kil Maskesi,297.9,1.0,297.9
FIS_3269,07.02.2026,16:46,Şampuan,111.79,2.0,223.58
FIS_3269,07.02.2026,16:46,Yüz Temizleme,79.99,2.0,159.98
FIS_3269,07.02.2026,16:46,Deodorant,199.9,1.0,199.9
FIS_3269,07.02.2026,16:46,Bebe Şampuanı,149.9,2.0,299.8
FIS_3269,07.02.2026,16:46,Diş Macunu,43.65,2.0,87.3
FIS_3270,02.12.2026,17:30,Su 0.5 LT,5.0,3.0,15.0
FIS_3270,02.12.2026,17:30,Cola 1 LT,45.0,2.0,90.0
FIS_3270,02.12.2026,17:30,Çay (500g),90.52,2.0,181.04
FIS_3270,02.12.2026,17:30,Cola 2.5 LT,55.0,2.0,110.0
FIS_3270,02.12.2026,17:30,Kek,59.0,3.0,177.0
FIS_3271,25.02.2026,15:14,Biber Çarliston (kg),32.95,2.0,65.9
FIS_3271,25.02.2026,15:14,Salatalık (kg),22.13,3.0,66.39
FIS_3271,25.02.2026,15:14,Limon Taze (kg),119.95,1.0,119.95
FIS_3271,25.02.2026,15:14,Elma (kg),34.5,1.0,34.5
FIS_3272,08.09.2026,17:15,Çay (500g),95.54,1.0,95.54
FIS_3272,08.09.2026,17:15,Süt (1L),31.17,2.0,62.34
FIS_3272,08.09.2026,17:15,Yoğurt (2kg),63.44,2.0,126.88
FIS_3272,08.09.2026,17:15,Yumurta (15li),55.26,1.0,55.26
FIS_3273,19.01.2026,13:44,Domates (kg),27.63,3.0,82.89
FIS_3273,19.01.2026,13:44,Elma (kg),34.5,2.0,69.0
FIS_3273,19.01.2026,13:44,Biber Çarliston (kg),32.95,3.0,98.85
FIS_3273,19.01.2026,13:44,Limon Taze (kg),119.95,3.0,359.85
FIS_3273,19.01.2026,13:44,Salatalık (kg),23.57,1.0,23.57
FIS_3274,23.02.2026,14:44,Peynir (500g),109.77,2.0,219.54
FIS_3274,23.02.2026,14:44,Ekmek,11.74,3.0,35.22
FIS_3274,23.02.2026,14:44,Yoğurt (2kg),66.94,2.0,133.88
FIS_3274,23.02.2026,14:44,Yumurta (15li),52.14,3.0,156.42
FIS_3274,23.02.2026,14:44,Süt (1L),32.29,1.0,32.29
FIS_3274,23.02.2026,14:44,Cola 1 LT,45.0,2.0,90.0
FIS_3275,31.05.2026,19:59,Yüz Temizleme,79.99,3.0,239.97
FIS_3275,31.05.2026,19:59,Deodorant,199.9,3.0,599.7
FIS_3275,31.05.2026,19:59,Bebe Şampuanı,149.9,2.0,299.8
FIS_3275,31.05.2026,19:59,Kil Maskesi,297.9,2.0,595.8
FIS_3275,31.05.2026,19:59,Şampuan,116.45,3.0,349.35
FIS_3275,31.05.2026,19:59,Salatalık (kg),23.58,1.0,23.58
FIS_3276,26.03.2026,16:45,Ekmek,13.97,1.0,13.97
FIS_3276,26.03.2026,16:45,Şeker (1kg),33.4,1.0,33.4
FIS_3276,26.03.2026,16:45,Sıvı Yağ (1L),47.08,1.0,47.08
FIS_3276,26.03.2026,16:45,Çay (500g),95.28,2.0,190.56
FIS_3276,26.03.2026,16:45,Makarna,15.12,3.0,45.36
FIS_3277,28.08.2026,17:10,Yoğurt (2kg),63.58,2.0,127.16
FIS_3277,28.08.2026,17:10,Süt (1L),32.81,2.0,65.62
FIS_3277,28.08.2026,17:10,Peynir (500g),113.51,2.0,227.02
FIS_3277,28.08.2026,17:10,Çay (500g),98.91,3.0,296.73
FIS_3277,28.08.2026,17:10,Ekmek,11.94,3.0,35.82
FIS_3278,14.04.2026,09:37,Biber Dolmalık (kg),69.95,3.0,209.85
FIS_3278,14.04.2026,09:37,Domates (kg),28.73,2.0,57.46
FIS_3278,14.04.2026,09:37,Salatalık (kg),22.13,3.0,66.39
FIS_3278,14.04.2026,09:37,Tavuk Göğsü (kg),166.69,3.0,500.07
FIS_3278,14.04.2026,09:37,Peynir (500g),119.27,3.0,357.81
FIS_3279,31.08.2026,11:10,Peynir (500g),113.01,1.0,113.01
FIS_3279,31.08.2026,11:10,Ekmek,10.13,2.0,20.26
FIS_3279,31.08.2026,11:10,Yoğurt (2kg),64.54,2.0,129.08
FIS_3279,31.08.2026,11:10,Süt (1L),32.01,3.0,96.03
FIS_3280,02.03.2026,11:35,Su 0.5 LT,5.0,1.0,5.0
FIS_3280,02.03.2026,11:35,Çay (500g),99.1,3.0,297.3
FIS_3280,02.03.2026,11:35,Cola 2.5 LT,55.0,3.0,165.0
FIS_3280,02.03.2026,11:35,Kek,59.0,2.0,118.0
FIS_3280,02.03.2026,11:35,Cola 1 LT,45.0,2.0,90.0
FIS_3281,22.12.2026,20:16,Yüz Temizleme,79.99,2.0,159.98
FIS_3281,22.12.2026,20:16,Kil Maskesi,297.9,1.0,297.9
FIS_3281,22.12.2026,20:16,Deodorant,199.9,1.0,199.9
FIS_3281,22.12.2026,20:16,Şampuan,89.91,1.0,89.91
FIS_3282,06.01.2026,11:28,Deterjan (5kg),192.62,3.0,577.86
FIS_3282,06.01.2026,11:28,Diş Macunu,46.85,3.0,140.55
FIS_3282,06.01.2026,11:28,Şampuan,84.58,3.0,253.74
FIS_3282,06.01.2026,11:28,Plastik Poşet,1.0,2.0,2.0
FIS_3283,23.07.2026,08:44,Deodorant,199.9,2.0,399.8
FIS_3283,23.07.2026,08:44,Şampuan,79.75,3.0,239.25
FIS_3283,23.07.2026,08:44,Yüz Temizleme,79.99,3.0,239.97
FIS_3283,23.07.2026,08:44,Bebe Şampuanı,149.9,1.0,149.9
FIS_3283,23.07.2026,08:44,Diş Macunu,44.39,3.0,133.17
FIS_3284,20.03.2026,19:47,Tavuk Göğsü (kg),168.41,2.0,336.82
FIS_3284,20.03.2026,19:47,Sıvı Yağ (1L),46.59,3.0,139.77
FIS_3284,20.03.2026,19:47,Biber Dolmalık (kg),69.95,1.0,69.95
FIS_3284,20.03.2026,19:47,Makarna,15.99,3.0,47.97
FIS_3285,09.01.2026,13:53,Bebe Şampuanı,149.9,3.0,449.7
FIS_3285,09.01.2026,13:53,Diş Macunu,45.73,1.0,45.73
FIS_3285,09.01.2026,13:53,Deodorant,199.9,3.0,599.7
FIS_3285,09.01.2026,13:53,Kil Maskesi,297.9,2.0,595.8
FIS_3285,09.01.2026,13:53,Şampuan,75.37,2.0,150.74
FIS_3286,23.01.2026,12:38,Makarna,15.5,3.0,46.5
FIS_3286,23.01.2026,12:38,Sıvı Yağ (1L),50.12,1.0,50.12
FIS_3286,23.01.2026,12:38,Domates (kg),28.47,2.0,56.94
FIS_3286,23.01.2026,12:38,Salatalık (kg),21.6,1.0,21.6
FIS_3286,23.01.2026,12:38,Tavuk Göğsü (kg),159.79,1.0,159.79
FIS_3286,23.01.2026,12:38,Biber Dolmalık (kg),69.95,3.0,209.85
FIS_3286,23.01.2026,12:38,Deterjan (5kg),187.38,1.0,187.38
FIS_3287,28.03.2026,20:00,Salatalık (kg),22.81,1.0,22.81
FIS_3287,28.03.2026,20:00,Sıvı Yağ (1L),49.7,3.0,149.1
FIS_3287,28.03.2026,20:00,Tavuk Göğsü (kg),158.98,1.0,158.98
FIS_3287,28.03.2026,20:00,Biber Dolmalık (kg),69.95,2.0,139.9
FIS_3287,28.03.2026,20:00,Makarna,15.25,1.0,15.25
FIS_3287,28.03.2026,20:00,Domates (kg),28.46,2.0,56.92
FIS_3288,26.04.2026,21:12,Şampuan,99.47,2.0,198.94
FIS_3288,26.04.2026,21:12,Diş Macunu,46.19,3.0,138.57
FIS_3288,26.04.2026,21:12,Plastik Poşet,1.0,3.0,3.0
FIS_3288,26.04.2026,21:12,Deodorant,199.9,1.0,199.9
FIS_3288,26.04.2026,21:12,Kek,59.0,3.0,177.0
FIS_3289,17.07.2026,10:34,Biber Çarliston (kg),32.95,3.0,98.85
FIS_3289,17.07.2026,10:34,Elma (kg),34.5,1.0,34.5
FIS_3289,17.07.2026,10:34,Limon Taze (kg),119.95,1.0,119.95
FIS_3289,17.07.2026,10:34,Salatalık (kg),21.97,2.0,43.94
FIS_3289,17.07.2026,10:34,Yüz Temizleme,79.99,1.0,79.99
FIS_3290,22.09.2026,18:40,Domates (kg),29.57,2.0,59.14
FIS_3290,22.09.2026,18:40,Sıvı Yağ (1L),49.48,3.0,148.44
FIS_3290,22.09.2026,18:40,Salatalık (kg),22.19,1.0,22.19
FIS_3290,22.09.2026,18:40,Biber Dolmalık (kg),69.95,2.0,139.9
FIS_3290,22.09.2026,18:40,Makarna,15.49,3.0,46.47
FIS_3291,21.02.2026,10:58,Şampuan,101.32,3.0,303.96
FIS_3291,21.02.2026,10:58,Deodorant,199.9,2.0,399.8
FIS_3291,21.02.2026,10:58,Diş Macunu,46.0,2.0,92.0
FIS_3291,21.02.2026,10:58,Deterjan (5kg),191.14,2.0,382.28
FIS_3291,21.02.2026,10:58,Plastik Poşet,1.0,3.0,3.0
FIS_3292,22.06.2026,15:43,Cola 1 LT,45.0,3.0,135.0
FIS_3292,22.06.2026,15:43,Cola 2.5 LT,55.0,1.0,55.0
FIS_3292,22.06.2026,15:43,Kek,59.0,1.0,59.0
FIS_3292,22.06.2026,15:43,Çay (500g),98.8,3.0,296.4
FIS_3292,22.06.2026,15:43,Su 0.5 LT,5.0,3.0,15.0
FIS_3293,12.04.2026,17:48,Biber Dolmalık (kg),69.95,2.0,139.9
FIS_3293,12.04.2026,17:48,Salatalık (kg),22.27,2.0,44.54
FIS_3293,12.04.2026,17:48,Tavuk Göğsü (kg),156.82,1.0,156.82
FIS_3293,12.04.2026,17:48,Sıvı Yağ (1L),47.09,1.0,47.09
FIS_3293,12.04.2026,17:48,Süt (1L),31.93,1.0,31.93
FIS_3294,05.04.2026,11:54,Tavuk Göğsü (kg),158.44,3.0,475.32
FIS_3294,05.04.2026,11:54,Domates (kg),28.87,3.0,86.61
FIS_3294,05.04.2026,11:54,Makarna,15.3,2.0,30.6
FIS_3294,05.04.2026,11:54,Salatalık (kg),22.87,2.0,45.74
FIS_3294,05.04.2026,11:54,Sıvı Yağ (1L),49.5,1.0,49.5
FIS_3295,18.07.2026,10:20,Sıvı Yağ (1L),48.16,2.0,96.32
FIS_3295,18.07.2026,10:20,Şeker (1kg),34.14,2.0,68.28
FIS_3295,18.07.2026,10:20,Makarna,15.73,3.0,47.19
FIS_3295,18.07.2026,10:20,Çay (500g),99.24,1.0,99.24
FIS_3296,24.04.2026,22:38,Salatalık (kg),22.74,2.0,45.48
FIS_3296,24.04.2026,22:38,Biber Dolmalık (kg),69.95,3.0,209.85
FIS_3296,24.04.2026,22:38,Makarna,15.33,2.0,30.66
FIS_3296,24.04.2026,22:38,Sıvı Yağ (1L),47.03,1.0,47.03
FIS_3297,04.06.2026,14:05,Şampuan,72.98,2.0,145.96
FIS_3297,04.06.2026,14:05,Deodorant,199.9,2.0,399.8
FIS_3297,04.06.2026,14:05,Deterjan (5kg),188.39,1.0,188.39
FIS_3297,04.06.2026,14:05,Plastik Poşet,1.0,1.0,1.0
FIS_3297,04.06.2026,14:05,Diş Macunu,44.29,3.0,132.87
FIS_3297,04.06.2026,14:05,Sıvı Yağ (1L),46.61,2.0,93.22
FIS_3298,07.01.2026,10:20,Makarna,15.06,2.0,30.12
FIS_3298,07.01.2026,10:20,Sıvı Yağ (1L),47.36,3.0,142.08
FIS_3298,07.01.2026,10:20,Biber Dolmalık (kg),69.95,2.0,139.9
FIS_3298,07.01.2026,10:20,Tavuk Göğsü (kg),165.01,2.0,330.02
FIS_3298,07.01.2026,10:20,Domates (kg),28.95,3.0,86.85
FIS_3298,07.01.2026,10:20,Salatalık (kg),23.53,1.0,23.53
FIS_3299,02.04.2026,14:34,Çay (500g),96.83,2.0,193.66
FIS_3299,02.04.2026,14:34,Ekmek,10.41,3.0,31.23
FIS_3299,02.04.2026,14:34,Süt (1L),33.26,2.0,66.52
FIS_3299,02.04.2026,14:34,Makarna,15.65,2.0,31.3
FIS_3299,02.04.2026,14:34,Sıvı Yağ (1L),47.47,1.0,47.47
FIS_3300,08.09.2026,15:23,Yoğurt (2kg),61.99,2.0,123.98
FIS_3300,08.09.2026,15:23,Yumurta (15li),52.35,2.0,104.7
FIS_3300,08.09.2026,15:23,Süt (1L),32.29,2.0,64.58
FIS_3300,08.09.2026,15:23,Peynir (500g),113.03,3.0,339.09
FIS_3300,08.09.2026,15:23,Çay (500g),90.69,1.0,90.69
FIS_3300,08.09.2026,15:23,Ekmek,11.12,1.0,11.12
FIS_3301,30.09.2026,19:25,Tavuk Göğsü (kg),167.15,2.0,334.3
FIS_3301,30.09.2026,19:25,Makarna,16.36,2.0,32.72
FIS_3301,30.09.2026,19:25,Biber Dolmalık (kg),69.95,3.0,209.85
FIS_3301,30.09.2026,19:25,Sıvı Yağ (1L),49.07,3.0,147.21
FIS_3302,26.09.2026,17:29,Yumurta (15li),55.17,1.0,55.17
FIS_3302,26.09.2026,17:29,Yoğurt (2kg),64.27,3.0,192.81
FIS_3302,26.09.2026,17:29,Ekmek,9.87,3.0,29.61
FIS_3302,26.09.2026,17:29,Çay (500g),97.22,2.0,194.44
FIS_3303,25.07.2026,08:11,Bebe Şampuanı,149.9,3.0,449.7
FIS_3303,25.07.2026,08:11,Şampuan,96.32,1.0,96.32
FIS_3303,25.07.2026,08:11,Kil Maskesi,297.9,1.0,297.9
FIS_3303,25.07.2026,08:11,Yüz Temizleme,79.99,2.0,159.98
FIS_3303,25.07.2026,08:11,Deodorant,199.9,2.0,399.8
FIS_3304,21.05.2026,19:44,Şeker (1kg),33.31,1.0,33.31
FIS_3304,21.05.2026,19:44,Makarna,15.61,1.0,15.61
FIS_3304,21.05.2026,19:44,Ekmek,13.02,3.0,39.06
FIS_3304,21.05.2026,19:44,Çay (500g),91.55,2.0,183.1
FIS_3304,21.05.2026,19:44,Biber Dolmalık (kg),69.95,3.0,209.85
FIS_3305,12.06.2026,09:14,Biber Dolmalık (kg),69.95,3.0,209.85
FIS_3305,12.06.2026,09:14,Salatalık (kg),23.21,3.0,69.63
FIS_3305,12.06.2026,09:14,Domates (kg),27.99,3.0,83.97
FIS_3305,12.06.2026,09:14,Tavuk Göğsü (kg),162.18,2.0,324.36
FIS_3306,01.09.2026,22:35,Yumurta (15li),55.27,1.0,55.27
FIS_3306,01.09.2026,22:35,Yoğurt (2kg),65.22,1.0,65.22
FIS_3306,01.09.2026,22:35,Süt (1L),33.09,2.0,66.18
FIS_3306,01.09.2026,22:35,Peynir (500g),113.92,3.0,341.76
FIS_3306,01.09.2026,22:35,Ekmek,13.34,1.0,13.34
FIS_3307,20.11.2026,15:35,Şampuan,93.28,2.0,186.56
FIS_3307,20.11.2026,15:35,Diş Macunu,42.88,3.0,128.64
FIS_3307,20.11.2026,15:35,Plastik Poşet,1.0,3.0,3.0
FIS_3307,20.11.2026,15:35,Deodorant,199.9,2.0,399.8
FIS_3308,01.08.2026,20:01,Makarna,15.12,1.0,15.12
FIS_3308,01.08.2026,20:01,Sıvı Yağ (1L),47.14,1.0,47.14
FIS_3308,01.08.2026,20:01,Süt (1L),32.77,1.0,32.77
FIS_3308,01.08.2026,20:01,Çay (500g),98.27,3.0,294.81
FIS_3308,01.08.2026,20:01,Ekmek,13.91,3.0,41.73
FIS_3309,29.07.2026,13:48,Makarna,16.04,3.0,48.12
FIS_3309,29.07.2026,13:48,Salatalık (kg),23.07,2.0,46.14
FIS_3309,29.07.2026,13:48,Biber Dolmalık (kg),69.95,3.0,209.85
FIS_3309,29.07.2026,13:48,Domates (kg),27.89,2.0,55.78
FIS_3309,29.07.2026,13:48,Tavuk Göğsü (kg),164.89,2.0,329.78
FIS_3310,27.05.2026,21:59,Cola 2.5 LT,55.0,2.0,110.0
FIS_3310,27.05.2026,21:59,Su 0.5 LT,5.0,3.0,15.0
FIS_3310,27.05.2026,21:59,Çay (500g),98.66,2.0,197.32
FIS_3310,27.05.2026,21:59,Cola 1 LT,45.0,2.0,90.0
FIS_3311,03.08.2026,14:12,Yüz Temizleme,79.99,3.0,239.97
FIS_3311,03.08.2026,14:12,Diş Macunu,45.29,2.0,90.58
FIS_3311,03.08.2026,14:12,Bebe Şampuanı,149.9,2.0,299.8
FIS_3311,03.08.2026,14:12,Deodorant,199.9,1.0,199.9
FIS_3312,19.10.2026,18:30,Deodorant,199.9,1.0,199.9
FIS_3312,19.10.2026,18:30,Şampuan,93.58,3.0,280.74
FIS_3312,19.10.2026,18:30,Kil Maskesi,297.9,1.0,297.9
FIS_3312,19.10.2026,18:30,Bebe Şampuanı,149.9,3.0,449.7
FIS_3313,13.04.2026,13:08,Deterjan (5kg),188.42,2.0,376.84
FIS_3313,13.04.2026,13:08,Şampuan,119.5,1.0,119.5
FIS_3313,13.04.2026,13:08,Diş Macunu,47.08,3.0,141.24
FIS_3313,13.04.2026,13:08,Deodorant,199.9,3.0,599.7
FIS_3314,19.06.2026,21:58,Sıvı Yağ (1L),50.27,2.0,100.54
FIS_3314,19.06.2026,21:58,Tavuk Göğsü (kg),170.89,1.0,170.89
FIS_3314,19.06.2026,21:58,Makarna,16.19,2.0,32.38
FIS_3314,19.06.2026,21:58,Salatalık (kg),23.34,3.0,70.02
FIS_3314,19.06.2026,21:58,Kil Maskesi,297.9,3.0,893.7
FIS_3315,28.11.2026,16:45,Çay (500g),96.12,2.0,192.24
FIS_3315,28.11.2026,16:45,Ekmek,11.44,1.0,11.44
FIS_3315,28.11.2026,16:45,Yumurta (15li),51.96,2.0,103.92
FIS_3315,28.11.2026,16:45,Peynir (500g),117.98,3.0,353.94
FIS_3315,28.11.2026,16:45,Süt (1L),33.34,1.0,33.34
FIS_3315,28.11.2026,16:45,Yüz Temizleme,79.99,2.0,159.98
FIS_3316,31.07.2026,18:21,Sıvı Yağ (1L),48.32,3.0,144.96
FIS_3316,31.07.2026,18:21,Domates (kg),28.22,1.0,28.22
FIS_3316,31.07.2026,18:21,Salatalık (kg),23.06,2.0,46.12
FIS_3316,31.07.2026,18:21,Tavuk Göğsü (kg),161.63,2.0,323.26
FIS_3316,31.07.2026,18:21,Şampuan,87.39,2.0,174.78
FIS_3317,25.12.2026,12:36,Şampuan,88.95,2.0,177.9
FIS_3317,25.12.2026,12:36,Plastik Poşet,1.0,3.0,3.0
FIS_3317,25.12.2026,12:36,Diş Macunu,43.45,3.0,130.35
FIS_3317,25.12.2026,12:36,Deodorant,199.9,3.0,599.7
FIS_3318,14.08.2026,18:18,Biber Dolmalık (kg),69.95,3.0,209.85
FIS_3318,14.08.2026,18:18,Domates (kg),27.6,3.0,82.8
FIS_3318,14.08.2026,18:18,Makarna,14.99,2.0,29.98
FIS_3318,14.08.2026,18:18,Salatalık (kg),22.98,3.0,68.94
FIS_3318,14.08.2026,18:18,Sıvı Yağ (1L),50.28,3.0,150.84
FIS_3318,14.08.2026,18:18,Tavuk Göğsü (kg),163.44,3.0,490.32
FIS_3319,29.03.2026,13:41,Makarna,15.72,2.0,31.44
FIS_3319,29.03.2026,13:41,Salatalık (kg),23.37,1.0,23.37
FIS_3319,29.03.2026,13:41,Biber Dolmalık (kg),69.95,1.0,69.95
FIS_3319,29.03.2026,13:41,Domates (kg),27.73,2.0,55.46
FIS_3319,29.03.2026,13:41,Sıvı Yağ (1L),47.11,1.0,47.11
FIS_3319,29.03.2026,13:41,Tavuk Göğsü (kg),161.35,3.0,484.05
FIS_3320,03.03.2026,18:12,Deodorant,199.9,2.0,399.8
FIS_3320,03.03.2026,18:12,Deterjan (5kg),185.22,2.0,370.44
FIS_3320,03.03.2026,18:12,Diş Macunu,45.21,3.0,135.63
FIS_3320,03.03.2026,18:12,Plastik Poşet,1.0,3.0,3.0
FIS_3320,03.03.2026,18:12,Şampuan,113.79,1.0,113.79
FIS_3320,03.03.2026,18:12,Çay (500g),94.45,3.0,283.35
FIS_3321,07.05.2026,11:16,Süt (1L),32.71,1.0,32.71
FIS_3321,07.05.2026,11:16,Çay (500g),97.16,3.0,291.48
FIS_3321,07.05.2026,11:16,Makarna,16.27,1.0,16.27
FIS_3321,07.05.2026,11:16,Şeker (1kg),35.37,1.0,35.37
FIS_3321,07.05.2026,11:16,Sıvı Yağ (1L),48.62,1.0,48.62
FIS_3321,07.05.2026,11:16,Ekmek,10.45,1.0,10.45
FIS_3321,07.05.2026,11:16,Elma (kg),34.5,3.0,103.5
FIS_3322,02.09.2026,15:06,Elma (kg),34.5,3.0,103.5
FIS_3322,02.09.2026,15:06,Domates (kg),28.54,3.0,85.62
FIS_3322,02.09.2026,15:06,Biber Çarliston (kg),32.95,3.0,98.85
FIS_3322,02.09.2026,15:06,Salatalık (kg),21.43,2.0,42.86
FIS_3322,02.09.2026,15:06,Çay (500g),98.24,1.0,98.24
FIS_3323,15.08.2026,20:41,Biber Dolmalık (kg),69.95,1.0,69.95
FIS_3323,15.08.2026,20:41,Makarna,15.48,2.0,30.96
FIS_3323,15.08.2026,20:41,Sıvı Yağ (1L),48.58,3.0,145.74
FIS_3323,15.08.2026,20:41,Tavuk Göğsü (kg),161.7,3.0,485.1
FIS_3323,15.08.2026,20:41,Domates (kg),27.42,2.0,54.84
FIS_3323,15.08.2026,20:41,Salatalık (kg),22.89,3.0,68.67
FIS_3324,08.06.2026,18:28,Çay (500g),91.85,1.0,91.85
FIS_3324,08.06.2026,18:28,Ekmek,12.93,3.0,38.79
FIS_3324,08.06.2026,18:28,Yumurta (15li),53.0,2.0,106.0
FIS_3324,08.06.2026,18:28,Yoğurt (2kg),64.01,3.0,192.03
FIS_3325,03.10.2026,21:11,Domates (kg),28.16,3.0,84.48
FIS_3325,03.10.2026,21:11,Biber Dolmalık (kg),69.95,3.0,209.85
FIS_3325,03.10.2026,21:11,Salatalık (kg),21.87,3.0,65.61
FIS_3325,03.10.2026,21:11,Sıvı Yağ (1L),46.87,1.0,46.87
FIS_3325,03.10.2026,21:11,Makarna,15.27,2.0,30.54
FIS_3326,29.03.2026,21:10,Elma (kg),34.5,2.0,69.0
FIS_3326,29.03.2026,21:10,Biber Çarliston (kg),32.95,2.0,65.9
FIS_3326,29.03.2026,21:10,Limon Taze (kg),119.95,2.0,239.9
FIS_3326,29.03.2026,21:10,Salatalık (kg),22.14,2.0,44.28
FIS_3327,11.06.2026,15:19,Su 0.5 LT,5.0,2.0,10.0
FIS_3327,11.06.2026,15:19,Cola 1 LT,45.0,3.0,135.0
FIS_3327,11.06.2026,15:19,Cola 2.5 LT,55.0,3.0,165.0
FIS_3327,11.06.2026,15:19,Çay (500g),96.92,2.0,193.84
FIS_3327,11.06.2026,15:19,Kek,59.0,1.0,59.0
FIS_3327,11.06.2026,15:19,Süt (1L),31.99,2.0,63.98
FIS_3328,16.06.2026,16:35,Diş Macunu,44.2,2.0,88.4
FIS_3328,16.06.2026,16:35,Yüz Temizleme,79.99,3.0,239.97
FIS_3328,16.06.2026,16:35,Kil Maskesi,297.9,1.0,297.9
FIS_3328,16.06.2026,16:35,Bebe Şampuanı,149.9,2.0,299.8
FIS_3328,16.06.2026,16:35,Domates (kg),28.87,3.0,86.61
FIS_3329,07.09.2026,11:17,Domates (kg),28.05,2.0,56.1
FIS_3329,07.09.2026,11:17,Limon Taze (kg),119.95,1.0,119.95
FIS_3329,07.09.2026,11:17,Biber Çarliston (kg),32.95,1.0,32.95
FIS_3329,07.09.2026,11:17,Salatalık (kg),22.12,3.0,66.36
FIS_3329,07.09.2026,11:17,Elma (kg),34.5,1.0,34.5
FIS_3330,19.03.2026,17:19,Limon Taze (kg),119.95,2.0,239.9
FIS_3330,19.03.2026,17:19,Domates (kg),28.88,1.0,28.88
FIS_3330,19.03.2026,17:19,Salatalık (kg),23.09,1.0,23.09
FIS_3330,19.03.2026,17:19,Biber Çarliston (kg),32.95,3.0,98.85
FIS_3330,19.03.2026,17:19,Elma (kg),34.5,2.0,69.0
FIS_3331,04.07.2026,22:49,Cola 2.5 LT,55.0,3.0,165.0
FIS_3331,04.07.2026,22:49,Kek,59.0,2.0,118.0
FIS_3331,04.07.2026,22:49,Çay (500g),92.7,3.0,278.1
FIS_3331,04.07.2026,22:49,Cola 1 LT,45.0,1.0,45.0
FIS_3332,03.03.2026,18:26,Su 0.5 LT,5.0,2.0,10.0
FIS_3332,03.03.2026,18:26,Cola 1 LT,45.0,2.0,90.0
FIS_3332,03.03.2026,18:26,Kek,59.0,2.0,118.0
FIS_3332,03.03.2026,18:26,Çay (500g),96.16,3.0,288.48
FIS_3332,03.03.2026,18:26,Cola 2.5 LT,55.0,1.0,55.0
FIS_3333,13.10.2026,20:07,Limon Taze (kg),119.95,1.0,119.95
FIS_3333,13.10.2026,20:07,Domates (kg),29.13,2.0,58.26
FIS_3333,13.10.2026,20:07,Elma (kg),34.5,2.0,69.0
FIS_3333,13.10.2026,20:07,Salatalık (kg),22.39,3.0,67.17
FIS_3334,19.03.2026,18:21,Yoğurt (2kg),66.24,2.0,132.48
FIS_3334,19.03.2026,18:21,Süt (1L),33.76,2.0,67.52
FIS_3334,19.03.2026,18:21,Yumurta (15li),54.4,1.0,54.4
FIS_3334,19.03.2026,18:21,Peynir (500g),116.44,2.0,232.88
FIS_3335,10.01.2026,08:14,Şampuan,81.04,3.0,243.12
FIS_3335,10.01.2026,08:14,Diş Macunu,46.87,3.0,140.61
FIS_3335,10.01.2026,08:14,Deterjan (5kg),191.74,1.0,191.74
FIS_3335,10.01.2026,08:14,Plastik Poşet,1.0,1.0,1.0
FIS_3335,10.01.2026,08:14,Deodorant,199.9,1.0,199.9
FIS_3336,21.02.2026,08:34,Salatalık (kg),23.43,3.0,70.29
FIS_3336,21.02.2026,08:34,Elma (kg),34.5,2.0,69.0
FIS_3336,21.02.2026,08:34,Domates (kg),27.14,2.0,54.28
FIS_3336,21.02.2026,08:34,Limon Taze (kg),119.95,1.0,119.95
FIS_3337,01.07.2026,08:08,Su 0.5 LT,5.0,1.0,5.0
FIS_3337,01.07.2026,08:08,Cola 1 LT,45.0,3.0,135.0
FIS_3337,01.07.2026,08:08,Cola 2.5 LT,55.0,1.0,55.0
FIS_3337,01.07.2026,08:08,Çay (500g),99.23,3.0,297.69
FIS_3338,24.10.2026,19:33,Peynir (500g),117.88,2.0,235.76
FIS_3338,24.10.2026,19:33,Ekmek,11.38,1.0,11.38
FIS_3338,24.10.2026,19:33,Çay (500g),99.37,3.0,298.11
FIS_3338,24.10.2026,19:33,Yumurta (15li),53.28,2.0,106.56
FIS_3339,18.09.2026,09:29,Çay (500g),94.33,3.0,282.99
FIS_3339,18.09.2026,09:29,Yoğurt (2kg),63.75,3.0,191.25
FIS_3339,18.09.2026,09:29,Süt (1L),31.25,3.0,93.75
FIS_3339,18.09.2026,09:29,Ekmek,13.15,2.0,26.3
FIS_3339,18.09.2026,09:29,Deterjan (5kg),176.32,2.0,352.64
FIS_3340,28.11.2026,22:20,Peynir (500g),110.92,2.0,221.84
FIS_3340,28.11.2026,22:20,Yoğurt (2kg),66.68,1.0,66.68
FIS_3340,28.11.2026,22:20,Ekmek,12.19,1.0,12.19
FIS_3340,28.11.2026,22:20,Çay (500g),98.29,3.0,294.87
FIS_3341,31.05.2026,13:39,Su 0.5 LT,5.0,1.0,5.0
FIS_3341,31.05.2026,13:39,Cola 2.5 LT,55.0,1.0,55.0
FIS_3341,31.05.2026,13:39,Cola 1 LT,45.0,1.0,45.0
FIS_3341,31.05.2026,13:39,Kek,59.0,2.0,118.0
FIS_3342,26.07.2026,18:23,Makarna,16.12,1.0,16.12
FIS_3342,26.07.2026,18:23,Şeker (1kg),35.39,1.0,35.39
FIS_3342,26.07.2026,18:23,Ekmek,11.94,3.0,35.82
FIS_3342,26.07.2026,18:23,Sıvı Yağ (1L),49.58,1.0,49.58
FIS_3342,26.07.2026,18:23,Süt (1L),31.48,1.0,31.48
FIS_3342,26.07.2026,18:23,Cola 1 LT,45.0,1.0,45.0
FIS_3343,17.02.2026,14:04,Çay (500g),91.53,3.0,274.59
FIS_3343,17.02.2026,14:04,Yoğurt (2kg),65.27,3.0,195.81
FIS_3343,17.02.2026,14:04,Süt (1L),33.08,1.0,33.08
FIS_3343,17.02.2026,14:04,Ekmek,11.66,3.0,34.98
FIS_3343,17.02.2026,14:04,Yumurta (15li),55.73,3.0,167.19
FIS_3343,17.02.2026,14:04,Kek,59.0,1.0,59.0
FIS_3344,21.09.2026,10:51,Biber Dolmalık (kg),69.95,1.0,69.95
FIS_3344,21.09.2026,10:51,Tavuk Göğsü (kg),160.89,2.0,321.78
FIS_3344,21.09.2026,10:51,Makarna,15.26,3.0,45.78
FIS_3344,21.09.2026,10:51,Salatalık (kg),22.07,3.0,66.21
FIS_3345,25.08.2026,18:37,Salatalık (kg),23.45,1.0,23.45
FIS_3345,25.08.2026,18:37,Elma (kg),34.5,2.0,69.0
FIS_3345,25.08.2026,18:37,Limon Taze (kg),119.95,1.0,119.95
FIS_3345,25.08.2026,18:37,Biber Çarliston (kg),32.95,1.0,32.95
FIS_3345,25.08.2026,18:37,Domates (kg),27.07,1.0,27.07
FIS_3346,02.05.2026,10:25,Plastik Poşet,1.0,1.0,1.0
FIS_3346,02.05.2026,10:25,Deodorant,199.9,2.0,399.8
FIS_3346,02.05.2026,10:25,Şampuan,97.88,1.0,97.88
FIS_3346,02.05.2026,10:25,Diş Macunu,46.07,3.0,138.21
FIS_3346,02.05.2026,10:25,Makarna,16.17,2.0,32.34
FIS_3347,22.06.2026,22:11,Deodorant,199.9,2.0,399.8
FIS_3347,22.06.2026,22:11,Plastik Poşet,1.0,1.0,1.0
FIS_3347,22.06.2026,22:11,Diş Macunu,47.04,1.0,47.04
FIS_3347,22.06.2026,22:11,Deterjan (5kg),177.74,2.0,355.48
FIS_3347,22.06.2026,22:11,Şampuan,111.72,1.0,111.72
FIS_3348,09.10.2026,19:18,Salatalık (kg),23.53,1.0,23.53
FIS_3348,09.10.2026,19:18,Sıvı Yağ (1L),48.03,3.0,144.09
FIS_3348,09.10.2026,19:18,Makarna,15.27,3.0,45.81
FIS_3348,09.10.2026,19:18,Biber Dolmalık (kg),69.95,1.0,69.95
FIS_3348,09.10.2026,19:18,Tavuk Göğsü (kg),160.05,3.0,480.15
FIS_3349,01.07.2026,16:38,Makarna,16.45,3.0,49.35
FIS_3349,01.07.2026,16:38,Çay (500g),91.89,1.0,91.89
FIS_3349,01.07.2026,16:38,Ekmek,9.97,1.0,9.97
FIS_3349,01.07.2026,16:38,Şeker (1kg),34.47,3.0,103.41
FIS_3349,01.07.2026,16:38,Biber Dolmalık (kg),69.95,3.0,209.85
FIS_3350,19.03.2026,16:39,Kek,59.0,2.0,118.0
FIS_3350,19.03.2026,16:39,Cola 1 LT,45.0,3.0,135.0
FIS_3350,19.03.2026,16:39,Cola 2.5 LT,55.0,1.0,55.0
FIS_3350,19.03.2026,16:39,Çay (500g),91.05,3.0,273.15
FIS_3350,19.03.2026,16:39,Biber Çarliston (kg),32.95,2.0,65.9
FIS_3351,17.04.2026,22:46,Domates (kg),27.13,1.0,27.13
FIS_3351,17.04.2026,22:46,Biber Çarliston (kg),32.95,1.0,32.95
FIS_3351,17.04.2026,22:46,Limon Taze (kg),119.95,2.0,239.9
FIS_3351,17.04.2026,22:46,Elma (kg),34.5,1.0,34.5
FIS_3352,29.06.2026,09:14,Deodorant,199.9,2.0,399.8
FIS_3352,29.06.2026,09:14,Deterjan (5kg),176.23,1.0,176.23
FIS_3352,29.06.2026,09:14,Diş Macunu,45.07,3.0,135.21
FIS_3352,29.06.2026,09:14,Plastik Poşet,1.0,3.0,3.0
FIS_3352,29.06.2026,09:14,Biber Dolmalık (kg),69.95,1.0,69.95
FIS_3353,05.12.2026,15:19,Makarna,15.5,2.0,31.0
FIS_3353,05.12.2026,15:19,Çay (500g),99.05,1.0,99.05
FIS_3353,05.12.2026,15:19,Sıvı Yağ (1L),47.95,2.0,95.9
FIS_3353,05.12.2026,15:19,Ekmek,10.03,2.0,20.06
FIS_3354,07.08.2026,17:10,Kil Maskesi,297.9,3.0,893.7
FIS_3354,07.08.2026,17:10,Deodorant,199.9,1.0,199.9
FIS_3354,07.08.2026,17:10,Diş Macunu,46.62,3.0,139.86
FIS_3354,07.08.2026,17:10,Yüz Temizleme,79.99,3.0,239.97
FIS_3354,07.08.2026,17:10,Şampuan,118.21,2.0,236.42
FIS_3354,07.08.2026,17:10,Bebe Şampuanı,149.9,1.0,149.9
FIS_3355,24.05.2026,21:46,Deodorant,199.9,1.0,199.9
FIS_3355,24.05.2026,21:46,Yüz Temizleme,79.99,2.0,159.98
FIS_3355,24.05.2026,21:46,Bebe Şampuanı,149.9,2.0,299.8
FIS_3355,24.05.2026,21:46,Diş Macunu,43.74,2.0,87.48
FIS_3355,24.05.2026,21:46,Kil Maskesi,297.9,1.0,297.9
FIS_3356,29.12.2026,15:35,Limon Taze (kg),119.95,1.0,119.95
FIS_3356,29.12.2026,15:35,Biber Çarliston (kg),32.95,3.0,98.85
FIS_3356,29.12.2026,15:35,Domates (kg),28.94,3.0,86.82
FIS_3356,29.12.2026,15:35,Elma (kg),34.5,2.0,69.0
FIS_3356,29.12.2026,15:35,Salatalık (kg),22.98,1.0,22.98
FIS_3357,27.06.2026,18:50,Çay (500g),96.13,2.0,192.26
FIS_3357,27.06.2026,18:50,Cola 1 LT,45.0,2.0,90.0
FIS_3357,27.06.2026,18:50,Cola 2.5 LT,55.0,3.0,165.0
FIS_3357,27.06.2026,18:50,Kek,59.0,2.0,118.0
FIS_3357,27.06.2026,18:50,Su 0.5 LT,5.0,3.0,15.0
FIS_3357,27.06.2026,18:50,Tavuk Göğsü (kg),162.43,1.0,162.43
FIS_3358,22.05.2026,15:50,Çay (500g),97.25,1.0,97.25
FIS_3358,22.05.2026,15:50,Yumurta (15li),55.8,1.0,55.8
FIS_3358,22.05.2026,15:50,Peynir (500g),113.13,3.0,339.39
FIS_3358,22.05.2026,15:50,Ekmek,11.93,1.0,11.93
FIS_3358,22.05.2026,15:50,Yoğurt (2kg),63.85,2.0,127.7
FIS_3359,21.02.2026,22:46,Çay (500g),94.8,2.0,189.6
FIS_3359,21.02.2026,22:46,Yumurta (15li),55.59,2.0,111.18
FIS_3359,21.02.2026,22:46,Yoğurt (2kg),66.63,1.0,66.63
FIS_3359,21.02.2026,22:46,Süt (1L),32.0,1.0,32.0
FIS_3359,21.02.2026,22:46,Ekmek,10.37,2.0,20.74
FIS_3359,21.02.2026,22:46,Peynir (500g),119.7,3.0,359.1
FIS_3360,25.11.2026,16:18,Makarna,16.4,3.0,49.2
FIS_3360,25.11.2026,16:18,Süt (1L),32.25,2.0,64.5
FIS_3360,25.11.2026,16:18,Sıvı Yağ (1L),46.83,2.0,93.66
FIS_3360,25.11.2026,16:18,Şeker (1kg),34.13,2.0,68.26
FIS_3360,25.11.2026,16:18,Ekmek,10.12,2.0,20.24
FIS_3360,25.11.2026,16:18,Çay (500g),91.31,3.0,273.93
FIS_3360,25.11.2026,16:18,Yüz Temizleme,79.99,2.0,159.98
FIS_3361,11.11.2026,17:05,Deodorant,199.9,2.0,399.8
FIS_3361,11.11.2026,17:05,Deterjan (5kg),180.1,3.0,540.3
FIS_3361,11.11.2026,17:05,Plastik Poşet,1.0,1.0,1.0
FIS_3361,11.11.2026,17:05,Diş Macunu,46.64,2.0,93.28
FIS_3362,28.11.2026,20:13,Salatalık (kg),22.37,3.0,67.11
FIS_3362,28.11.2026,20:13,Domates (kg),28.42,3.0,85.26
FIS_3362,28.11.2026,20:13,Tavuk Göğsü (kg),159.95,1.0,159.95
FIS_3362,28.11.2026,20:13,Biber Dolmalık (kg),69.95,3.0,209.85
FIS_3363,24.07.2026,18:36,Kek,59.0,2.0,118.0
FIS_3363,24.07.2026,18:36,Çay (500g),95.3,1.0,95.3
FIS_3363,24.07.2026,18:36,Cola 2.5 LT,55.0,1.0,55.0
FIS_3363,24.07.2026,18:36,Su 0.5 LT,5.0,3.0,15.0
FIS_3363,24.07.2026,18:36,Cola 1 LT,45.0,3.0,135.0
FIS_3364,24.10.2026,10:06,Çay (500g),96.26,3.0,288.78
FIS_3364,24.10.2026,10:06,Sıvı Yağ (1L),50.05,1.0,50.05
FIS_3364,24.10.2026,10:06,Şeker (1kg),33.91,3.0,101.73
FIS_3364,24.10.2026,10:06,Ekmek,13.27,2.0,26.54
FIS_3364,24.10.2026,10:06,Makarna,15.94,2.0,31.88
FIS_3364,24.10.2026,10:06,Süt (1L),32.83,1.0,32.83
FIS_3365,29.03.2026,08:35,Kek,59.0,2.0,118.0
FIS_3365,29.03.2026,08:35,Su 0.5 LT,5.0,3.0,15.0
FIS_3365,29.03.2026,08:35,Çay (500g),90.61,3.0,271.83
FIS_3365,29.03.2026,08:35,Cola 1 LT,45.0,3.0,135.0
FIS_3365,29.03.2026,08:35,Deterjan (5kg),189.88,1.0,189.88
FIS_3366,22.07.2026,11:42,Çay (500g),93.24,1.0,93.24
FIS_3366,22.07.2026,11:42,Kek,59.0,1.0,59.0
FIS_3366,22.07.2026,11:42,Cola 2.5 LT,55.0,2.0,110.0
FIS_3366,22.07.2026,11:42,Cola 1 LT,45.0,1.0,45.0
FIS_3366,22.07.2026,11:42,Su 0.5 LT,5.0,3.0,15.0
FIS_3366,22.07.2026,11:42,Limon Taze (kg),119.95,1.0,119.95
FIS_3367,10.04.2026,11:38,Süt (1L),33.94,3.0,101.82
FIS_3367,10.04.2026,11:38,Ekmek,12.66,3.0,37.98
FIS_3367,10.04.2026,11:38,Sıvı Yağ (1L),47.98,2.0,95.96
FIS_3367,10.04.2026,11:38,Şeker (1kg),33.63,2.0,67.26
FIS_3368,12.03.2026,21:21,Salatalık (kg),21.96,1.0,21.96
FIS_3368,12.03.2026,21:21,Biber Dolmalık (kg),69.95,2.0,139.9
FIS_3368,12.03.2026,21:21,Domates (kg),27.26,2.0,54.52
FIS_3368,12.03.2026,21:21,Makarna,16.51,3.0,49.53
FIS_3369,11.02.2026,13:28,Makarna,16.04,1.0,16.04
FIS_3369,11.02.2026,13:28,Şeker (1kg),32.93,3.0,98.79
FIS_3369,11.02.2026,13:28,Ekmek,9.58,2.0,19.16
FIS_3369,11.02.2026,13:28,Çay (500g),93.88,1.0,93.88
FIS_3369,11.02.2026,13:28,Domates (kg),29.24,3.0,87.72
FIS_3370,16.10.2026,13:54,Peynir (500g),120.46,1.0,120.46
FIS_3370,16.10.2026,13:54,Süt (1L),33.71,1.0,33.71
FIS_3370,16.10.2026,13:54,Çay (500g),95.85,3.0,287.55
FIS_3370,16.10.2026,13:54,Ekmek,10.31,2.0,20.62
FIS_3371,28.12.2026,21:56,Makarna,16.43,1.0,16.43
FIS_3371,28.12.2026,21:56,Süt (1L),33.51,2.0,67.02
FIS_3371,28.12.2026,21:56,Sıvı Yağ (1L),50.59,1.0,50.59
FIS_3371,28.12.2026,21:56,Ekmek,11.08,1.0,11.08
FIS_3372,30.10.2026,16:10,Peynir (500g),119.92,3.0,359.76
FIS_3372,30.10.2026,16:10,Süt (1L),33.59,2.0,67.18
FIS_3372,30.10.2026,16:10,Yoğurt (2kg),67.83,3.0,203.49
FIS_3372,30.10.2026,16:10,Yumurta (15li),54.29,2.0,108.58
FIS_3372,30.10.2026,16:10,Çay (500g),92.61,1.0,92.61
FIS_3373,03.05.2026,21:31,Tavuk Göğsü (kg),158.3,3.0,474.9
FIS_3373,03.05.2026,21:31,Salatalık (kg),22.11,3.0,66.33
FIS_3373,03.05.2026,21:31,Biber Dolmalık (kg),69.95,3.0,209.85
FIS_3373,03.05.2026,21:31,Domates (kg),28.36,2.0,56.72
FIS_3373,03.05.2026,21:31,Sıvı Yağ (1L),49.74,3.0,149.22
FIS_3374,13.04.2026,12:20,Domates (kg),28.22,2.0,56.44
FIS_3374,13.04.2026,12:20,Salatalık (kg),22.63,3.0,67.89
FIS_3374,13.04.2026,12:20,Sıvı Yağ (1L),47.98,2.0,95.96
FIS_3374,13.04.2026,12:20,Biber Dolmalık (kg),69.95,2.0,139.9
FIS_3374,13.04.2026,12:20,Makarna,16.17,3.0,48.51
FIS_3374,13.04.2026,12:20,Cola 1 LT,45.0,1.0,45.0
FIS_3375,07.04.2026,09:19,Elma (kg),34.5,3.0,103.5
FIS_3375,07.04.2026,09:19,Domates (kg),26.77,3.0,80.31
FIS_3375,07.04.2026,09:19,Limon Taze (kg),119.95,3.0,359.85
FIS_3375,07.04.2026,09:19,Biber Çarliston (kg),32.95,1.0,32.95
FIS_3375,07.04.2026,09:19,Deodorant,199.9,3.0,599.7
FIS_3376,24.12.2026,08:58,Sıvı Yağ (1L),48.49,3.0,145.47
FIS_3376,24.12.2026,08:58,Domates (kg),28.71,1.0,28.71
FIS_3376,24.12.2026,08:58,Makarna,15.04,2.0,30.08
FIS_3376,24.12.2026,08:58,Salatalık (kg),21.86,3.0,65.58
FIS_3376,24.12.2026,08:58,Diş Macunu,43.27,2.0,86.54
FIS_3377,03.01.2026,22:15,Diş Macunu,43.85,3.0,131.55
FIS_3377,03.01.2026,22:15,Kil Maskesi,297.9,2.0,595.8
FIS_3377,03.01.2026,22:15,Bebe Şampuanı,149.9,3.0,449.7
FIS_3377,03.01.2026,22:15,Yüz Temizleme,79.99,3.0,239.97
FIS_3377,03.01.2026,22:15,Deodorant,199.9,3.0,599.7
FIS_3377,03.01.2026,22:15,Makarna,16.12,2.0,32.24
FIS_3378,29.07.2026,19:00,Su 0.5 LT,5.0,2.0,10.0
FIS_3378,29.07.2026,19:00,Kek,59.0,2.0,118.0
FIS_3378,29.07.2026,19:00,Cola 1 LT,45.0,3.0,135.0
FIS_3378,29.07.2026,19:00,Cola 2.5 LT,55.0,3.0,165.0
FIS_3378,29.07.2026,19:00,Çay (500g),91.41,1.0,91.41
FIS_3379,08.09.2026,09:11,Salatalık (kg),22.03,3.0,66.09
FIS_3379,08.09.2026,09:11,Elma (kg),34.5,1.0,34.5
FIS_3379,08.09.2026,09:11,Biber Çarliston (kg),32.95,1.0,32.95
FIS_3379,08.09.2026,09:11,Limon Taze (kg),119.95,3.0,359.85
FIS_3379,08.09.2026,09:11,Domates (kg),29.39,1.0,29.39
FIS_3380,07.03.2026,16:02,Cola 1 LT,45.0,1.0,45.0
FIS_3380,07.03.2026,16:02,Çay (500g),94.35,2.0,188.7
FIS_3380,07.03.2026,16:02,Su 0.5 LT,5.0,1.0,5.0
FIS_3380,07.03.2026,16:02,Kek,59.0,1.0,59.0
FIS_3380,07.03.2026,16:02,Cola 2.5 LT,55.0,3.0,165.0
FIS_3381,07.04.2026,20:13,Şampuan,83.5,1.0,83.5
FIS_3381,07.04.2026,20:13,Yüz Temizleme,79.99,1.0,79.99
FIS_3381,07.04.2026,20:13,Bebe Şampuanı,149.9,1.0,149.9
FIS_3381,07.04.2026,20:13,Kil Maskesi,297.9,1.0,297.9
FIS_3381,07.04.2026,20:13,Diş Macunu,46.96,3.0,140.88
FIS_3382,02.02.2026,11:11,Deodorant,199.9,3.0,599.7
FIS_3382,02.02.2026,11:11,Kil Maskesi,297.9,3.0,893.7
FIS_3382,02.02.2026,11:11,Şampuan,118.25,1.0,118.25
FIS_3382,02.02.2026,11:11,Diş Macunu,43.25,1.0,43.25
FIS_3382,02.02.2026,11:11,Makarna,15.61,3.0,46.83
FIS_3383,09.01.2026,17:46,Salatalık (kg),21.54,2.0,43.08
FIS_3383,09.01.2026,17:46,Biber Dolmalık (kg),69.95,1.0,69.95
FIS_3383,09.01.2026,17:46,Tavuk Göğsü (kg),170.8,3.0,512.4
FIS_3383,09.01.2026,17:46,Sıvı Yağ (1L),46.3,3.0,138.9
FIS_3383,09.01.2026,17:46,Makarna,15.09,3.0,45.27
FIS_3383,09.01.2026,17:46,Domates (kg),29.32,2.0,58.64
FIS_3383,09.01.2026,17:46,Süt (1L),33.91,3.0,101.73
FIS_3384,17.07.2026,12:43,Biber Çarliston (kg),32.95,1.0,32.95
FIS_3384,17.07.2026,12:43,Salatalık (kg),22.4,2.0,44.8
FIS_3384,17.07.2026,12:43,Elma (kg),34.5,2.0,69.0
FIS_3384,17.07.2026,12:43,Limon Taze (kg),119.95,1.0,119.95
FIS_3384,17.07.2026,12:43,Domates (kg),29.78,2.0,59.56
FIS_3384,17.07.2026,12:43,Kil Maskesi,297.9,1.0,297.9
FIS_3385,08.07.2026,19:01,Cola 2.5 LT,55.0,3.0,165.0
FIS_3385,08.07.2026,19:01,Cola 1 LT,45.0,2.0,90.0
FIS_3385,08.07.2026,19:01,Çay (500g),94.21,2.0,188.42
FIS_3385,08.07.2026,19:01,Kek,59.0,2.0,118.0
FIS_3385,08.07.2026,19:01,Su 0.5 LT,5.0,2.0,10.0
FIS_3386,26.08.2026,13:21,Şampuan,117.47,3.0,352.41
FIS_3386,26.08.2026,13:21,Plastik Poşet,1.0,3.0,3.0
FIS_3386,26.08.2026,13:21,Deterjan (5kg),182.62,2.0,365.24
FIS_3386,26.08.2026,13:21,Diş Macunu,45.19,2.0,90.38
FIS_3386,26.08.2026,13:21,Deodorant,199.9,2.0,399.8
FIS_3387,20.04.2026,14:09,Çay (500g),95.41,1.0,95.41
FIS_3387,20.04.2026,14:09,Su 0.5 LT,5.0,3.0,15.0
FIS_3387,20.04.2026,14:09,Cola 2.5 LT,55.0,2.0,110.0
FIS_3387,20.04.2026,14:09,Kek,59.0,1.0,59.0
FIS_3387,20.04.2026,14:09,Salatalık (kg),22.25,3.0,66.75
FIS_3388,30.03.2026,12:47,Diş Macunu,46.61,1.0,46.61
FIS_3388,30.03.2026,12:47,Kil Maskesi,297.9,2.0,595.8
FIS_3388,30.03.2026,12:47,Bebe Şampuanı,149.9,3.0,449.7
FIS_3388,30.03.2026,12:47,Şampuan,97.13,3.0,291.39
FIS_3388,30.03.2026,12:47,Yüz Temizleme,79.99,3.0,239.97
FIS_3388,30.03.2026,12:47,Deodorant,199.9,1.0,199.9
FIS_3389,13.02.2026,08:00,Şeker (1kg),33.39,1.0,33.39
FIS_3389,13.02.2026,08:00,Ekmek,11.15,2.0,22.3
FIS_3389,13.02.2026,08:00,Çay (500g),95.7,2.0,191.4
FIS_3389,13.02.2026,08:00,Süt (1L),32.47,3.0,97.41
FIS_3389,13.02.2026,08:00,Domates (kg),27.18,2.0,54.36
FIS_3390,21.02.2026,20:35,Domates (kg),27.95,3.0,83.85
FIS_3390,21.02.2026,20:35,Sıvı Yağ (1L),48.76,2.0,97.52
FIS_3390,21.02.2026,20:35,Tavuk Göğsü (kg),168.24,2.0,336.48
FIS_3390,21.02.2026,20:35,Salatalık (kg),22.91,1.0,22.91
FIS_3391,28.02.2026,18:09,Cola 1 LT,45.0,2.0,90.0
FIS_3391,28.02.2026,18:09,Cola 2.5 LT,55.0,3.0,165.0
FIS_3391,28.02.2026,18:09,Su 0.5 LT,5.0,2.0,10.0
FIS_3391,28.02.2026,18:09,Kek,59.0,2.0,118.0
FIS_3391,28.02.2026,18:09,Tavuk Göğsü (kg),172.27,3.0,516.81
FIS_3392,26.06.2026,22:21,Ekmek,13.63,1.0,13.63
FIS_3392,26.06.2026,22:21,Peynir (500g),120.66,3.0,361.98
FIS_3392,26.06.2026,22:21,Süt (1L),31.61,3.0,94.83
FIS_3392,26.06.2026,22:21,Yumurta (15li),53.08,3.0,159.24
FIS_3392,26.06.2026,22:21,Çay (500g),97.61,1.0,97.61
FIS_3393,01.07.2026,17:51,Çay (500g),92.12,2.0,184.24
FIS_3393,01.07.2026,17:51,Su 0.5 LT,5.0,1.0,5.0
FIS_3393,01.07.2026,17:51,Cola 1 LT,45.0,1.0,45.0
FIS_3393,01.07.2026,17:51,Cola 2.5 LT,55.0,1.0,55.0
FIS_3394,25.12.2026,12:16,Kek,59.0,3.0,177.0
FIS_3394,25.12.2026,12:16,Cola 1 LT,45.0,3.0,135.0
FIS_3394,25.12.2026,12:16,Cola 2.5 LT,55.0,2.0,110.0
FIS_3394,25.12.2026,12:16,Çay (500g),92.19,2.0,184.38
FIS_3394,25.12.2026,12:16,Su 0.5 LT,5.0,1.0,5.0
FIS_3394,25.12.2026,12:16,Peynir (500g),117.26,2.0,234.52
FIS_3395,23.12.2026,14:21,Deodorant,199.9,2.0,399.8
FIS_3395,23.12.2026,14:21,Diş Macunu,43.12,2.0,86.24
FIS_3395,23.12.2026,14:21,Deterjan (5kg),192.68,1.0,192.68
FIS_3395,23.12.2026,14:21,Şampuan,110.52,2.0,221.04
FIS_3395,23.12.2026,14:21,Plastik Poşet,1.0,1.0,1.0
FIS_3396,12.01.2026,20:08,Süt (1L),33.42,1.0,33.42
FIS_3396,12.01.2026,20:08,Ekmek,9.56,1.0,9.56
FIS_3396,12.01.2026,20:08,Çay (500g),97.1,2.0,194.2
FIS_3396,12.01.2026,20:08,Sıvı Yağ (1L),50.28,3.0,150.84
FIS_3396,12.01.2026,20:08,Salatalık (kg),21.56,3.0,64.68
FIS_3397,17.11.2026,21:29,Bebe Şampuanı,149.9,3.0,449.7
FIS_3397,17.11.2026,21:29,Şampuan,117.63,1.0,117.63
FIS_3397,17.11.2026,21:29,Yüz Temizleme,79.99,3.0,239.97
FIS_3397,17.11.2026,21:29,Kil Maskesi,297.9,1.0,297.9
FIS_3397,17.11.2026,21:29,Deodorant,199.9,2.0,399.8
FIS_3398,14.06.2026,18:33,Domates (kg),28.55,1.0,28.55
FIS_3398,14.06.2026,18:33,Sıvı Yağ (1L),48.24,3.0,144.72
FIS_3398,14.06.2026,18:33,Biber Dolmalık (kg),69.95,1.0,69.95
FIS_3398,14.06.2026,18:33,Makarna,16.49,2.0,32.98
FIS_3398,14.06.2026,18:33,Salatalık (kg),21.72,3.0,65.16
FIS_3399,22.10.2026,11:44,Ekmek,10.85,2.0,21.7
FIS_3399,22.10.2026,11:44,Peynir (500g),115.11,2.0,230.22
FIS_3399,22.10.2026,11:44,Süt (1L),31.67,2.0,63.34
FIS_3399,22.10.2026,11:44,Çay (500g),97.9,3.0,293.7
FIS_3399,22.10.2026,11:44,Yoğurt (2kg),63.37,1.0,63.37
FIS_3399,22.10.2026,11:44,Yumurta (15li),54.81,3.0,164.43
FIS_3399,22.10.2026,11:44,Makarna,15.36,1.0,15.36
FIS_3400,03.02.2026,08:04,Cola 1 LT,45.0,2.0,90.0
FIS_3400,03.02.2026,08:04,Su 0.5 LT,5.0,2.0,10.0
FIS_3400,03.02.2026,08:04,Çay (500g),96.75,3.0,290.25
FIS_3400,03.02.2026,08:04,Cola 2.5 LT,55.0,1.0,55.0
FIS_3400,03.02.2026,08:04,Kek,59.0,3.0,177.0
FIS_3401,13.06.2026,15:22,Deodorant,199.9,1.0,199.9
FIS_3401,13.06.2026,15:22,Kil Maskesi,297.9,1.0,297.9
FIS_3401,13.06.2026,15:22,Bebe Şampuanı,149.9,2.0,299.8
FIS_3401,13.06.2026,15:22,Diş Macunu,44.82,2.0,89.64
FIS_3401,13.06.2026,15:22,Yüz Temizleme,79.99,2.0,159.98
FIS_3402,26.08.2026,21:57,Cola 2.5 LT,55.0,2.0,110.0
FIS_3402,26.08.2026,21:57,Çay (500g),93.85,3.0,281.55
FIS_3402,26.08.2026,21:57,Kek,59.0,2.0,118.0
FIS_3402,26.08.2026,21:57,Su 0.5 LT,5.0,3.0,15.0
FIS_3402,26.08.2026,21:57,Cola 1 LT,45.0,1.0,45.0
FIS_3403,31.10.2026,10:13,Çay (500g),93.95,2.0,187.9
FIS_3403,31.10.2026,10:13,Yoğurt (2kg),67.11,3.0,201.33
FIS_3403,31.10.2026,10:13,Peynir (500g),112.49,1.0,112.49
FIS_3403,31.10.2026,10:13,Süt (1L),32.51,3.0,97.53
FIS_3404,13.09.2026,14:27,Sıvı Yağ (1L),49.03,1.0,49.03
FIS_3404,13.09.2026,14:27,Ekmek,10.57,2.0,21.14
FIS_3404,13.09.2026,14:27,Şeker (1kg),35.03,2.0,70.06
FIS_3404,13.09.2026,14:27,Makarna,15.74,2.0,31.48
FIS_3404,13.09.2026,14:27,Deodorant,199.9,2.0,399.8
FIS_3405,19.11.2026,12:43,Limon Taze (kg),119.95,2.0,239.9
FIS_3405,19.11.2026,12:43,Domates (kg),26.81,2.0,53.62
FIS_3405,19.11.2026,12:43,Elma (kg),34.5,1.0,34.5
FIS_3405,19.11.2026,12:43,Biber Çarliston (kg),32.95,2.0,65.9
FIS_3405,19.11.2026,12:43,Salatalık (kg),22.91,2.0,45.82
FIS_3405,19.11.2026,12:43,Şampuan,102.16,2.0,204.32
FIS_3406,24.05.2026,16:21,Salatalık (kg),21.95,3.0,65.85
FIS_3406,24.05.2026,16:21,Limon Taze (kg),119.95,1.0,119.95
FIS_3406,24.05.2026,16:21,Biber Çarliston (kg),32.95,1.0,32.95
FIS_3406,24.05.2026,16:21,Domates (kg),27.87,1.0,27.87
FIS_3406,24.05.2026,16:21,Elma (kg),34.5,1.0,34.5
FIS_3407,28.09.2026,15:29,Domates (kg),27.8,1.0,27.8
FIS_3407,28.09.2026,15:29,Biber Çarliston (kg),32.95,1.0,32.95
FIS_3407,28.09.2026,15:29,Salatalık (kg),22.79,2.0,45.58
FIS_3407,28.09.2026,15:29,Limon Taze (kg),119.95,3.0,359.85
FIS_3407,28.09.2026,15:29,Elma (kg),34.5,1.0,34.5
FIS_3408,20.05.2026,13:31,Şampuan,80.78,3.0,242.34
FIS_3408,20.05.2026,13:31,Deterjan (5kg),181.15,2.0,362.3
FIS_3408,20.05.2026,13:31,Plastik Poşet,1.0,1.0,1.0
FIS_3408,20.05.2026,13:31,Deodorant,199.9,1.0,199.9
FIS_3409,15.03.2026,12:01,Yoğurt (2kg),64.27,1.0,64.27
FIS_3409,15.03.2026,12:01,Çay (500g),95.79,2.0,191.58
FIS_3409,15.03.2026,12:01,Ekmek,10.0,2.0,20.0
FIS_3409,15.03.2026,12:01,Peynir (500g),114.53,1.0,114.53
FIS_3409,15.03.2026,12:01,Yumurta (15li),55.08,2.0,110.16
FIS_3409,15.03.2026,12:01,Süt (1L),31.88,3.0,95.64
FIS_3410,07.03.2026,13:01,Yumurta (15li),53.36,1.0,53.36
FIS_3410,07.03.2026,13:01,Süt (1L),32.95,3.0,98.85
FIS_3410,07.03.2026,13:01,Çay (500g),93.32,1.0,93.32
FIS_3410,07.03.2026,13:01,Peynir (500g),113.05,1.0,113.05
FIS_3411,26.11.2026,12:20,Limon Taze (kg),119.95,1.0,119.95
FIS_3411,26.11.2026,12:20,Domates (kg),27.1,3.0,81.3
FIS_3411,26.11.2026,12:20,Elma (kg),34.5,3.0,103.5
FIS_3411,26.11.2026,12:20,Biber Çarliston (kg),32.95,2.0,65.9
FIS_3412,02.07.2026,13:05,Cola 1 LT,45.0,1.0,45.0
FIS_3412,02.07.2026,13:05,Su 0.5 LT,5.0,1.0,5.0
FIS_3412,02.07.2026,13:05,Cola 2.5 LT,55.0,2.0,110.0
FIS_3412,02.07.2026,13:05,Çay (500g),91.82,2.0,183.64
FIS_3412,02.07.2026,13:05,Kek,59.0,1.0,59.0
FIS_3413,27.11.2026,18:35,Yoğurt (2kg),67.87,1.0,67.87
FIS_3413,27.11.2026,18:35,Peynir (500g),115.04,2.0,230.08
FIS_3413,27.11.2026,18:35,Çay (500g),93.91,3.0,281.73
FIS_3413,27.11.2026,18:35,Ekmek,12.52,1.0,12.52
FIS_3413,27.11.2026,18:35,Süt (1L),32.58,2.0,65.16
FIS_3414,10.09.2026,08:42,Kil Maskesi,297.9,3.0,893.7
FIS_3414,10.09.2026,08:42,Yüz Temizleme,79.99,2.0,159.98
FIS_3414,10.09.2026,08:42,Şampuan,96.09,1.0,96.09
FIS_3414,10.09.2026,08:42,Bebe Şampuanı,149.9,1.0,149.9
FIS_3414,10.09.2026,08:42,Deodorant,199.9,3.0,599.7
FIS_3414,10.09.2026,08:42,Diş Macunu,46.06,2.0,92.12
FIS_3414,10.09.2026,08:42,Biber Çarliston (kg),32.95,2.0,65.9
FIS_3415,19.09.2026,14:10,Makarna,15.16,2.0,30.32
FIS_3415,19.09.2026,14:10,Şeker (1kg),33.86,2.0,67.72
FIS_3415,19.09.2026,14:10,Çay (500g),95.88,3.0,287.64
FIS_3415,19.09.2026,14:10,Ekmek,12.53,2.0,25.06
FIS_3415,19.09.2026,14:10,Deodorant,199.9,1.0,199.9
FIS_3416,22.01.2026,14:51,Peynir (500g),116.47,3.0,349.41
FIS_3416,22.01.2026,14:51,Yoğurt (2kg),67.49,2.0,134.98
FIS_3416,22.01.2026,14:51,Yumurta (15li),52.54,1.0,52.54
FIS_3416,22.01.2026,14:51,Çay (500g),93.2,1.0,93.2
FIS_3416,22.01.2026,14:51,Ekmek,13.24,2.0,26.48
FIS_3416,22.01.2026,14:51,Süt (1L),31.63,3.0,94.89
FIS_3417,18.07.2026,19:20,Çay (500g),96.46,1.0,96.46
FIS_3417,18.07.2026,19:20,Cola 2.5 LT,55.0,1.0,55.0
FIS_3417,18.07.2026,19:20,Su 0.5 LT,5.0,1.0,5.0
FIS_3417,18.07.2026,19:20,Kek,59.0,1.0,59.0
FIS_3417,18.07.2026,19:20,Cola 1 LT,45.0,1.0,45.0
FIS_3418,05.06.2026,15:24,Diş Macunu,46.05,2.0,92.1
FIS_3418,05.06.2026,15:24,Şampuan,74.99,2.0,149.98
FIS_3418,05.06.2026,15:24,Yüz Temizleme,79.99,2.0,159.98
FIS_3418,05.06.2026,15:24,Bebe Şampuanı,149.9,1.0,149.9
FIS_3418,05.06.2026,15:24,Kil Maskesi,297.9,2.0,595.8
FIS_3418,05.06.2026,15:24,Deodorant,199.9,1.0,199.9
FIS_3419,03.03.2026,22:40,Şampuan,93.46,3.0,280.38
FIS_3419,03.03.2026,22:40,Kil Maskesi,297.9,2.0,595.8
FIS_3419,03.03.2026,22:40,Diş Macunu,43.95,3.0,131.85
FIS_3419,03.03.2026,22:40,Bebe Şampuanı,149.9,1.0,149.9
FIS_3419,03.03.2026,22:40,Deodorant,199.9,1.0,199.9
FIS_3419,03.03.2026,22:40,Yüz Temizleme,79.99,2.0,159.98
FIS_3420,14.12.2026,14:01,Çay (500g),90.76,1.0,90.76
FIS_3420,14.12.2026,14:01,Yoğurt (2kg),67.93,2.0,135.86
FIS_3420,14.12.2026,14:01,Süt (1L),33.2,3.0,99.6
FIS_3420,14.12.2026,14:01,Ekmek,11.67,2.0,23.34
FIS_3420,14.12.2026,14:01,Yumurta (15li),51.55,2.0,103.1
FIS_3421,07.04.2026,11:44,Cola 1 LT,45.0,3.0,135.0
FIS_3421,07.04.2026,11:44,Su 0.5 LT,5.0,2.0,10.0
FIS_3421,07.04.2026,11:44,Kek,59.0,2.0,118.0
FIS_3421,07.04.2026,11:44,Cola 2.5 LT,55.0,2.0,110.0
FIS_3422,06.10.2026,10:23,Bebe Şampuanı,149.9,2.0,299.8
FIS_3422,06.10.2026,10:23,Yüz Temizleme,79.99,2.0,159.98
FIS_3422,06.10.2026,10:23,Diş Macunu,46.16,1.0,46.16
FIS_3422,06.10.2026,10:23,Kil Maskesi,297.9,2.0,595.8
FIS_3422,06.10.2026,10:23,Deodorant,199.9,2.0,399.8
FIS_3423,04.07.2026,14:05,Salatalık (kg),23.29,1.0,23.29
FIS_3423,04.07.2026,14:05,Elma (kg),34.5,2.0,69.0
FIS_3423,04.07.2026,14:05,Limon Taze (kg),119.95,3.0,359.85
FIS_3423,04.07.2026,14:05,Biber Çarliston (kg),32.95,2.0,65.9
FIS_3423,04.07.2026,14:05,Domates (kg),28.38,3.0,85.14
FIS_3424,23.03.2026,21:51,Salatalık (kg),23.57,3.0,70.71
FIS_3424,23.03.2026,21:51,Biber Çarliston (kg),32.95,1.0,32.95
FIS_3424,23.03.2026,21:51,Domates (kg),28.5,2.0,57.0
FIS_3424,23.03.2026,21:51,Limon Taze (kg),119.95,3.0,359.85
FIS_3425,26.03.2026,19:14,Deodorant,199.9,1.0,199.9
FIS_3425,26.03.2026,19:14,Kil Maskesi,297.9,3.0,893.7
FIS_3425,26.03.2026,19:14,Şampuan,91.16,1.0,91.16
FIS_3425,26.03.2026,19:14,Diş Macunu,43.75,3.0,131.25
FIS_3425,26.03.2026,19:14,Bebe Şampuanı,149.9,3.0,449.7
FIS_3425,26.03.2026,19:14,Yüz Temizleme,79.99,1.0,79.99
FIS_3426,01.01.2026,22:50,Biber Çarliston (kg),32.95,3.0,98.85
FIS_3426,01.01.2026,22:50,Salatalık (kg),22.8,1.0,22.8
FIS_3426,01.01.2026,22:50,Domates (kg),26.68,1.0,26.68
FIS_3426,01.01.2026,22:50,Limon Taze (kg),119.95,1.0,119.95
FIS_3426,01.01.2026,22:50,Kek,59.0,3.0,177.0
FIS_3427,06.02.2026,09:16,Su 0.5 LT,5.0,2.0,10.0
FIS_3427,06.02.2026,09:16,Kek,59.0,2.0,118.0
FIS_3427,06.02.2026,09:16,Çay (500g),96.03,2.0,192.06
FIS_3427,06.02.2026,09:16,Cola 2.5 LT,55.0,3.0,165.0
FIS_3427,06.02.2026,09:16,Elma (kg),34.5,2.0,69.0
FIS_3428,17.01.2026,15:20,Diş Macunu,45.36,2.0,90.72
FIS_3428,17.01.2026,15:20,Deodorant,199.9,3.0,599.7
FIS_3428,17.01.2026,15:20,Şampuan,95.17,1.0,95.17
FIS_3428,17.01.2026,15:20,Deterjan (5kg),182.92,2.0,365.84
FIS_3429,14.02.2026,15:16,Domates (kg),29.07,1.0,29.07
FIS_3429,14.02.2026,15:16,Salatalık (kg),22.73,2.0,45.46
FIS_3429,14.02.2026,15:16,Elma (kg),34.5,2.0,69.0
FIS_3429,14.02.2026,15:16,Limon Taze (kg),119.95,3.0,359.85
FIS_3430,20.08.2026,11:39,Cola 1 LT,45.0,3.0,135.0
FIS_3430,20.08.2026,11:39,Cola 2.5 LT,55.0,2.0,110.0
FIS_3430,20.08.2026,11:39,Kek,59.0,2.0,118.0
FIS_3430,20.08.2026,11:39,Çay (500g),97.69,3.0,293.07
FIS_3431,01.12.2026,19:03,Plastik Poşet,1.0,2.0,2.0
FIS_3431,01.12.2026,19:03,Deodorant,199.9,3.0,599.7
FIS_3431,01.12.2026,19:03,Deterjan (5kg),178.83,1.0,178.83
FIS_3431,01.12.2026,19:03,Şampuan,80.98,2.0,161.96
FIS_3431,01.12.2026,19:03,Tavuk Göğsü (kg),160.88,2.0,321.76
FIS_3432,01.12.2026,22:11,Ekmek,12.13,2.0,24.26
FIS_3432,01.12.2026,22:11,Şeker (1kg),33.13,2.0,66.26
FIS_3432,01.12.2026,22:11,Süt (1L),33.51,1.0,33.51
FIS_3432,01.12.2026,22:11,Çay (500g),91.29,1.0,91.29
FIS_3432,01.12.2026,22:11,Sıvı Yağ (1L),46.76,3.0,140.28
FIS_3433,16.10.2026,08:28,Su 0.5 LT,5.0,2.0,10.0
FIS_3433,16.10.2026,08:28,Cola 1 LT,45.0,2.0,90.0
FIS_3433,16.10.2026,08:28,Kek,59.0,1.0,59.0
FIS_3433,16.10.2026,08:28,Cola 2.5 LT,55.0,3.0,165.0
FIS_3433,16.10.2026,08:28,Çay (500g),93.63,2.0,187.26
FIS_3434,17.09.2026,22:15,Tavuk Göğsü (kg),167.59,3.0,502.77
FIS_3434,17.09.2026,22:15,Domates (kg),27.83,2.0,55.66
FIS_3434,17.09.2026,22:15,Biber Dolmalık (kg),69.95,3.0,209.85
FIS_3434,17.09.2026,22:15,Salatalık (kg),21.81,2.0,43.62
FIS_3434,17.09.2026,22:15,Sıvı Yağ (1L),46.68,1.0,46.68
FIS_3435,29.04.2026,11:09,Deodorant,199.9,3.0,599.7
FIS_3435,29.04.2026,11:09,Deterjan (5kg),188.1,3.0,564.3
FIS_3435,29.04.2026,11:09,Şampuan,97.13,2.0,194.26
FIS_3435,29.04.2026,11:09,Plastik Poşet,1.0,1.0,1.0
FIS_3436,13.06.2026,22:15,Süt (1L),32.72,3.0,98.16
FIS_3436,13.06.2026,22:15,Çay (500g),95.31,1.0,95.31
FIS_3436,13.06.2026,22:15,Sıvı Yağ (1L),46.83,1.0,46.83
FIS_3436,13.06.2026,22:15,Makarna,16.31,1.0,16.31
FIS_3436,13.06.2026,22:15,Şeker (1kg),35.22,1.0,35.22
FIS_3437,02.09.2026,16:04,Salatalık (kg),23.21,2.0,46.42
FIS_3437,02.09.2026,16:04,Biber Çarliston (kg),32.95,2.0,65.9
FIS_3437,02.09.2026,16:04,Elma (kg),34.5,2.0,69.0
FIS_3437,02.09.2026,16:04,Limon Taze (kg),119.95,1.0,119.95
FIS_3438,09.04.2026,18:46,Deodorant,199.9,2.0,399.8
FIS_3438,09.04.2026,18:46,Şampuan,102.76,3.0,308.28
FIS_3438,09.04.2026,18:46,Diş Macunu,43.45,3.0,130.35
FIS_3438,09.04.2026,18:46,Deterjan (5kg),185.48,2.0,370.96
FIS_3438,09.04.2026,18:46,Plastik Poşet,1.0,2.0,2.0
FIS_3439,04.11.2026,08:26,Ekmek,10.88,3.0,32.64
FIS_3439,04.11.2026,08:26,Peynir (500g),116.23,2.0,232.46
FIS_3439,04.11.2026,08:26,Yoğurt (2kg),67.27,2.0,134.54
FIS_3439,04.11.2026,08:26,Süt (1L),32.59,2.0,65.18
FIS_3439,04.11.2026,08:26,Yumurta (15li),55.34,3.0,166.02
FIS_3439,04.11.2026,08:26,Çay (500g),95.75,3.0,287.25
FIS_3439,04.11.2026,08:26,Deodorant,199.9,3.0,599.7
FIS_3440,03.11.2026,18:50,Biber Çarliston (kg),32.95,3.0,98.85
FIS_3440,03.11.2026,18:50,Elma (kg),34.5,2.0,69.0
FIS_3440,03.11.2026,18:50,Domates (kg),28.68,2.0,57.36
FIS_3440,03.11.2026,18:50,Salatalık (kg),23.32,3.0,69.96
FIS_3441,20.09.2026,11:20,Plastik Poşet,1.0,2.0,2.0
FIS_3441,20.09.2026,11:20,Şampuan,84.14,2.0,168.28
FIS_3441,20.09.2026,11:20,Deodorant,199.9,1.0,199.9
FIS_3441,20.09.2026,11:20,Diş Macunu,46.17,1.0,46.17
FIS_3442,19.12.2026,12:12,Deodorant,199.9,1.0,199.9
FIS_3442,19.12.2026,12:12,Yüz Temizleme,79.99,3.0,239.97
FIS_3442,19.12.2026,12:12,Bebe Şampuanı,149.9,1.0,149.9
FIS_3442,19.12.2026,12:12,Şampuan,114.51,2.0,229.02
FIS_3442,19.12.2026,12:12,Diş Macunu,44.42,2.0,88.84
FIS_3442,19.12.2026,12:12,Kil Maskesi,297.9,2.0,595.8
FIS_3443,18.10.2026,15:34,Diş Macunu,46.37,2.0,92.74
FIS_3443,18.10.2026,15:34,Deterjan (5kg),176.09,1.0,176.09
FIS_3443,18.10.2026,15:34,Şampuan,110.84,2.0,221.68
FIS_3443,18.10.2026,15:34,Deodorant,199.9,2.0,399.8
FIS_3444,09.10.2026,17:52,Şampuan,94.49,2.0,188.98
FIS_3444,09.10.2026,17:52,Diş Macunu,44.14,1.0,44.14
FIS_3444,09.10.2026,17:52,Deterjan (5kg),179.31,2.0,358.62
FIS_3444,09.10.2026,17:52,Plastik Poşet,1.0,1.0,1.0
FIS_3444,09.10.2026,17:52,Deodorant,199.9,1.0,199.9
FIS_3445,23.05.2026,09:35,Salatalık (kg),21.54,1.0,21.54
FIS_3445,23.05.2026,09:35,Domates (kg),27.71,3.0,83.13
FIS_3445,23.05.2026,09:35,Elma (kg),34.5,2.0,69.0
FIS_3445,23.05.2026,09:35,Limon Taze (kg),119.95,1.0,119.95
FIS_3445,23.05.2026,09:35,Biber Çarliston (kg),32.95,3.0,98.85
FIS_3445,23.05.2026,09:35,Yüz Temizleme,79.99,2.0,159.98
FIS_3446,10.10.2026,13:53,Tavuk Göğsü (kg),160.13,3.0,480.39
FIS_3446,10.10.2026,13:53,Makarna,15.0,1.0,15.0
FIS_3446,10.10.2026,13:53,Salatalık (kg),21.61,3.0,64.83
FIS_3446,10.10.2026,13:53,Biber Dolmalık (kg),69.95,2.0,139.9
FIS_3446,10.10.2026,13:53,Sıvı Yağ (1L),49.99,1.0,49.99
FIS_3447,18.02.2026,11:54,Cola 2.5 LT,55.0,2.0,110.0
FIS_3447,18.02.2026,11:54,Su 0.5 LT,5.0,1.0,5.0
FIS_3447,18.02.2026,11:54,Kek,59.0,2.0,118.0
FIS_3447,18.02.2026,11:54,Cola 1 LT,45.0,3.0,135.0
FIS_3448,17.07.2026,15:13,Tavuk Göğsü (kg),169.07,1.0,169.07
FIS_3448,17.07.2026,15:13,Sıvı Yağ (1L),48.71,2.0,97.42
FIS_3448,17.07.2026,15:13,Makarna,15.29,3.0,45.87
FIS_3448,17.07.2026,15:13,Domates (kg),28.22,3.0,84.66
FIS_3448,17.07.2026,15:13,Çay (500g),93.49,1.0,93.49
FIS_3449,13.09.2026,16:39,Çay (500g),96.76,2.0,193.52
FIS_3449,13.09.2026,16:39,Cola 2.5 LT,55.0,2.0,110.0
FIS_3449,13.09.2026,16:39,Su 0.5 LT,5.0,2.0,10.0
FIS_3449,13.09.2026,16:39,Cola 1 LT,45.0,2.0,90.0
FIS_3449,13.09.2026,16:39,Kek,59.0,2.0,118.0
FIS_3450,29.04.2026,14:38,Çay (500g),97.68,2.0,195.36
FIS_3450,29.04.2026,14:38,Cola 2.5 LT,55.0,2.0,110.0
FIS_3450,29.04.2026,14:38,Kek,59.0,2.0,118.0
FIS_3450,29.04.2026,14:38,Cola 1 LT,45.0,2.0,90.0
FIS_3451,06.08.2026,09:27,Şampuan,102.7,3.0,308.1
FIS_3451,06.08.2026,09:27,Diş Macunu,45.11,1.0,45.11
FIS_3451,06.08.2026,09:27,Plastik Poşet,1.0,2.0,2.0
FIS_3451,06.08.2026,09:27,Deodorant,199.9,1.0,199.9
FIS_3451,06.08.2026,09:27,Deterjan (5kg),177.66,1.0,177.66
FIS_3451,06.08.2026,09:27,Makarna,15.11,3.0,45.33
FIS_3452,11.10.2026,08:16,Yumurta (15li),53.54,1.0,53.54
FIS_3452,11.10.2026,08:16,Çay (500g),95.12,1.0,95.12
FIS_3452,11.10.2026,08:16,Peynir (500g),119.28,3.0,357.84
FIS_3452,11.10.2026,08:16,Süt (1L),31.15,3.0,93.45
FIS_3452,11.10.2026,08:16,Ekmek,13.03,3.0,39.09
FIS_3452,11.10.2026,08:16,Yoğurt (2kg),62.96,3.0,188.88
FIS_3452,11.10.2026,08:16,Domates (kg),28.15,2.0,56.3
FIS_3453,27.03.2026,11:01,Makarna,15.8,2.0,31.6
FIS_3453,27.03.2026,11:01,Ekmek,12.0,2.0,24.0
FIS_3453,27.03.2026,11:01,Çay (500g),96.98,1.0,96.98
FIS_3453,27.03.2026,11:01,Sıvı Yağ (1L),48.68,1.0,48.68
FIS_3453,27.03.2026,11:01,Süt (1L),31.76,1.0,31.76
FIS_3454,16.06.2026,21:10,Makarna,16.29,1.0,16.29
FIS_3454,16.06.2026,21:10,Ekmek,13.38,2.0,26.76
FIS_3454,16.06.2026,21:10,Çay (500g),95.61,2.0,191.22
FIS_3454,16.06.2026,21:10,Süt (1L),32.43,2.0,64.86
FIS_3454,16.06.2026,21:10,Sıvı Yağ (1L),46.97,1.0,46.97
FIS_3454,16.06.2026,21:10,Cola 2.5 LT,55.0,1.0,55.0
FIS_3455,24.11.2026,17:48,Çay (500g),97.67,3.0,293.01
FIS_3455,24.11.2026,17:48,Peynir (500g),117.93,3.0,353.79
FIS_3455,24.11.2026,17:48,Ekmek,11.95,2.0,23.9
FIS_3455,24.11.2026,17:48,Süt (1L),33.76,2.0,67.52
FIS_3456,28.11.2026,16:22,Makarna,15.75,1.0,15.75
FIS_3456,28.11.2026,16:22,Sıvı Yağ (1L),47.12,3.0,141.36
FIS_3456,28.11.2026,16:22,Şeker (1kg),35.66,2.0,71.32
FIS_3456,28.11.2026,16:22,Çay (500g),91.42,2.0,182.84
FIS_3456,28.11.2026,16:22,Süt (1L),32.18,2.0,64.36
FIS_3456,28.11.2026,16:22,Ekmek,11.19,2.0,22.38
FIS_3457,07.09.2026,11:48,Çay (500g),97.22,3.0,291.66
FIS_3457,07.09.2026,11:48,Peynir (500g),118.38,2.0,236.76
FIS_3457,07.09.2026,11:48,Yoğurt (2kg),63.39,1.0,63.39
FIS_3457,07.09.2026,11:48,Yumurta (15li),56.08,2.0,112.16
FIS_3458,10.05.2026,15:25,Kek,59.0,1.0,59.0
FIS_3458,10.05.2026,15:25,Cola 2.5 LT,55.0,1.0,55.0
FIS_3458,10.05.2026,15:25,Su 0.5 LT,5.0,1.0,5.0
FIS_3458,10.05.2026,15:25,Cola 1 LT,45.0,2.0,90.0
FIS_3458,10.05.2026,15:25,Çay (500g),98.48,2.0,196.96
FIS_3459,09.02.2026,17:18,Deterjan (5kg),176.23,1.0,176.23
FIS_3459,09.02.2026,17:18,Deodorant,199.9,3.0,599.7
FIS_3459,09.02.2026,17:18,Plastik Poşet,1.0,1.0,1.0
FIS_3459,09.02.2026,17:18,Şampuan,72.48,1.0,72.48
FIS_3459,09.02.2026,17:18,Diş Macunu,45.56,2.0,91.12
FIS_3459,09.02.2026,17:18,Salatalık (kg),21.46,2.0,42.92
FIS_3460,21.06.2026,20:39,Çay (500g),95.72,2.0,191.44
FIS_3460,21.06.2026,20:39,Kek,59.0,2.0,118.0
FIS_3460,21.06.2026,20:39,Cola 2.5 LT,55.0,1.0,55.0
FIS_3460,21.06.2026,20:39,Su 0.5 LT,5.0,3.0,15.0
FIS_3460,21.06.2026,20:39,Cola 1 LT,45.0,3.0,135.0
FIS_3461,17.09.2026,09:09,Şeker (1kg),33.02,3.0,99.06
FIS_3461,17.09.2026,09:09,Sıvı Yağ (1L),47.96,2.0,95.92
FIS_3461,17.09.2026,09:09,Çay (500g),92.38,1.0,92.38
FIS_3461,17.09.2026,09:09,Ekmek,10.88,1.0,10.88
FIS_3461,17.09.2026,09:09,Makarna,15.27,3.0,45.81
FIS_3462,10.04.2026,14:51,Sıvı Yağ (1L),50.23,2.0,100.46
FIS_3462,10.04.2026,14:51,Makarna,16.1,1.0,16.1
FIS_3462,10.04.2026,14:51,Şeker (1kg),33.1,1.0,33.1
FIS_3462,10.04.2026,14:51,Ekmek,13.66,2.0,27.32
FIS_3462,10.04.2026,14:51,Peynir (500g),110.62,3.0,331.86
FIS_3463,24.08.2026,20:57,Deodorant,199.9,3.0,599.7
FIS_3463,24.08.2026,20:57,Diş Macunu,45.37,3.0,136.11
FIS_3463,24.08.2026,20:57,Plastik Poşet,1.0,3.0,3.0
FIS_3463,24.08.2026,20:57,Şampuan,109.2,1.0,109.2
FIS_3463,24.08.2026,20:57,Deterjan (5kg),180.13,1.0,180.13
FIS_3464,11.08.2026,15:17,Deodorant,199.9,1.0,199.9
FIS_3464,11.08.2026,15:17,Plastik Poşet,1.0,1.0,1.0
FIS_3464,11.08.2026,15:17,Deterjan (5kg),184.44,1.0,184.44
FIS_3464,11.08.2026,15:17,Şampuan,116.4,3.0,349.2
FIS_3464,11.08.2026,15:17,Diş Macunu,45.16,2.0,90.32
FIS_3464,11.08.2026,15:17,Makarna,15.61,2.0,31.22
FIS_3465,03.08.2026,17:21,Şampuan,103.58,2.0,207.16
FIS_3465,03.08.2026,17:21,Plastik Poşet,1.0,1.0,1.0
FIS_3465,03.08.2026,17:21,Diş Macunu,44.69,2.0,89.38
FIS_3465,03.08.2026,17:21,Deodorant,199.9,2.0,399.8
FIS_3466,16.01.2026,13:23,Peynir (500g),119.02,2.0,238.04
FIS_3466,16.01.2026,13:23,Çay (500g),92.59,1.0,92.59
FIS_3466,16.01.2026,13:23,Süt (1L),32.04,3.0,96.12
FIS_3466,16.01.2026,13:23,Yoğurt (2kg),63.92,2.0,127.84
FIS_3466,16.01.2026,13:23,Ekmek,13.34,1.0,13.34
FIS_3467,12.02.2026,09:50,Diş Macunu,46.91,3.0,140.73
FIS_3467,12.02.2026,09:50,Yüz Temizleme,79.99,1.0,79.99
FIS_3467,12.02.2026,09:50,Kil Maskesi,297.9,1.0,297.9
FIS_3467,12.02.2026,09:50,Bebe Şampuanı,149.9,2.0,299.8
FIS_3468,07.07.2026,18:43,Şeker (1kg),32.64,1.0,32.64
FIS_3468,07.07.2026,18:43,Makarna,15.93,1.0,15.93
FIS_3468,07.07.2026,18:43,Ekmek,13.06,2.0,26.12
FIS_3468,07.07.2026,18:43,Sıvı Yağ (1L),50.06,2.0,100.12
FIS_3468,07.07.2026,18:43,Çay (500g),91.34,3.0,274.02
FIS_3468,07.07.2026,18:43,Süt (1L),31.9,3.0,95.7
FIS_3469,06.02.2026,21:39,Deterjan (5kg),185.36,2.0,370.72
FIS_3469,06.02.2026,21:39,Deodorant,199.9,3.0,599.7
FIS_3469,06.02.2026,21:39,Diş Macunu,44.01,2.0,88.02
FIS_3469,06.02.2026,21:39,Şampuan,112.8,3.0,338.4
FIS_3469,06.02.2026,21:39,Çay (500g),91.85,2.0,183.7
FIS_3470,20.08.2026,13:32,Deodorant,199.9,1.0,199.9
FIS_3470,20.08.2026,13:32,Plastik Poşet,1.0,3.0,3.0
FIS_3470,20.08.2026,13:32,Deterjan (5kg),191.89,1.0,191.89
FIS_3470,20.08.2026,13:32,Şampuan,76.53,2.0,153.06
FIS_3470,20.08.2026,13:32,Diş Macunu,43.31,3.0,129.93
FIS_3470,20.08.2026,13:32,Cola 2.5 LT,55.0,2.0,110.0
FIS_3471,19.12.2026,13:37,Sıvı Yağ (1L),49.26,2.0,98.52
FIS_3471,19.12.2026,13:37,Biber Dolmalık (kg),69.95,1.0,69.95
FIS_3471,19.12.2026,13:37,Makarna,15.51,1.0,15.51
FIS_3471,19.12.2026,13:37,Tavuk Göğsü (kg),157.32,2.0,314.64
FIS_3471,19.12.2026,13:37,Domates (kg),27.89,2.0,55.78
FIS_3471,19.12.2026,13:37,Salatalık (kg),22.42,2.0,44.84
FIS_3472,30.12.2026,21:20,Kek,59.0,3.0,177.0
FIS_3472,30.12.2026,21:20,Su 0.5 LT,5.0,1.0,5.0
FIS_3472,30.12.2026,21:20,Çay (500g),99.09,2.0,198.18
FIS_3472,30.12.2026,21:20,Cola 2.5 LT,55.0,2.0,110.0
FIS_3473,17.03.2026,08:56,Makarna,16.09,2.0,32.18
FIS_3473,17.03.2026,08:56,Biber Dolmalık (kg),69.95,1.0,69.95
FIS_3473,17.03.2026,08:56,Sıvı Yağ (1L),49.14,3.0,147.42
FIS_3473,17.03.2026,08:56,Domates (kg),27.73,3.0,83.19
FIS_3474,10.07.2026,13:00,Süt (1L),33.67,3.0,101.01
FIS_3474,10.07.2026,13:00,Peynir (500g),115.09,3.0,345.27
FIS_3474,10.07.2026,13:00,Yoğurt (2kg),64.32,3.0,192.96
FIS_3474,10.07.2026,13:00,Ekmek,13.97,3.0,41.91
FIS_3474,10.07.2026,13:00,Çay (500g),98.84,1.0,98.84
FIS_3475,11.08.2026,20:46,Sıvı Yağ (1L),48.31,2.0,96.62
FIS_3475,11.08.2026,20:46,Makarna,15.49,2.0,30.98
FIS_3475,11.08.2026,20:46,Şeker (1kg),34.32,1.0,34.32
FIS_3475,11.08.2026,20:46,Çay (500g),94.7,2.0,189.4
FIS_3476,26.08.2026,22:56,Elma (kg),34.5,3.0,103.5
FIS_3476,26.08.2026,22:56,Salatalık (kg),23.38,2.0,46.76
FIS_3476,26.08.2026,22:56,Biber Çarliston (kg),32.95,1.0,32.95
FIS_3476,26.08.2026,22:56,Limon Taze (kg),119.95,1.0,119.95
FIS_3476,26.08.2026,22:56,Şampuan,82.09,2.0,164.18
FIS_3477,03.05.2026,14:00,Cola 1 LT,45.0,3.0,135.0
FIS_3477,03.05.2026,14:00,Kek,59.0,3.0,177.0
FIS_3477,03.05.2026,14:00,Su 0.5 LT,5.0,2.0,10.0
FIS_3477,03.05.2026,14:00,Cola 2.5 LT,55.0,1.0,55.0
FIS_3477,03.05.2026,14:00,Çay (500g),95.25,3.0,285.75
FIS_3478,28.05.2026,20:07,Sıvı Yağ (1L),47.09,3.0,141.27
FIS_3478,28.05.2026,20:07,Makarna,15.64,2.0,31.28
FIS_3478,28.05.2026,20:07,Şeker (1kg),34.51,2.0,69.02
FIS_3478,28.05.2026,20:07,Ekmek,9.61,1.0,9.61
FIS_3479,13.05.2026,10:42,Deodorant,199.9,3.0,599.7
FIS_3479,13.05.2026,10:42,Şampuan,104.97,3.0,314.91
FIS_3479,13.05.2026,10:42,Plastik Poşet,1.0,1.0,1.0
FIS_3479,13.05.2026,10:42,Deterjan (5kg),191.85,1.0,191.85
FIS_3479,13.05.2026,10:42,Diş Macunu,46.99,1.0,46.99
FIS_3479,13.05.2026,10:42,Şeker (1kg),34.95,2.0,69.9
FIS_3480,02.04.2026,09:48,Cola 1 LT,45.0,1.0,45.0
FIS_3480,02.04.2026,09:48,Su 0.5 LT,5.0,1.0,5.0
FIS_3480,02.04.2026,09:48,Kek,59.0,2.0,118.0
FIS_3480,02.04.2026,09:48,Çay (500g),97.74,3.0,293.22
FIS_3480,02.04.2026,09:48,Cola 2.5 LT,55.0,3.0,165.0
FIS_3481,10.01.2026,22:58,Domates (kg),28.36,2.0,56.72
FIS_3481,10.01.2026,22:58,Salatalık (kg),23.57,3.0,70.71
FIS_3481,10.01.2026,22:58,Limon Taze (kg),119.95,2.0,239.9
FIS_3481,10.01.2026,22:58,Biber Çarliston (kg),32.95,2.0,65.9
FIS_3481,10.01.2026,22:58,Çay (500g),91.31,3.0,273.93
FIS_3482,26.07.2026,11:10,Biber Dolmalık (kg),69.95,2.0,139.9
FIS_3482,26.07.2026,11:10,Sıvı Yağ (1L),49.19,1.0,49.19
FIS_3482,26.07.2026,11:10,Tavuk Göğsü (kg),171.51,1.0,171.51
FIS_3482,26.07.2026,11:10,Salatalık (kg),22.4,1.0,22.4
FIS_3482,26.07.2026,11:10,Makarna,15.86,1.0,15.86
FIS_3482,26.07.2026,11:10,Domates (kg),29.86,2.0,59.72
FIS_3483,29.11.2026,13:26,Deodorant,199.9,3.0,599.7
FIS_3483,29.11.2026,13:26,Kil Maskesi,297.9,3.0,893.7
FIS_3483,29.11.2026,13:26,Şampuan,77.89,2.0,155.78
FIS_3483,29.11.2026,13:26,Yüz Temizleme,79.99,3.0,239.97
FIS_3484,24.06.2026,09:39,Çay (500g),94.25,1.0,94.25
FIS_3484,24.06.2026,09:39,Şeker (1kg),35.21,1.0,35.21
FIS_3484,24.06.2026,09:39,Süt (1L),33.92,3.0,101.76
FIS_3484,24.06.2026,09:39,Sıvı Yağ (1L),50.73,1.0,50.73
FIS_3485,23.12.2026,12:52,Kek,59.0,2.0,118.0
FIS_3485,23.12.2026,12:52,Çay (500g),93.18,2.0,186.36
FIS_3485,23.12.2026,12:52,Cola 2.5 LT,55.0,1.0,55.0
FIS_3485,23.12.2026,12:52,Cola 1 LT,45.0,2.0,90.0
FIS_3486,05.04.2026,19:05,Makarna,15.47,1.0,15.47
FIS_3486,05.04.2026,19:05,Çay (500g),92.03,1.0,92.03
FIS_3486,05.04.2026,19:05,Ekmek,12.13,1.0,12.13
FIS_3486,05.04.2026,19:05,Süt (1L),31.71,2.0,63.42
FIS_3486,05.04.2026,19:05,Diş Macunu,44.14,3.0,132.42
FIS_3487,05.10.2026,22:54,Süt (1L),33.34,1.0,33.34
FIS_3487,05.10.2026,22:54,Yoğurt (2kg),63.82,2.0,127.64
FIS_3487,05.10.2026,22:54,Yumurta (15li),51.9,2.0,103.8
FIS_3487,05.10.2026,22:54,Çay (500g),92.82,1.0,92.82
FIS_3487,05.10.2026,22:54,Peynir (500g),110.88,1.0,110.88
FIS_3487,05.10.2026,22:54,Ekmek,13.77,3.0,41.31
FIS_3488,03.01.2026,09:57,Su 0.5 LT,5.0,1.0,5.0
FIS_3488,03.01.2026,09:57,Kek,59.0,1.0,59.0
FIS_3488,03.01.2026,09:57,Cola 2.5 LT,55.0,3.0,165.0
FIS_3488,03.01.2026,09:57,Cola 1 LT,45.0,1.0,45.0
FIS_3488,03.01.2026,09:57,Limon Taze (kg),119.95,1.0,119.95
FIS_3489,29.08.2026,11:46,Diş Macunu,45.32,3.0,135.96
FIS_3489,29.08.2026,11:46,Yüz Temizleme,79.99,1.0,79.99
FIS_3489,29.08.2026,11:46,Bebe Şampuanı,149.9,1.0,149.9
FIS_3489,29.08.2026,11:46,Kil Maskesi,297.9,1.0,297.9
FIS_3489,29.08.2026,11:46,Elma (kg),34.5,2.0,69.0
FIS_3490,09.04.2026,21:33,Şampuan,105.72,2.0,211.44
FIS_3490,09.04.2026,21:33,Deodorant,199.9,2.0,399.8
FIS_3490,09.04.2026,21:33,Diş Macunu,42.76,1.0,42.76
FIS_3490,09.04.2026,21:33,Plastik Poşet,1.0,1.0,1.0
FIS_3490,09.04.2026,21:33,Deterjan (5kg),189.56,3.0,568.68
FIS_3490,09.04.2026,21:33,Domates (kg),27.02,1.0,27.02
FIS_3491,25.11.2026,17:07,Diş Macunu,46.0,3.0,138.0
FIS_3491,25.11.2026,17:07,Şampuan,90.51,1.0,90.51
FIS_3491,25.11.2026,17:07,Bebe Şampuanı,149.9,1.0,149.9
FIS_3491,25.11.2026,17:07,Yüz Temizleme,79.99,3.0,239.97
FIS_3492,18.04.2026,19:07,Ekmek,13.04,2.0,26.08
FIS_3492,18.04.2026,19:07,Sıvı Yağ (1L),47.68,2.0,95.36
FIS_3492,18.04.2026,19:07,Çay (500g),93.83,3.0,281.49
FIS_3492,18.04.2026,19:07,Süt (1L),33.11,2.0,66.22
FIS_3492,18.04.2026,19:07,Makarna,16.0,3.0,48.0
FIS_3492,18.04.2026,19:07,Şeker (1kg),32.85,2.0,65.7
FIS_3492,18.04.2026,19:07,Bebe Şampuanı,149.9,3.0,449.7
FIS_3493,06.12.2026,11:31,Su 0.5 LT,5.0,1.0,5.0
FIS_3493,06.12.2026,11:31,Cola 1 LT,45.0,3.0,135.0
FIS_3493,06.12.2026,11:31,Cola 2.5 LT,55.0,2.0,110.0
FIS_3493,06.12.2026,11:31,Çay (500g),91.37,2.0,182.74
FIS_3493,06.12.2026,11:31,Kek,59.0,2.0,118.0
FIS_3494,01.04.2026,14:49,Süt (1L),32.39,3.0,97.17
FIS_3494,01.04.2026,14:49,Ekmek,13.39,2.0,26.78
FIS_3494,01.04.2026,14:49,Çay (500g),99.18,2.0,198.36
FIS_3494,01.04.2026,14:49,Peynir (500g),111.15,1.0,111.15
FIS_3494,01.04.2026,14:49,Yumurta (15li),53.69,1.0,53.69
FIS_3495,09.01.2026,20:15,Kil Maskesi,297.9,3.0,893.7
FIS_3495,09.01.2026,20:15,Diş Macunu,43.19,3.0,129.57
FIS_3495,09.01.2026,20:15,Yüz Temizleme,79.99,2.0,159.98
FIS_3495,09.01.2026,20:15,Şampuan,107.64,1.0,107.64
FIS_3495,09.01.2026,20:15,Bebe Şampuanı,149.9,1.0,149.9
FIS_3496,04.05.2026,22:18,Plastik Poşet,1.0,1.0,1.0
FIS_3496,04.05.2026,22:18,Şampuan,87.23,3.0,261.69
FIS_3496,04.05.2026,22:18,Diş Macunu,46.18,2.0,92.36
FIS_3496,04.05.2026,22:18,Deodorant,199.9,1.0,199.9
FIS_3497,04.09.2026,11:11,Yumurta (15li),54.89,3.0,164.67
FIS_3497,04.09.2026,11:11,Çay (500g),95.53,2.0,191.06
FIS_3497,04.09.2026,11:11,Yoğurt (2kg),62.45,2.0,124.9
FIS_3497,04.09.2026,11:11,Süt (1L),32.94,1.0,32.94
FIS_3497,04.09.2026,11:11,Peynir (500g),113.03,2.0,226.06
FIS_3497,04.09.2026,11:11,Ekmek,11.12,1.0,11.12
FIS_3498,30.09.2026,13:31,Makarna,15.29,2.0,30.58
FIS_3498,30.09.2026,13:31,Tavuk Göğsü (kg),165.55,3.0,496.65
FIS_3498,30.09.2026,13:31,Biber Dolmalık (kg),69.95,3.0,209.85
FIS_3498,30.09.2026,13:31,Sıvı Yağ (1L),50.85,3.0,152.55
FIS_3498,30.09.2026,13:31,Salatalık (kg),22.37,1.0,22.37
FIS_3498,30.09.2026,13:31,Ekmek,10.51,1.0,10.51
FIS_3499,22.04.2026,13:06,Ekmek,13.51,1.0,13.51
FIS_3499,22.04.2026,13:06,Süt (1L),31.28,1.0,31.28
FIS_3499,22.04.2026,13:06,Çay (500g),95.96,1.0,95.96
FIS_3499,22.04.2026,13:06,Yoğurt (2kg),66.95,3.0,200.85
FIS_3499,22.04.2026,13:06,Peynir (500g),115.45,3.0,346.35
FIS_3500,04.05.2026,08:30,Yüz Temizleme,79.99,1.0,79.99
FIS_3500,04.05.2026,08:30,Diş Macunu,43.14,3.0,129.42
FIS_3500,04.05.2026,08:30,Şampuan,82.45,3.0,247.35
FIS_3500,04.05.2026,08:30,Bebe Şampuanı,149.9,2.0,299.8
FIS_3500,04.05.2026,08:30,Kil Maskesi,297.9,2.0,595.8
FIS_3501,20.08.2026,16:44,Biber Dolmalık (kg),69.95,1.0,69.95
FIS_3501,20.08.2026,16:44,Tavuk Göğsü (kg),168.77,1.0,168.77
FIS_3501,20.08.2026,16:44,Makarna,16.26,1.0,16.26
FIS_3501,20.08.2026,16:44,Salatalık (kg),21.7,2.0,43.4
FIS_3501,20.08.2026,16:44,Domates (kg),26.8,2.0,53.6
FIS_3502,26.04.2026,17:08,Yoğurt (2kg),66.67,3.0,200.01
FIS_3502,26.04.2026,17:08,Peynir (500g),114.25,3.0,342.75
FIS_3502,26.04.2026,17:08,Yumurta (15li),51.75,1.0,51.75
FIS_3502,26.04.2026,17:08,Çay (500g),94.69,1.0,94.69
FIS_3503,29.03.2026,13:02,Biber Çarliston (kg),32.95,1.0,32.95
FIS_3503,29.03.2026,13:02,Domates (kg),28.91,1.0,28.91
FIS_3503,29.03.2026,13:02,Limon Taze (kg),119.95,3.0,359.85
FIS_3503,29.03.2026,13:02,Elma (kg),34.5,3.0,103.5
FIS_3503,29.03.2026,13:02,Sıvı Yağ (1L),48.66,3.0,145.98
FIS_3504,27.10.2026,13:56,Çay (500g),92.91,2.0,185.82
FIS_3504,27.10.2026,13:56,Cola 2.5 LT,55.0,3.0,165.0
FIS_3504,27.10.2026,13:56,Su 0.5 LT,5.0,1.0,5.0
FIS_3504,27.10.2026,13:56,Kek,59.0,2.0,118.0
FIS_3504,27.10.2026,13:56,Sıvı Yağ (1L),47.92,3.0,143.76
FIS_3505,27.08.2026,22:05,Ekmek,12.71,1.0,12.71
FIS_3505,27.08.2026,22:05,Süt (1L),31.15,1.0,31.15
FIS_3505,27.08.2026,22:05,Çay (500g),95.29,1.0,95.29
FIS_3505,27.08.2026,22:05,Sıvı Yağ (1L),49.94,1.0,49.94
FIS_3505,27.08.2026,22:05,Şeker (1kg),35.38,3.0,106.14
FIS_3505,27.08.2026,22:05,Makarna,16.31,3.0,48.93
FIS_3505,27.08.2026,22:05,Yüz Temizleme,79.99,1.0,79.99
FIS_3506,03.10.2026,16:05,Diş Macunu,42.95,2.0,85.9
FIS_3506,03.10.2026,16:05,Plastik Poşet,1.0,1.0,1.0
FIS_3506,03.10.2026,16:05,Şampuan,78.09,1.0,78.09
FIS_3506,03.10.2026,16:05,Deterjan (5kg),188.69,1.0,188.69
FIS_3507,23.09.2026,10:39,Su 0.5 LT,5.0,2.0,10.0
FIS_3507,23.09.2026,10:39,Cola 1 LT,45.0,1.0,45.0
FIS_3507,23.09.2026,10:39,Kek,59.0,3.0,177.0
FIS_3507,23.09.2026,10:39,Cola 2.5 LT,55.0,3.0,165.0
FIS_3508,16.01.2026,09:20,Biber Dolmalık (kg),69.95,3.0,209.85
FIS_3508,16.01.2026,09:20,Makarna,15.98,1.0,15.98
FIS_3508,16.01.2026,09:20,Tavuk Göğsü (kg),169.67,3.0,509.01
FIS_3508,16.01.2026,09:20,Sıvı Yağ (1L),50.75,1.0,50.75
FIS_3508,16.01.2026,09:20,Salatalık (kg),22.98,2.0,45.96
FIS_3508,16.01.2026,09:20,Domates (kg),27.63,3.0,82.89
FIS_3509,28.02.2026,20:58,Elma (kg),34.5,2.0,69.0
FIS_3509,28.02.2026,20:58,Limon Taze (kg),119.95,3.0,359.85
FIS_3509,28.02.2026,20:58,Domates (kg),29.6,1.0,29.6
FIS_3509,28.02.2026,20:58,Biber Çarliston (kg),32.95,2.0,65.9
FIS_3509,28.02.2026,20:58,Salatalık (kg),22.5,1.0,22.5
FIS_3510,10.06.2026,14:30,Çay (500g),98.47,2.0,196.94
FIS_3510,10.06.2026,14:30,Yoğurt (2kg),64.03,2.0,128.06
FIS_3510,10.06.2026,14:30,Ekmek,9.92,3.0,29.76
FIS_3510,10.06.2026,14:30,Süt (1L),32.6,3.0,97.8
FIS_3510,10.06.2026,14:30,Yumurta (15li),52.2,2.0,104.4
FIS_3510,10.06.2026,14:30,Peynir (500g),115.75,1.0,115.75
FIS_3511,31.07.2026,10:51,Diş Macunu,46.24,2.0,92.48
FIS_3511,31.07.2026,10:51,Plastik Poşet,1.0,3.0,3.0
FIS_3511,31.07.2026,10:51,Deodorant,199.9,3.0,599.7
FIS_3511,31.07.2026,10:51,Deterjan (5kg),184.54,2.0,369.08
FIS_3511,31.07.2026,10:51,Süt (1L),31.64,2.0,63.28
FIS_3512,05.11.2026,21:39,Limon Taze (kg),119.95,2.0,239.9
FIS_3512,05.11.2026,21:39,Elma (kg),34.5,3.0,103.5
FIS_3512,05.11.2026,21:39,Domates (kg),27.01,3.0,81.03
FIS_3512,05.11.2026,21:39,Biber Çarliston (kg),32.95,3.0,98.85
FIS_3512,05.11.2026,21:39,Salatalık (kg),21.42,3.0,64.26
FIS_3512,05.11.2026,21:39,Deterjan (5kg),189.32,3.0,567.96
FIS_3513,01.04.2026,16:30,Çay (500g),90.95,2.0,181.9
FIS_3513,01.04.2026,16:30,Cola 2.5 LT,55.0,3.0,165.0
FIS_3513,01.04.2026,16:30,Su 0.5 LT,5.0,3.0,15.0
FIS_3513,01.04.2026,16:30,Cola 1 LT,45.0,3.0,135.0
FIS_3514,01.06.2026,19:10,Biber Çarliston (kg),32.95,1.0,32.95
FIS_3514,01.06.2026,19:10,Elma (kg),34.5,3.0,103.5
FIS_3514,01.06.2026,19:10,Domates (kg),29.39,2.0,58.78
FIS_3514,01.06.2026,19:10,Limon Taze (kg),119.95,2.0,239.9
FIS_3514,01.06.2026,19:10,Salatalık (kg),23.5,2.0,47.0
FIS_3515,12.02.2026,15:55,Yumurta (15li),55.91,1.0,55.91
FIS_3515,12.02.2026,15:55,Çay (500g),92.07,1.0,92.07
FIS_3515,12.02.2026,15:55,Peynir (500g),117.56,2.0,235.12
FIS_3515,12.02.2026,15:55,Süt (1L),32.05,3.0,96.15
FIS_3515,12.02.2026,15:55,Yoğurt (2kg),63.03,1.0,63.03
FIS_3516,12.01.2026,18:05,Kek,59.0,2.0,118.0
FIS_3516,12.01.2026,18:05,Su 0.5 LT,5.0,3.0,15.0
FIS_3516,12.01.2026,18:05,Cola 2.5 LT,55.0,1.0,55.0
FIS_3516,12.01.2026,18:05,Çay (500g),97.96,2.0,195.92
FIS_3516,12.01.2026,18:05,Cola 1 LT,45.0,1.0,45.0
FIS_3517,27.08.2026,17:53,Bebe Şampuanı,149.9,2.0,299.8
FIS_3517,27.08.2026,17:53,Deodorant,199.9,1.0,199.9
FIS_3517,27.08.2026,17:53,Şampuan,81.46,2.0,162.92
FIS_3517,27.08.2026,17:53,Diş Macunu,43.61,3.0,130.83
FIS_3518,12.05.2026,17:20,Kil Maskesi,297.9,2.0,595.8
FIS_3518,12.05.2026,17:20,Diş Macunu,45.96,1.0,45.96
FIS_3518,12.05.2026,17:20,Yüz Temizleme,79.99,3.0,239.97
FIS_3518,12.05.2026,17:20,Şampuan,118.81,1.0,118.81
FIS_3519,31.10.2026,09:40,Kil Maskesi,297.9,1.0,297.9
FIS_3519,31.10.2026,09:40,Diş Macunu,46.68,1.0,46.68
FIS_3519,31.10.2026,09:40,Yüz Temizleme,79.99,1.0,79.99
FIS_3519,31.10.2026,09:40,Bebe Şampuanı,149.9,3.0,449.7
FIS_3520,16.09.2026,15:48,Deterjan (5kg),190.89,1.0,190.89
FIS_3520,16.09.2026,15:48,Deodorant,199.9,2.0,399.8
FIS_3520,16.09.2026,15:48,Diş Macunu,46.21,1.0,46.21
FIS_3520,16.09.2026,15:48,Şampuan,98.06,3.0,294.18
FIS_3520,16.09.2026,15:48,Plastik Poşet,1.0,1.0,1.0
FIS_3520,16.09.2026,15:48,Domates (kg),27.41,2.0,54.82
FIS_3521,20.06.2026,15:40,Deodorant,199.9,3.0,599.7
FIS_3521,20.06.2026,15:40,Bebe Şampuanı,149.9,2.0,299.8
FIS_3521,20.06.2026,15:40,Şampuan,100.99,2.0,201.98
FIS_3521,20.06.2026,15:40,Yüz Temizleme,79.99,1.0,79.99
FIS_3521,20.06.2026,15:40,Diş Macunu,43.09,3.0,129.27
FIS_3522,06.02.2026,20:07,Çay (500g),93.5,1.0,93.5
FIS_3522,06.02.2026,20:07,Makarna,15.89,2.0,31.78
FIS_3522,06.02.2026,20:07,Şeker (1kg),33.01,3.0,99.03
FIS_3522,06.02.2026,20:07,Ekmek,10.23,1.0,10.23
FIS_3522,06.02.2026,20:07,Süt (1L),32.88,3.0,98.64
FIS_3522,06.02.2026,20:07,Sıvı Yağ (1L),46.84,1.0,46.84
FIS_3522,06.02.2026,20:07,Biber Çarliston (kg),32.95,2.0,65.9
FIS_3523,22.06.2026,14:04,Ekmek,9.71,2.0,19.42
FIS_3523,22.06.2026,14:04,Yumurta (15li),54.69,2.0,109.38
FIS_3523,22.06.2026,14:04,Peynir (500g),112.03,2.0,224.06
FIS_3523,22.06.2026,14:04,Süt (1L),32.33,3.0,96.99
FIS_3523,22.06.2026,14:04,Çay (500g),90.78,3.0,272.34
FIS_3524,19.02.2026,09:47,Tavuk Göğsü (kg),158.25,1.0,158.25
FIS_3524,19.02.2026,09:47,Biber Dolmalık (kg),69.95,3.0,209.85
FIS_3524,19.02.2026,09:47,Domates (kg),28.1,2.0,56.2
FIS_3524,19.02.2026,09:47,Makarna,16.44,1.0,16.44
FIS_3524,19.02.2026,09:47,Salatalık (kg),21.63,1.0,21.63
FIS_3524,19.02.2026,09:47,Çay (500g),97.38,2.0,194.76
FIS_3525,24.06.2026,13:03,Makarna,16.29,2.0,32.58
FIS_3525,24.06.2026,13:03,Çay (500g),97.34,3.0,292.02
FIS_3525,24.06.2026,13:03,Süt (1L),33.81,3.0,101.43
FIS_3525,24.06.2026,13:03,Sıvı Yağ (1L),47.14,3.0,141.42
FIS_3525,24.06.2026,13:03,Ekmek,13.24,2.0,26.48
FIS_3526,21.01.2026,09:15,Plastik Poşet,1.0,3.0,3.0
FIS_3526,21.01.2026,09:15,Deodorant,199.9,1.0,199.9
FIS_3526,21.01.2026,09:15,Deterjan (5kg),179.87,3.0,539.61
FIS_3526,21.01.2026,09:15,Şampuan,89.52,3.0,268.56
FIS_3526,21.01.2026,09:15,Çay (500g),91.5,1.0,91.5
FIS_3527,08.12.2026,13:28,Şampuan,85.2,1.0,85.2
FIS_3527,08.12.2026,13:28,Yüz Temizleme,79.99,3.0,239.97
FIS_3527,08.12.2026,13:28,Bebe Şampuanı,149.9,2.0,299.8
FIS_3527,08.12.2026,13:28,Deodorant,199.9,1.0,199.9
FIS_3527,08.12.2026,13:28,Diş Macunu,44.54,3.0,133.62
FIS_3527,08.12.2026,13:28,Kil Maskesi,297.9,3.0,893.7
FIS_3528,17.11.2026,14:49,Elma (kg),34.5,2.0,69.0
FIS_3528,17.11.2026,14:49,Biber Çarliston (kg),32.95,3.0,98.85
FIS_3528,17.11.2026,14:49,Domates (kg),27.42,2.0,54.84
FIS_3528,17.11.2026,14:49,Salatalık (kg),22.64,2.0,45.28
FIS_3528,17.11.2026,14:49,Limon Taze (kg),119.95,3.0,359.85
FIS_3529,08.06.2026,17:39,Süt (1L),33.51,1.0,33.51
FIS_3529,08.06.2026,17:39,Çay (500g),93.05,1.0,93.05
FIS_3529,08.06.2026,17:39,Ekmek,13.0,2.0,26.0
FIS_3529,08.06.2026,17:39,Sıvı Yağ (1L),48.06,3.0,144.18
FIS_3530,29.01.2026,14:39,Yüz Temizleme,79.99,2.0,159.98
FIS_3530,29.01.2026,14:39,Kil Maskesi,297.9,1.0,297.9
FIS_3530,29.01.2026,14:39,Diş Macunu,45.61,1.0,45.61
FIS_3530,29.01.2026,14:39,Bebe Şampuanı,149.9,2.0,299.8
FIS_3531,15.10.2026,19:14,Elma (kg),34.5,3.0,103.5
FIS_3531,15.10.2026,19:14,Limon Taze (kg),119.95,1.0,119.95
FIS_3531,15.10.2026,19:14,Biber Çarliston (kg),32.95,2.0,65.9
FIS_3531,15.10.2026,19:14,Domates (kg),29.33,2.0,58.66
FIS_3532,28.07.2026,22:42,Yoğurt (2kg),64.42,2.0,128.84
FIS_3532,28.07.2026,22:42,Süt (1L),32.69,1.0,32.69
FIS_3532,28.07.2026,22:42,Çay (500g),94.33,2.0,188.66
FIS_3532,28.07.2026,22:42,Peynir (500g),110.39,3.0,331.17
FIS_3533,15.07.2026,17:24,Deterjan (5kg),192.02,1.0,192.02
FIS_3533,15.07.2026,17:24,Şampuan,110.61,2.0,221.22
FIS_3533,15.07.2026,17:24,Plastik Poşet,1.0,1.0,1.0
FIS_3533,15.07.2026,17:24,Deodorant,199.9,1.0,199.9
FIS_3533,15.07.2026,17:24,Diş Macunu,46.21,2.0,92.42
FIS_3533,15.07.2026,17:24,Çay (500g),95.31,1.0,95.31
FIS_3534,28.10.2026,20:49,Deterjan (5kg),183.9,2.0,367.8
FIS_3534,28.10.2026,20:49,Plastik Poşet,1.0,2.0,2.0
FIS_3534,28.10.2026,20:49,Deodorant,199.9,1.0,199.9
FIS_3534,28.10.2026,20:49,Şampuan,76.97,2.0,153.94
FIS_3534,28.10.2026,20:49,Diş Macunu,44.99,1.0,44.99
FIS_3534,28.10.2026,20:49,Yüz Temizleme,79.99,1.0,79.99
FIS_3535,10.11.2026,13:52,Ekmek,9.88,3.0,29.64
FIS_3535,10.11.2026,13:52,Çay (500g),95.91,3.0,287.73
FIS_3535,10.11.2026,13:52,Sıvı Yağ (1L),47.66,2.0,95.32
FIS_3535,10.11.2026,13:52,Şeker (1kg),33.72,1.0,33.72
FIS_3535,10.11.2026,13:52,Deodorant,199.9,3.0,599.7
FIS_3536,11.04.2026,21:37,Cola 2.5 LT,55.0,2.0,110.0
FIS_3536,11.04.2026,21:37,Cola 1 LT,45.0,3.0,135.0
FIS_3536,11.04.2026,21:37,Kek,59.0,1.0,59.0
FIS_3536,11.04.2026,21:37,Çay (500g),90.89,2.0,181.78
FIS_3536,11.04.2026,21:37,Su 0.5 LT,5.0,3.0,15.0
FIS_3537,26.07.2026,20:55,Çay (500g),91.2,2.0,182.4
FIS_3537,26.07.2026,20:55,Cola 2.5 LT,55.0,2.0,110.0
FIS_3537,26.07.2026,20:55,Su 0.5 LT,5.0,1.0,5.0
FIS_3537,26.07.2026,20:55,Cola 1 LT,45.0,3.0,135.0
FIS_3538,25.12.2026,22:38,Ekmek,9.92,1.0,9.92
FIS_3538,25.12.2026,22:38,Çay (500g),99.09,2.0,198.18
FIS_3538,25.12.2026,22:38,Yumurta (15li),53.27,1.0,53.27
FIS_3538,25.12.2026,22:38,Yoğurt (2kg),63.13,2.0,126.26
FIS_3538,25.12.2026,22:38,Süt (1L),31.33,3.0,93.99
FIS_3538,25.12.2026,22:38,Cola 2.5 LT,55.0,2.0,110.0
FIS_3539,06.01.2026,11:54,Tavuk Göğsü (kg),170.28,3.0,510.84
FIS_3539,06.01.2026,11:54,Biber Dolmalık (kg),69.95,2.0,139.9
FIS_3539,06.01.2026,11:54,Domates (kg),28.24,3.0,84.72
FIS_3539,06.01.2026,11:54,Makarna,16.49,2.0,32.98
FIS_3539,06.01.2026,11:54,Sıvı Yağ (1L),46.71,1.0,46.71
FIS_3539,06.01.2026,11:54,Salatalık (kg),22.39,3.0,67.17
FIS_3539,06.01.2026,11:54,Cola 2.5 LT,55.0,2.0,110.0
FIS_3540,16.05.2026,17:03,Yüz Temizleme,79.99,1.0,79.99
FIS_3540,16.05.2026,17:03,Deodorant,199.9,1.0,199.9
FIS_3540,16.05.2026,17:03,Şampuan,92.29,2.0,184.58
FIS_3540,16.05.2026,17:03,Kil Maskesi,297.9,1.0,297.9
FIS_3541,20.08.2026,11:43,Deodorant,199.9,3.0,599.7
FIS_3541,20.08.2026,11:43,Plastik Poşet,1.0,3.0,3.0
FIS_3541,20.08.2026,11:43,Diş Macunu,45.03,1.0,45.03
FIS_3541,20.08.2026,11:43,Deterjan (5kg),177.39,1.0,177.39
FIS_3542,24.11.2026,09:56,Cola 1 LT,45.0,2.0,90.0
FIS_3542,24.11.2026,09:56,Cola 2.5 LT,55.0,3.0,165.0
FIS_3542,24.11.2026,09:56,Su 0.5 LT,5.0,1.0,5.0
FIS_3542,24.11.2026,09:56,Kek,59.0,1.0,59.0
FIS_3542,24.11.2026,09:56,Elma (kg),34.5,3.0,103.5
FIS_3543,05.05.2026,22:07,Süt (1L),33.98,1.0,33.98
FIS_3543,05.05.2026,22:07,Makarna,15.74,3.0,47.22
FIS_3543,05.05.2026,22:07,Şeker (1kg),34.32,3.0,102.96
FIS_3543,05.05.2026,22:07,Çay (500g),96.19,2.0,192.38
FIS_3543,05.05.2026,22:07,Ekmek,12.57,1.0,12.57
FIS_3543,05.05.2026,22:07,Sıvı Yağ (1L),48.29,3.0,144.87
FIS_3544,01.02.2026,14:55,Su 0.5 LT,5.0,1.0,5.0
FIS_3544,01.02.2026,14:55,Cola 2.5 LT,55.0,1.0,55.0
FIS_3544,01.02.2026,14:55,Cola 1 LT,45.0,3.0,135.0
FIS_3544,01.02.2026,14:55,Çay (500g),93.56,3.0,280.68
FIS_3545,23.03.2026,09:25,Deodorant,199.9,1.0,199.9
FIS_3545,23.03.2026,09:25,Şampuan,106.97,3.0,320.91
FIS_3545,23.03.2026,09:25,Bebe Şampuanı,149.9,1.0,149.9
FIS_3545,23.03.2026,09:25,Kil Maskesi,297.9,3.0,893.7
FIS_3545,23.03.2026,09:25,Diş Macunu,43.37,3.0,130.11
FIS_3545,23.03.2026,09:25,Yüz Temizleme,79.99,2.0,159.98
FIS_3546,01.11.2026,08:35,Salatalık (kg),21.69,1.0,21.69
FIS_3546,01.11.2026,08:35,Biber Çarliston (kg),32.95,1.0,32.95
FIS_3546,01.11.2026,08:35,Elma (kg),34.5,3.0,103.5
FIS_3546,01.11.2026,08:35,Limon Taze (kg),119.95,3.0,359.85
FIS_3546,01.11.2026,08:35,Domates (kg),29.38,2.0,58.76
FIS_3547,03.11.2026,19:44,Şampuan,85.1,2.0,170.2
FIS_3547,03.11.2026,19:44,Diş Macunu,45.54,3.0,136.62
FIS_3547,03.11.2026,19:44,Deodorant,199.9,1.0,199.9
FIS_3547,03.11.2026,19:44,Plastik Poşet,1.0,2.0,2.0
FIS_3547,03.11.2026,19:44,Deterjan (5kg),177.69,1.0,177.69
FIS_3548,01.05.2026,22:34,Su 0.5 LT,5.0,2.0,10.0
FIS_3548,01.05.2026,22:34,Çay (500g),97.5,3.0,292.5
FIS_3548,01.05.2026,22:34,Cola 1 LT,45.0,3.0,135.0
FIS_3548,01.05.2026,22:34,Kek,59.0,2.0,118.0
FIS_3548,01.05.2026,22:34,Cola 2.5 LT,55.0,3.0,165.0
FIS_3549,10.09.2026,14:34,Makarna,15.74,3.0,47.22
FIS_3549,10.09.2026,14:34,Sıvı Yağ (1L),46.31,3.0,138.93
FIS_3549,10.09.2026,14:34,Biber Dolmalık (kg),69.95,3.0,209.85
FIS_3549,10.09.2026,14:34,Salatalık (kg),22.55,2.0,45.1
FIS_3549,10.09.2026,14:34,Tavuk Göğsü (kg),167.32,3.0,501.96
FIS_3549,10.09.2026,14:34,Domates (kg),28.66,1.0,28.66
FIS_3550,08.07.2026,08:44,Diş Macunu,45.28,1.0,45.28
FIS_3550,08.07.2026,08:44,Deodorant,199.9,1.0,199.9
FIS_3550,08.07.2026,08:44,Şampuan,84.9,3.0,254.7
FIS_3550,08.07.2026,08:44,Plastik Poşet,1.0,3.0,3.0
FIS_3551,25.06.2026,21:23,Şampuan,85.61,3.0,256.83
FIS_3551,25.06.2026,21:23,Deodorant,199.9,1.0,199.9
FIS_3551,25.06.2026,21:23,Plastik Poşet,1.0,3.0,3.0
FIS_3551,25.06.2026,21:23,Diş Macunu,45.31,2.0,90.62
FIS_3551,25.06.2026,21:23,Deterjan (5kg),190.34,1.0,190.34
FIS_3551,25.06.2026,21:23,Makarna,16.32,1.0,16.32
FIS_3552,07.10.2026,22:59,Elma (kg),34.5,2.0,69.0
FIS_3552,07.10.2026,22:59,Biber Çarliston (kg),32.95,2.0,65.9
FIS_3552,07.10.2026,22:59,Domates (kg),27.19,2.0,54.38
FIS_3552,07.10.2026,22:59,Salatalık (kg),22.26,3.0,66.78
FIS_3552,07.10.2026,22:59,Deodorant,199.9,3.0,599.7
FIS_3553,24.04.2026,21:44,Makarna,16.44,1.0,16.44
FIS_3553,24.04.2026,21:44,Biber Dolmalık (kg),69.95,2.0,139.9
FIS_3553,24.04.2026,21:44,Salatalık (kg),22.21,1.0,22.21
FIS_3553,24.04.2026,21:44,Tavuk Göğsü (kg),172.35,2.0,344.7
FIS_3553,24.04.2026,21:44,Sıvı Yağ (1L),48.61,2.0,97.22
FIS_3554,14.10.2026,13:01,Biber Çarliston (kg),32.95,3.0,98.85
FIS_3554,14.10.2026,13:01,Elma (kg),34.5,3.0,103.5
FIS_3554,14.10.2026,13:01,Salatalık (kg),21.57,1.0,21.57
FIS_3554,14.10.2026,13:01,Domates (kg),29.62,3.0,88.86
FIS_3554,14.10.2026,13:01,Limon Taze (kg),119.95,1.0,119.95
FIS_3554,14.10.2026,13:01,Yüz Temizleme,79.99,3.0,239.97
FIS_3555,20.06.2026,17:15,Deterjan (5kg),184.25,2.0,368.5
FIS_3555,20.06.2026,17:15,Diş Macunu,46.43,1.0,46.43
FIS_3555,20.06.2026,17:15,Plastik Poşet,1.0,3.0,3.0
FIS_3555,20.06.2026,17:15,Şampuan,79.73,3.0,239.19
FIS_3556,20.04.2026,21:26,Cola 2.5 LT,55.0,1.0,55.0
FIS_3556,20.04.2026,21:26,Su 0.5 LT,5.0,3.0,15.0
FIS_3556,20.04.2026,21:26,Çay (500g),97.7,2.0,195.4
FIS_3556,20.04.2026,21:26,Kek,59.0,1.0,59.0
FIS_3556,20.04.2026,21:26,Elma (kg),34.5,2.0,69.0
FIS_3557,01.04.2026,15:24,Limon Taze (kg),119.95,2.0,239.9
FIS_3557,01.04.2026,15:24,Biber Çarliston (kg),32.95,2.0,65.9
FIS_3557,01.04.2026,15:24,Elma (kg),34.5,3.0,103.5
FIS_3557,01.04.2026,15:24,Domates (kg),28.34,2.0,56.68
FIS_3558,25.07.2026,10:56,Makarna,15.88,2.0,31.76
FIS_3558,25.07.2026,10:56,Sıvı Yağ (1L),49.91,2.0,99.82
FIS_3558,25.07.2026,10:56,Biber Dolmalık (kg),69.95,2.0,139.9
FIS_3558,25.07.2026,10:56,Tavuk Göğsü (kg),161.69,1.0,161.69
FIS_3558,25.07.2026,10:56,Domates (kg),27.06,3.0,81.18
FIS_3559,22.06.2026,16:21,Deodorant,199.9,3.0,599.7
FIS_3559,22.06.2026,16:21,Yüz Temizleme,79.99,2.0,159.98
FIS_3559,22.06.2026,16:21,Bebe Şampuanı,149.9,1.0,149.9
FIS_3559,22.06.2026,16:21,Kil Maskesi,297.9,3.0,893.7
FIS_3559,22.06.2026,16:21,Diş Macunu,46.8,1.0,46.8
FIS_3559,22.06.2026,16:21,Şampuan,110.86,2.0,221.72
FIS_3560,20.06.2026,08:08,Ekmek,12.42,1.0,12.42
FIS_3560,20.06.2026,08:08,Çay (500g),91.03,1.0,91.03
FIS_3560,20.06.2026,08:08,Süt (1L),31.4,1.0,31.4
FIS_3560,20.06.2026,08:08,Sıvı Yağ (1L),49.94,2.0,99.88
FIS_3560,20.06.2026,08:08,Makarna,15.08,1.0,15.08
FIS_3561,15.06.2026,13:30,Peynir (500g),115.31,2.0,230.62
FIS_3561,15.06.2026,13:30,Çay (500g),93.89,3.0,281.67
FIS_3561,15.06.2026,13:30,Yoğurt (2kg),68.16,2.0,136.32
FIS_3561,15.06.2026,13:30,Yumurta (15li),52.17,3.0,156.51
FIS_3561,15.06.2026,13:30,Ekmek,13.96,1.0,13.96
FIS_3561,15.06.2026,13:30,Süt (1L),32.31,3.0,96.93
FIS_3561,15.06.2026,13:30,Makarna,16.2,3.0,48.6
FIS_3562,30.05.2026,18:26,Tavuk Göğsü (kg),160.38,1.0,160.38
FIS_3562,30.05.2026,18:26,Domates (kg),28.93,1.0,28.93
FIS_3562,30.05.2026,18:26,Salatalık (kg),23.02,1.0,23.02
FIS_3562,30.05.2026,18:26,Sıvı Yağ (1L),50.12,1.0,50.12
FIS_3562,30.05.2026,18:26,Biber Dolmalık (kg),69.95,1.0,69.95
FIS_3562,30.05.2026,18:26,Makarna,16.34,3.0,49.02
FIS_3562,30.05.2026,18:26,Süt (1L),31.01,2.0,62.02
FIS_3563,16.11.2026,09:03,Cola 1 LT,45.0,3.0,135.0
FIS_3563,16.11.2026,09:03,Cola 2.5 LT,55.0,1.0,55.0
FIS_3563,16.11.2026,09:03,Su 0.5 LT,5.0,2.0,10.0
FIS_3563,16.11.2026,09:03,Kek,59.0,3.0,177.0
FIS_3564,14.02.2026,18:29,Salatalık (kg),22.78,2.0,45.56
FIS_3564,14.02.2026,18:29,Sıvı Yağ (1L),46.78,1.0,46.78
FIS_3564,14.02.2026,18:29,Makarna,16.32,1.0,16.32
FIS_3564,14.02.2026,18:29,Domates (kg),27.67,3.0,83.01
FIS_3564,14.02.2026,18:29,Plastik Poşet,1.0,3.0,3.0
FIS_3565,21.08.2026,14:57,Diş Macunu,45.62,1.0,45.62
FIS_3565,21.08.2026,14:57,Şampuan,74.37,3.0,223.11
FIS_3565,21.08.2026,14:57,Kil Maskesi,297.9,2.0,595.8
FIS_3565,21.08.2026,14:57,Yüz Temizleme,79.99,3.0,239.97
FIS_3565,21.08.2026,14:57,Deodorant,199.9,3.0,599.7
FIS_3565,21.08.2026,14:57,Bebe Şampuanı,149.9,1.0,149.9
FIS_3566,15.01.2026,13:11,Makarna,15.24,1.0,15.24
FIS_3566,15.01.2026,13:11,Biber Dolmalık (kg),69.95,2.0,139.9
FIS_3566,15.01.2026,13:11,Domates (kg),28.77,3.0,86.31
FIS_3566,15.01.2026,13:11,Salatalık (kg),21.57,2.0,43.14
FIS_3567,01.05.2026,16:35,Domates (kg),29.2,3.0,87.6
FIS_3567,01.05.2026,16:35,Salatalık (kg),21.85,3.0,65.55
FIS_3567,01.05.2026,16:35,Makarna,16.44,2.0,32.88
FIS_3567,01.05.2026,16:35,Sıvı Yağ (1L),48.12,2.0,96.24
FIS_3568,27.11.2026,15:47,Diş Macunu,45.29,2.0,90.58
FIS_3568,27.11.2026,15:47,Bebe Şampuanı,149.9,3.0,449.7
FIS_3568,27.11.2026,15:47,Kil Maskesi,297.9,2.0,595.8
FIS_3568,27.11.2026,15:47,Yüz Temizleme,79.99,3.0,239.97
FIS_3568,27.11.2026,15:47,Şampuan,76.95,2.0,153.9
FIS_3569,06.11.2026,21:54,Sıvı Yağ (1L),47.31,3.0,141.93
FIS_3569,06.11.2026,21:54,Ekmek,11.62,3.0,34.86
FIS_3569,06.11.2026,21:54,Süt (1L),33.83,3.0,101.49
FIS_3569,06.11.2026,21:54,Şeker (1kg),32.74,2.0,65.48
FIS_3569,06.11.2026,21:54,Makarna,16.07,2.0,32.14
FIS_3569,06.11.2026,21:54,Çay (500g),91.63,3.0,274.89
FIS_3569,06.11.2026,21:54,Yumurta (15li),56.32,3.0,168.96
FIS_3570,05.05.2026,10:09,Ekmek,12.93,2.0,25.86
FIS_3570,05.05.2026,10:09,Peynir (500g),116.25,3.0,348.75
FIS_3570,05.05.2026,10:09,Yumurta (15li),56.0,3.0,168.0
FIS_3570,05.05.2026,10:09,Süt (1L),32.56,3.0,97.68
FIS_3570,05.05.2026,10:09,Yoğurt (2kg),64.62,3.0,193.86
FIS_3570,05.05.2026,10:09,Çay (500g),92.29,3.0,276.87
FIS_3571,27.12.2026,22:23,Deodorant,199.9,1.0,199.9
FIS_3571,27.12.2026,22:23,Diş Macunu,43.65,2.0,87.3
FIS_3571,27.12.2026,22:23,Yüz Temizleme,79.99,1.0,79.99
FIS_3571,27.12.2026,22:23,Bebe Şampuanı,149.9,3.0,449.7
FIS_3571,27.12.2026,22:23,Kil Maskesi,297.9,3.0,893.7
FIS_3571,27.12.2026,22:23,Şampuan,112.94,3.0,338.82
FIS_3572,14.06.2026,09:29,Peynir (500g),111.23,3.0,333.69
FIS_3572,14.06.2026,09:29,Yoğurt (2kg),67.82,3.0,203.46
FIS_3572,14.06.2026,09:29,Ekmek,11.08,1.0,11.08
FIS_3572,14.06.2026,09:29,Çay (500g),91.21,1.0,91.21
FIS_3572,14.06.2026,09:29,Yumurta (15li),53.9,3.0,161.7
FIS_3573,19.09.2026,11:03,Domates (kg),26.91,1.0,26.91
FIS_3573,19.09.2026,11:03,Biber Çarliston (kg),32.95,1.0,32.95
FIS_3573,19.09.2026,11:03,Salatalık (kg),22.79,3.0,68.37
FIS_3573,19.09.2026,11:03,Limon Taze (kg),119.95,1.0,119.95
FIS_3574,22.03.2026,09:55,Kil Maskesi,297.9,1.0,297.9
FIS_3574,22.03.2026,09:55,Bebe Şampuanı,149.9,2.0,299.8
FIS_3574,22.03.2026,09:55,Yüz Temizleme,79.99,1.0,79.99
FIS_3574,22.03.2026,09:55,Deodorant,199.9,3.0,599.7
FIS_3574,22.03.2026,09:55,Şampuan,106.44,2.0,212.88
FIS_3574,22.03.2026,09:55,Diş Macunu,43.36,2.0,86.72
FIS_3574,22.03.2026,09:55,Çay (500g),96.41,3.0,289.23
FIS_3575,13.08.2026,22:15,Biber Dolmalık (kg),69.95,1.0,69.95
FIS_3575,13.08.2026,22:15,Domates (kg),28.1,3.0,84.3
FIS_3575,13.08.2026,22:15,Tavuk Göğsü (kg),170.06,3.0,510.18
FIS_3575,13.08.2026,22:15,Makarna,15.13,2.0,30.26
FIS_3575,13.08.2026,22:15,Sıvı Yağ (1L),46.97,1.0,46.97
FIS_3575,13.08.2026,22:15,Salatalık (kg),22.03,3.0,66.09
FIS_3576,16.12.2026,14:40,Elma (kg),34.5,2.0,69.0
FIS_3576,16.12.2026,14:40,Domates (kg),27.84,1.0,27.84
FIS_3576,16.12.2026,14:40,Limon Taze (kg),119.95,3.0,359.85
FIS_3576,16.12.2026,14:40,Salatalık (kg),21.83,2.0,43.66
FIS_3577,29.06.2026,19:24,Çay (500g),95.82,1.0,95.82
FIS_3577,29.06.2026,19:24,Ekmek,13.01,3.0,39.03
FIS_3577,29.06.2026,19:24,Süt (1L),32.54,1.0,32.54
FIS_3577,29.06.2026,19:24,Şeker (1kg),34.94,1.0,34.94
FIS_3578,21.08.2026,09:09,Deodorant,199.9,1.0,199.9
FIS_3578,21.08.2026,09:09,Diş Macunu,43.69,1.0,43.69
FIS_3578,21.08.2026,09:09,Plastik Poşet,1.0,1.0,1.0
FIS_3578,21.08.2026,09:09,Şampuan,114.55,1.0,114.55
FIS_3579,14.01.2026,10:30,Ekmek,10.77,1.0,10.77
FIS_3579,14.01.2026,10:30,Yumurta (15li),54.52,1.0,54.52
FIS_3579,14.01.2026,10:30,Peynir (500g),114.38,3.0,343.14
FIS_3579,14.01.2026,10:30,Çay (500g),99.18,2.0,198.36
FIS_3579,14.01.2026,10:30,Yoğurt (2kg),64.55,3.0,193.65
FIS_3580,12.01.2026,14:14,Salatalık (kg),23.21,3.0,69.63
FIS_3580,12.01.2026,14:14,Makarna,15.96,1.0,15.96
FIS_3580,12.01.2026,14:14,Tavuk Göğsü (kg),160.43,3.0,481.29
FIS_3580,12.01.2026,14:14,Domates (kg),29.46,1.0,29.46
FIS_3580,12.01.2026,14:14,Süt (1L),31.77,1.0,31.77
FIS_3581,09.01.2026,17:23,Çay (500g),93.75,3.0,281.25
FIS_3581,09.01.2026,17:23,Su 0.5 LT,5.0,2.0,10.0
FIS_3581,09.01.2026,17:23,Cola 2.5 LT,55.0,2.0,110.0
FIS_3581,09.01.2026,17:23,Kek,59.0,1.0,59.0
FIS_3581,09.01.2026,17:23,Cola 1 LT,45.0,1.0,45.0
FIS_3582,12.03.2026,21:51,Deodorant,199.9,3.0,599.7
FIS_3582,12.03.2026,21:51,Deterjan (5kg),178.25,1.0,178.25
FIS_3582,12.03.2026,21:51,Plastik Poşet,1.0,3.0,3.0
FIS_3582,12.03.2026,21:51,Diş Macunu,46.28,3.0,138.84
FIS_3582,12.03.2026,21:51,Şampuan,82.48,2.0,164.96
FIS_3583,24.07.2026,12:48,Peynir (500g),118.6,3.0,355.8
FIS_3583,24.07.2026,12:48,Çay (500g),93.71,1.0,93.71
FIS_3583,24.07.2026,12:48,Ekmek,10.18,1.0,10.18
FIS_3583,24.07.2026,12:48,Yumurta (15li),55.92,1.0,55.92
FIS_3583,24.07.2026,12:48,Süt (1L),34.03,3.0,102.09
FIS_3584,01.02.2026,15:05,Tavuk Göğsü (kg),160.55,1.0,160.55
FIS_3584,01.02.2026,15:05,Sıvı Yağ (1L),50.75,2.0,101.5
FIS_3584,01.02.2026,15:05,Makarna,15.53,3.0,46.59
FIS_3584,01.02.2026,15:05,Biber Dolmalık (kg),69.95,2.0,139.9
FIS_3584,01.02.2026,15:05,Salatalık (kg),22.06,2.0,44.12
FIS_3584,01.02.2026,15:05,Domates (kg),27.18,3.0,81.54
FIS_3585,11.04.2026,08:01,Salatalık (kg),22.35,2.0,44.7
FIS_3585,11.04.2026,08:01,Elma (kg),34.5,1.0,34.5
FIS_3585,11.04.2026,08:01,Biber Çarliston (kg),32.95,1.0,32.95
FIS_3585,11.04.2026,08:01,Limon Taze (kg),119.95,3.0,359.85
FIS_3585,11.04.2026,08:01,Domates (kg),29.25,1.0,29.25
FIS_3586,07.11.2026,14:10,Şeker (1kg),34.11,1.0,34.11
FIS_3586,07.11.2026,14:10,Sıvı Yağ (1L),49.47,2.0,98.94
FIS_3586,07.11.2026,14:10,Makarna,15.0,1.0,15.0
FIS_3586,07.11.2026,14:10,Süt (1L),34.05,2.0,68.1
FIS_3586,07.11.2026,14:10,Ekmek,11.38,1.0,11.38
FIS_3586,07.11.2026,14:10,Domates (kg),27.62,2.0,55.24
FIS_3587,17.11.2026,17:01,Ekmek,11.61,2.0,23.22
FIS_3587,17.11.2026,17:01,Çay (500g),90.7,3.0,272.1
FIS_3587,17.11.2026,17:01,Sıvı Yağ (1L),49.25,3.0,147.75
FIS_3587,17.11.2026,17:01,Şeker (1kg),33.15,3.0,99.45
FIS_3588,04.02.2026,21:45,Limon Taze (kg),119.95,3.0,359.85
FIS_3588,04.02.2026,21:45,Domates (kg),28.26,3.0,84.78
FIS_3588,04.02.2026,21:45,Salatalık (kg),22.06,3.0,66.18
FIS_3588,04.02.2026,21:45,Biber Çarliston (kg),32.95,2.0,65.9
FIS_3588,04.02.2026,21:45,Elma (kg),34.5,3.0,103.5
FIS_3588,04.02.2026,21:45,Tavuk Göğsü (kg),172.97,3.0,518.91
FIS_3589,25.04.2026,18:04,Makarna,16.14,1.0,16.14
FIS_3589,25.04.2026,18:04,Sıvı Yağ (1L),48.09,2.0,96.18
FIS_3589,25.04.2026,18:04,Tavuk Göğsü (kg),172.41,1.0,172.41
FIS_3589,25.04.2026,18:04,Domates (kg),27.31,2.0,54.62
FIS_3589,25.04.2026,18:04,Salatalık (kg),23.49,2.0,46.98
FIS_3590,03.09.2026,17:17,Domates (kg),28.81,3.0,86.43
FIS_3590,03.09.2026,17:17,Salatalık (kg),22.04,3.0,66.12
FIS_3590,03.09.2026,17:17,Sıvı Yağ (1L),50.48,3.0,151.44
FIS_3590,03.09.2026,17:17,Tavuk Göğsü (kg),164.09,1.0,164.09
FIS_3590,03.09.2026,17:17,Yüz Temizleme,79.99,2.0,159.98
FIS_3591,26.03.2026,22:27,Süt (1L),32.68,1.0,32.68
FIS_3591,26.03.2026,22:27,Ekmek,9.99,2.0,19.98
FIS_3591,26.03.2026,22:27,Çay (500g),90.86,1.0,90.86
FIS_3591,26.03.2026,22:27,Sıvı Yağ (1L),49.28,3.0,147.84
FIS_3591,26.03.2026,22:27,Makarna,15.01,3.0,45.03
FIS_3591,26.03.2026,22:27,Şeker (1kg),34.45,1.0,34.45
FIS_3592,07.10.2026,20:05,Biber Dolmalık (kg),69.95,3.0,209.85
FIS_3592,07.10.2026,20:05,Makarna,15.76,3.0,47.28
FIS_3592,07.10.2026,20:05,Sıvı Yağ (1L),50.73,3.0,152.19
FIS_3592,07.10.2026,20:05,Tavuk Göğsü (kg),165.11,1.0,165.11
FIS_3592,07.10.2026,20:05,Salatalık (kg),23.53,2.0,47.06
FIS_3592,07.10.2026,20:05,Cola 1 LT,45.0,2.0,90.0
FIS_3593,01.10.2026,10:10,Sıvı Yağ (1L),50.77,2.0,101.54
FIS_3593,01.10.2026,10:10,Şeker (1kg),33.82,1.0,33.82
FIS_3593,01.10.2026,10:10,Süt (1L),32.67,1.0,32.67
FIS_3593,01.10.2026,10:10,Makarna,16.24,2.0,32.48
FIS_3594,04.10.2026,08:26,Su 0.5 LT,5.0,2.0,10.0
FIS_3594,04.10.2026,08:26,Cola 1 LT,45.0,3.0,135.0
FIS_3594,04.10.2026,08:26,Çay (500g),96.47,1.0,96.47
FIS_3594,04.10.2026,08:26,Kek,59.0,2.0,118.0
FIS_3594,04.10.2026,08:26,Cola 2.5 LT,55.0,3.0,165.0
FIS_3595,19.05.2026,20:10,Limon Taze (kg),119.95,1.0,119.95
FIS_3595,19.05.2026,20:10,Salatalık (kg),22.69,1.0,22.69
FIS_3595,19.05.2026,20:10,Biber Çarliston (kg),32.95,2.0,65.9
FIS_3595,19.05.2026,20:10,Elma (kg),34.5,1.0,34.5
FIS_3595,19.05.2026,20:10,Domates (kg),29.21,2.0,58.42
FIS_3596,27.02.2026,13:27,Süt (1L),33.51,3.0,100.53
FIS_3596,27.02.2026,13:27,Peynir (500g),115.69,2.0,231.38
FIS_3596,27.02.2026,13:27,Yoğurt (2kg),66.43,2.0,132.86
FIS_3596,27.02.2026,13:27,Çay (500g),91.34,2.0,182.68
FIS_3596,27.02.2026,13:27,Yumurta (15li),54.43,3.0,163.29
FIS_3597,10.12.2026,18:25,Biber Dolmalık (kg),69.95,3.0,209.85
FIS_3597,10.12.2026,18:25,Tavuk Göğsü (kg),160.87,2.0,321.74
FIS_3597,10.12.2026,18:25,Sıvı Yağ (1L),50.59,2.0,101.18
FIS_3597,10.12.2026,18:25,Salatalık (kg),21.47,2.0,42.94
FIS_3597,10.12.2026,18:25,Domates (kg),28.29,1.0,28.29
FIS_3598,03.02.2026,15:00,Salatalık (kg),21.94,3.0,65.82
FIS_3598,03.02.2026,15:00,Tavuk Göğsü (kg),163.45,3.0,490.35
FIS_3598,03.02.2026,15:00,Sıvı Yağ (1L),48.74,1.0,48.74
FIS_3598,03.02.2026,15:00,Makarna,15.75,3.0,47.25
FIS_3598,03.02.2026,15:00,Biber Dolmalık (kg),69.95,1.0,69.95
FIS_3598,03.02.2026,15:00,Domates (kg),27.48,2.0,54.96
FIS_3599,30.09.2026,19:32,Tavuk Göğsü (kg),164.08,3.0,492.24
FIS_3599,30.09.2026,19:32,Sıvı Yağ (1L),46.46,1.0,46.46
FIS_3599,30.09.2026,19:32,Domates (kg),28.66,1.0,28.66
FIS_3599,30.09.2026,19:32,Makarna,15.11,1.0,15.11
FIS_3599,30.09.2026,19:32,Salatalık (kg),21.88,1.0,21.88
FIS_3599,30.09.2026,19:32,Biber Dolmalık (kg),69.95,3.0,209.85
FIS_3600,08.05.2026,13:42,Çay (500g),98.54,2.0,197.08
FIS_3600,08.05.2026,13:42,Süt (1L),31.57,1.0,31.57
FIS_3600,08.05.2026,13:42,Makarna,15.04,2.0,30.08
FIS_3600,08.05.2026,13:42,Şeker (1kg),33.43,3.0,100.29
FIS_3600,08.05.2026,13:42,Sıvı Yağ (1L),46.58,2.0,93.16
FIS_3600,08.05.2026,13:42,Ekmek,13.01,3.0,39.03
FIS_3600,08.05.2026,13:42,Su 0.5 LT,5.0,1.0,5.0
FIS_3601,04.07.2026,22:17,Sıvı Yağ (1L),49.23,1.0,49.23
FIS_3601,04.07.2026,22:17,Süt (1L),33.16,2.0,66.32
FIS_3601,04.07.2026,22:17,Şeker (1kg),32.46,3.0,97.38
FIS_3601,04.07.2026,22:17,Ekmek,11.39,1.0,11.39
FIS_3601,04.07.2026,22:17,Çay (500g),94.66,3.0,283.98
FIS_3602,05.09.2026,22:58,Yüz Temizleme,79.99,3.0,239.97
FIS_3602,05.09.2026,22:58,Diş Macunu,42.94,3.0,128.82
FIS_3602,05.09.2026,22:58,Deodorant,199.9,3.0,599.7
FIS_3602,05.09.2026,22:58,Kil Maskesi,297.9,2.0,595.8
FIS_3603,25.08.2026,21:35,Salatalık (kg),23.26,1.0,23.26
FIS_3603,25.08.2026,21:35,Tavuk Göğsü (kg),169.67,2.0,339.34
FIS_3603,25.08.2026,21:35,Sıvı Yağ (1L),49.1,2.0,98.2
FIS_3603,25.08.2026,21:35,Domates (kg),28.67,2.0,57.34
FIS_3604,07.10.2026,14:39,Yüz Temizleme,79.99,2.0,159.98
FIS_3604,07.10.2026,14:39,Diş Macunu,45.81,1.0,45.81
FIS_3604,07.10.2026,14:39,Kil Maskesi,297.9,3.0,893.7
FIS_3604,07.10.2026,14:39,Deodorant,199.9,2.0,399.8
FIS_3604,07.10.2026,14:39,Bebe Şampuanı,149.9,1.0,149.9
FIS_3604,07.10.2026,14:39,Şampuan,76.67,3.0,230.01
FIS_3605,11.03.2026,19:38,Şampuan,89.87,3.0,269.61
FIS_3605,11.03.2026,19:38,Kil Maskesi,297.9,1.0,297.9
FIS_3605,11.03.2026,19:38,Deodorant,199.9,1.0,199.9
FIS_3605,11.03.2026,19:38,Bebe Şampuanı,149.9,3.0,449.7
FIS_3606,01.02.2026,11:53,Salatalık (kg),22.82,1.0,22.82
FIS_3606,01.02.2026,11:53,Biber Çarliston (kg),32.95,2.0,65.9
FIS_3606,01.02.2026,11:53,Limon Taze (kg),119.95,3.0,359.85
FIS_3606,01.02.2026,11:53,Domates (kg),26.78,2.0,53.56
FIS_3606,01.02.2026,11:53,Elma (kg),34.5,1.0,34.5
FIS_3607,01.11.2026,18:41,Salatalık (kg),22.9,2.0,45.8
FIS_3607,01.11.2026,18:41,Elma (kg),34.5,3.0,103.5
FIS_3607,01.11.2026,18:41,Biber Çarliston (kg),32.95,3.0,98.85
FIS_3607,01.11.2026,18:41,Limon Taze (kg),119.95,2.0,239.9
FIS_3607,01.11.2026,18:41,Domates (kg),27.95,2.0,55.9
FIS_3607,01.11.2026,18:41,Su 0.5 LT,5.0,2.0,10.0
FIS_3608,24.03.2026,08:52,Şeker (1kg),33.86,2.0,67.72
FIS_3608,24.03.2026,08:52,Sıvı Yağ (1L),49.79,1.0,49.79
FIS_3608,24.03.2026,08:52,Çay (500g),92.12,3.0,276.36
FIS_3608,24.03.2026,08:52,Süt (1L),33.5,1.0,33.5
FIS_3608,24.03.2026,08:52,Makarna,15.63,1.0,15.63
FIS_3609,09.07.2026,12:51,Cola 2.5 LT,55.0,2.0,110.0
FIS_3609,09.07.2026,12:51,Çay (500g),92.45,1.0,92.45
FIS_3609,09.07.2026,12:51,Su 0.5 LT,5.0,3.0,15.0
FIS_3609,09.07.2026,12:51,Kek,59.0,1.0,59.0
FIS_3609,09.07.2026,12:51,Cola 1 LT,45.0,1.0,45.0
FIS_3610,31.05.2026,10:48,Sıvı Yağ (1L),46.45,1.0,46.45
FIS_3610,31.05.2026,10:48,Çay (500g),91.31,1.0,91.31
FIS_3610,31.05.2026,10:48,Makarna,15.41,1.0,15.41
FIS_3610,31.05.2026,10:48,Süt (1L),31.28,3.0,93.84
FIS_3610,31.05.2026,10:48,Şeker (1kg),35.07,2.0,70.14
FIS_3610,31.05.2026,10:48,Plastik Poşet,1.0,3.0,3.0
FIS_3611,24.11.2026,14:03,Ekmek,13.96,1.0,13.96
FIS_3611,24.11.2026,14:03,Yoğurt (2kg),63.08,1.0,63.08
FIS_3611,24.11.2026,14:03,Çay (500g),91.94,3.0,275.82
FIS_3611,24.11.2026,14:03,Yumurta (15li),55.99,2.0,111.98
FIS_3611,24.11.2026,14:03,Peynir (500g),114.39,1.0,114.39
FIS_3611,24.11.2026,14:03,Süt (1L),33.89,2.0,67.78
FIS_3612,17.08.2026,10:45,Cola 2.5 LT,55.0,3.0,165.0
FIS_3612,17.08.2026,10:45,Su 0.5 LT,5.0,3.0,15.0
FIS_3612,17.08.2026,10:45,Cola 1 LT,45.0,2.0,90.0
FIS_3612,17.08.2026,10:45,Kek,59.0,2.0,118.0
FIS_3612,17.08.2026,10:45,Çay (500g),93.52,3.0,280.56
FIS_3613,17.07.2026,21:48,Biber Çarliston (kg),32.95,1.0,32.95
FIS_3613,17.07.2026,21:48,Elma (kg),34.5,3.0,103.5
FIS_3613,17.07.2026,21:48,Limon Taze (kg),119.95,1.0,119.95
FIS_3613,17.07.2026,21:48,Domates (kg),28.26,2.0,56.52
FIS_3613,17.07.2026,21:48,Plastik Poşet,1.0,2.0,2.0
FIS_3614,25.01.2026,08:43,Kek,59.0,1.0,59.0
FIS_3614,25.01.2026,08:43,Çay (500g),91.38,1.0,91.38
FIS_3614,25.01.2026,08:43,Cola 2.5 LT,55.0,3.0,165.0
FIS_3614,25.01.2026,08:43,Su 0.5 LT,5.0,2.0,10.0
FIS_3614,25.01.2026,08:43,Cola 1 LT,45.0,3.0,135.0
FIS_3615,09.09.2026,18:39,Kil Maskesi,297.9,1.0,297.9
FIS_3615,09.09.2026,18:39,Bebe Şampuanı,149.9,3.0,449.7
FIS_3615,09.09.2026,18:39,Yüz Temizleme,79.99,3.0,239.97
FIS_3615,09.09.2026,18:39,Şampuan,79.55,1.0,79.55
FIS_3616,01.09.2026,13:45,Süt (1L),31.79,3.0,95.37
FIS_3616,01.09.2026,13:45,Ekmek,12.37,1.0,12.37
FIS_3616,01.09.2026,13:45,Yoğurt (2kg),64.29,1.0,64.29
FIS_3616,01.09.2026,13:45,Yumurta (15li),53.1,3.0,159.3
FIS_3616,01.09.2026,13:45,Peynir (500g),115.06,1.0,115.06
FIS_3616,01.09.2026,13:45,Çay (500g),92.8,1.0,92.8
FIS_3617,19.06.2026,21:14,Deterjan (5kg),183.21,2.0,366.42
FIS_3617,19.06.2026,21:14,Plastik Poşet,1.0,3.0,3.0
FIS_3617,19.06.2026,21:14,Diş Macunu,46.78,2.0,93.56
FIS_3617,19.06.2026,21:14,Deodorant,199.9,1.0,199.9
FIS_3618,23.05.2026,12:16,Deodorant,199.9,3.0,599.7
FIS_3618,23.05.2026,12:16,Bebe Şampuanı,149.9,3.0,449.7
FIS_3618,23.05.2026,12:16,Kil Maskesi,297.9,2.0,595.8
FIS_3618,23.05.2026,12:16,Şampuan,105.61,3.0,316.83
FIS_3618,23.05.2026,12:16,Yüz Temizleme,79.99,3.0,239.97
FIS_3619,18.12.2026,18:48,Çay (500g),99.15,3.0,297.45
FIS_3619,18.12.2026,18:48,Şeker (1kg),34.56,3.0,103.68
FIS_3619,18.12.2026,18:48,Süt (1L),33.28,3.0,99.84
FIS_3619,18.12.2026,18:48,Makarna,15.86,2.0,31.72
FIS_3619,18.12.2026,18:48,Ekmek,13.95,3.0,41.85
FIS_3619,18.12.2026,18:48,Sıvı Yağ (1L),48.58,1.0,48.58
FIS_3620,20.12.2026,17:03,Deodorant,199.9,2.0,399.8
FIS_3620,20.12.2026,17:03,Şampuan,89.64,1.0,89.64
FIS_3620,20.12.2026,17:03,Plastik Poşet,1.0,3.0,3.0
FIS_3620,20.12.2026,17:03,Deterjan (5kg),193.91,3.0,581.73
FIS_3620,20.12.2026,17:03,Diş Macunu,46.08,2.0,92.16
FIS_3621,30.12.2026,12:11,Şampuan,98.95,1.0,98.95
FIS_3621,30.12.2026,12:11,Plastik Poşet,1.0,1.0,1.0
FIS_3621,30.12.2026,12:11,Diş Macunu,47.13,3.0,141.39
FIS_3621,30.12.2026,12:11,Deodorant,199.9,1.0,199.9
FIS_3621,30.12.2026,12:11,Domates (kg),27.89,1.0,27.89
FIS_3622,18.10.2026,11:11,Limon Taze (kg),119.95,1.0,119.95
FIS_3622,18.10.2026,11:11,Salatalık (kg),21.79,1.0,21.79
FIS_3622,18.10.2026,11:11,Domates (kg),26.65,3.0,79.95
FIS_3622,18.10.2026,11:11,Elma (kg),34.5,2.0,69.0
FIS_3622,18.10.2026,11:11,Ekmek,11.46,1.0,11.46
FIS_3623,24.01.2026,22:01,Biber Çarliston (kg),32.95,3.0,98.85
FIS_3623,24.01.2026,22:01,Domates (kg),27.38,3.0,82.14
FIS_3623,24.01.2026,22:01,Limon Taze (kg),119.95,2.0,239.9
FIS_3623,24.01.2026,22:01,Elma (kg),34.5,3.0,103.5
FIS_3623,24.01.2026,22:01,Salatalık (kg),23.47,3.0,70.41
FIS_3623,24.01.2026,22:01,Cola 1 LT,45.0,1.0,45.0
FIS_3624,05.09.2026,12:26,Çay (500g),95.75,3.0,287.25
FIS_3624,05.09.2026,12:26,Süt (1L),33.46,1.0,33.46
FIS_3624,05.09.2026,12:26,Makarna,14.98,3.0,44.94
FIS_3624,05.09.2026,12:26,Sıvı Yağ (1L),49.82,1.0,49.82
FIS_3624,05.09.2026,12:26,Şeker (1kg),33.88,2.0,67.76
FIS_3624,05.09.2026,12:26,Ekmek,13.62,1.0,13.62
FIS_3625,09.07.2026,21:52,Plastik Poşet,1.0,3.0,3.0
FIS_3625,09.07.2026,21:52,Deodorant,199.9,2.0,399.8
FIS_3625,09.07.2026,21:52,Şampuan,75.76,1.0,75.76
FIS_3625,09.07.2026,21:52,Deterjan (5kg),192.43,2.0,384.86
FIS_3625,09.07.2026,21:52,Diş Macunu,46.83,2.0,93.66
FIS_3626,14.02.2026,19:05,Deodorant,199.9,3.0,599.7
FIS_3626,14.02.2026,19:05,Şampuan,84.38,3.0,253.14
FIS_3626,14.02.2026,19:05,Kil Maskesi,297.9,3.0,893.7
FIS_3626,14.02.2026,19:05,Bebe Şampuanı,149.9,2.0,299.8
FIS_3626,14.02.2026,19:05,Çay (500g),97.43,1.0,97.43
FIS_3627,09.08.2026,14:35,Makarna,16.19,3.0,48.57
FIS_3627,09.08.2026,14:35,Domates (kg),27.37,2.0,54.74
FIS_3627,09.08.2026,14:35,Sıvı Yağ (1L),48.79,3.0,146.37
FIS_3627,09.08.2026,14:35,Salatalık (kg),23.37,3.0,70.11
FIS_3627,09.08.2026,14:35,Biber Dolmalık (kg),69.95,3.0,209.85
FIS_3627,09.08.2026,14:35,Biber Çarliston (kg),32.95,3.0,98.85
FIS_3628,25.11.2026,15:50,Elma (kg),34.5,2.0,69.0
FIS_3628,25.11.2026,15:50,Domates (kg),26.68,3.0,80.04
FIS_3628,25.11.2026,15:50,Salatalık (kg),21.93,1.0,21.93
FIS_3628,25.11.2026,15:50,Limon Taze (kg),119.95,1.0,119.95
FIS_3628,25.11.2026,15:50,Cola 1 LT,45.0,3.0,135.0
FIS_3629,03.07.2026,15:54,Yüz Temizleme,79.99,1.0,79.99
FIS_3629,03.07.2026,15:54,Bebe Şampuanı,149.9,3.0,449.7
FIS_3629,03.07.2026,15:54,Diş Macunu,44.39,1.0,44.39
FIS_3629,03.07.2026,15:54,Kil Maskesi,297.9,2.0,595.8
FIS_3629,03.07.2026,15:54,Şampuan,88.88,3.0,266.64
FIS_3629,03.07.2026,15:54,Deodorant,199.9,1.0,199.9
FIS_3630,24.08.2026,15:29,Şampuan,109.48,1.0,109.48
FIS_3630,24.08.2026,15:29,Deodorant,199.9,3.0,599.7
FIS_3630,24.08.2026,15:29,Plastik Poşet,1.0,2.0,2.0
FIS_3630,24.08.2026,15:29,Diş Macunu,43.16,3.0,129.48
FIS_3631,31.10.2026,14:08,Cola 2.5 LT,55.0,1.0,55.0
FIS_3631,31.10.2026,14:08,Çay (500g),97.78,2.0,195.56
FIS_3631,31.10.2026,14:08,Cola 1 LT,45.0,2.0,90.0
FIS_3631,31.10.2026,14:08,Su 0.5 LT,5.0,1.0,5.0
FIS_3631,31.10.2026,14:08,Kek,59.0,3.0,177.0
FIS_3632,27.06.2026,18:18,Deterjan (5kg),178.59,2.0,357.18
FIS_3632,27.06.2026,18:18,Diş Macunu,44.96,1.0,44.96
FIS_3632,27.06.2026,18:18,Şampuan,105.89,1.0,105.89
FIS_3632,27.06.2026,18:18,Plastik Poşet,1.0,1.0,1.0
FIS_3632,27.06.2026,18:18,Deodorant,199.9,2.0,399.8
FIS_3633,23.04.2026,22:45,Diş Macunu,43.99,2.0,87.98
FIS_3633,23.04.2026,22:45,Deterjan (5kg),194.0,3.0,582.0
FIS_3633,23.04.2026,22:45,Şampuan,79.22,3.0,237.66
FIS_3633,23.04.2026,22:45,Deodorant,199.9,3.0,599.7
FIS_3633,23.04.2026,22:45,Plastik Poşet,1.0,2.0,2.0
FIS_3634,03.01.2026,08:05,Cola 2.5 LT,55.0,3.0,165.0
FIS_3634,03.01.2026,08:05,Kek,59.0,2.0,118.0
FIS_3634,03.01.2026,08:05,Su 0.5 LT,5.0,1.0,5.0
FIS_3634,03.01.2026,08:05,Çay (500g),90.9,2.0,181.8
FIS_3634,03.01.2026,08:05,Sıvı Yağ (1L),50.63,3.0,151.89
FIS_3635,24.12.2026,20:03,Süt (1L),34.05,3.0,102.15
FIS_3635,24.12.2026,20:03,Yumurta (15li),51.87,1.0,51.87
FIS_3635,24.12.2026,20:03,Ekmek,11.43,3.0,34.29
FIS_3635,24.12.2026,20:03,Yoğurt (2kg),67.43,3.0,202.29
FIS_3635,24.12.2026,20:03,Cola 1 LT,45.0,2.0,90.0
FIS_3636,28.01.2026,21:36,Tavuk Göğsü (kg),166.5,3.0,499.5
FIS_3636,28.01.2026,21:36,Biber Dolmalık (kg),69.95,2.0,139.9
FIS_3636,28.01.2026,21:36,Sıvı Yağ (1L),47.35,3.0,142.05
FIS_3636,28.01.2026,21:36,Makarna,16.26,3.0,48.78
FIS_3637,14.02.2026,22:32,Limon Taze (kg),119.95,3.0,359.85
FIS_3637,14.02.2026,22:32,Elma (kg),34.5,2.0,69.0
FIS_3637,14.02.2026,22:32,Biber Çarliston (kg),32.95,3.0,98.85
FIS_3637,14.02.2026,22:32,Salatalık (kg),21.88,2.0,43.76
FIS_3637,14.02.2026,22:32,Domates (kg),27.74,3.0,83.22
FIS_3638,12.05.2026,12:30,Sıvı Yağ (1L),46.52,3.0,139.56
FIS_3638,12.05.2026,12:30,Ekmek,12.99,1.0,12.99
FIS_3638,12.05.2026,12:30,Süt (1L),31.79,1.0,31.79
FIS_3638,12.05.2026,12:30,Çay (500g),91.77,3.0,275.31
FIS_3638,12.05.2026,12:30,Plastik Poşet,1.0,2.0,2.0
FIS_3639,24.04.2026,18:11,Yumurta (15li),55.99,1.0,55.99
FIS_3639,24.04.2026,18:11,Peynir (500g),113.17,1.0,113.17
FIS_3639,24.04.2026,18:11,Yoğurt (2kg),64.51,1.0,64.51
FIS_3639,24.04.2026,18:11,Süt (1L),32.26,2.0,64.52
FIS_3639,24.04.2026,18:11,Çay (500g),99.32,2.0,198.64
FIS_3640,20.01.2026,19:27,Çay (500g),98.88,3.0,296.64
FIS_3640,20.01.2026,19:27,Cola 2.5 LT,55.0,2.0,110.0
FIS_3640,20.01.2026,19:27,Kek,59.0,2.0,118.0
FIS_3640,20.01.2026,19:27,Su 0.5 LT,5.0,2.0,10.0
FIS_3641,19.11.2026,21:19,Çay (500g),98.84,3.0,296.52
FIS_3641,19.11.2026,21:19,Cola 1 LT,45.0,2.0,90.0
FIS_3641,19.11.2026,21:19,Cola 2.5 LT,55.0,2.0,110.0
FIS_3641,19.11.2026,21:19,Kek,59.0,2.0,118.0
FIS_3641,19.11.2026,21:19,Sıvı Yağ (1L),50.71,1.0,50.71
FIS_3642,16.04.2026,17:11,Yüz Temizleme,79.99,3.0,239.97
FIS_3642,16.04.2026,17:11,Şampuan,119.52,1.0,119.52
FIS_3642,16.04.2026,17:11,Deodorant,199.9,1.0,199.9
FIS_3642,16.04.2026,17:11,Diş Macunu,46.98,1.0,46.98
FIS_3642,16.04.2026,17:11,Kek,59.0,3.0,177.0
FIS_3643,18.07.2026,09:38,Diş Macunu,45.78,1.0,45.78
FIS_3643,18.07.2026,09:38,Deodorant,199.9,1.0,199.9
FIS_3643,18.07.2026,09:38,Yüz Temizleme,79.99,1.0,79.99
FIS_3643,18.07.2026,09:38,Kil Maskesi,297.9,3.0,893.7
FIS_3644,09.07.2026,22:14,Deterjan (5kg),182.51,1.0,182.51
FIS_3644,09.07.2026,22:14,Şampuan,71.8,2.0,143.6
FIS_3644,09.07.2026,22:14,Plastik Poşet,1.0,3.0,3.0
FIS_3644,09.07.2026,22:14,Diş Macunu,46.84,1.0,46.84
FIS_3644,09.07.2026,22:14,Deodorant,199.9,2.0,399.8
FIS_3645,20.04.2026,21:46,Biber Dolmalık (kg),69.95,2.0,139.9
FIS_3645,20.04.2026,21:46,Makarna,15.13,2.0,30.26
FIS_3645,20.04.2026,21:46,Salatalık (kg),22.95,1.0,22.95
FIS_3645,20.04.2026,21:46,Domates (kg),28.13,3.0,84.39
FIS_3645,20.04.2026,21:46,Sıvı Yağ (1L),46.37,2.0,92.74
FIS_3645,20.04.2026,21:46,Deterjan (5kg),188.86,3.0,566.58
FIS_3646,12.12.2026,13:41,Yoğurt (2kg),63.67,3.0,191.01
FIS_3646,12.12.2026,13:41,Ekmek,12.31,2.0,24.62
FIS_3646,12.12.2026,13:41,Süt (1L),33.4,1.0,33.4
FIS_3646,12.12.2026,13:41,Çay (500g),92.22,3.0,276.66
FIS_3647,02.03.2026,08:17,Deterjan (5kg),188.69,2.0,377.38
FIS_3647,02.03.2026,08:17,Şampuan,74.42,3.0,223.26
FIS_3647,02.03.2026,08:17,Deodorant,199.9,3.0,599.7
FIS_3647,02.03.2026,08:17,Plastik Poşet,1.0,1.0,1.0
FIS_3648,01.12.2026,13:56,Limon Taze (kg),119.95,2.0,239.9
FIS_3648,01.12.2026,13:56,Elma (kg),34.5,2.0,69.0
FIS_3648,01.12.2026,13:56,Salatalık (kg),22.26,1.0,22.26
FIS_3648,01.12.2026,13:56,Domates (kg),26.8,2.0,53.6
FIS_3649,19.10.2026,17:00,Kil Maskesi,297.9,2.0,595.8
FIS_3649,19.10.2026,17:00,Yüz Temizleme,79.99,3.0,239.97
FIS_3649,19.10.2026,17:00,Bebe Şampuanı,149.9,2.0,299.8
FIS_3649,19.10.2026,17:00,Deodorant,199.9,3.0,599.7
FIS_3649,19.10.2026,17:00,Biber Çarliston (kg),32.95,3.0,98.85
FIS_3650,22.04.2026,18:12,Elma (kg),34.5,1.0,34.5
FIS_3650,22.04.2026,18:12,Limon Taze (kg),119.95,1.0,119.95
FIS_3650,22.04.2026,18:12,Domates (kg),27.32,3.0,81.96
FIS_3650,22.04.2026,18:12,Biber Çarliston (kg),32.95,1.0,32.95
FIS_3650,22.04.2026,18:12,Salatalık (kg),21.57,1.0,21.57
FIS_3650,22.04.2026,18:12,Su 0.5 LT,5.0,2.0,10.0
FIS_3651,11.05.2026,10:57,Kek,59.0,3.0,177.0
FIS_3651,11.05.2026,10:57,Cola 1 LT,45.0,1.0,45.0
FIS_3651,11.05.2026,10:57,Cola 2.5 LT,55.0,1.0,55.0
FIS_3651,11.05.2026,10:57,Çay (500g),93.18,1.0,93.18
FIS_3651,11.05.2026,10:57,Yoğurt (2kg),62.28,3.0,186.84
FIS_3652,17.01.2026,17:02,Bebe Şampuanı,149.9,3.0,449.7
FIS_3652,17.01.2026,17:02,Şampuan,115.79,3.0,347.37
FIS_3652,17.01.2026,17:02,Deodorant,199.9,1.0,199.9
FIS_3652,17.01.2026,17:02,Yüz Temizleme,79.99,1.0,79.99
FIS_3652,17.01.2026,17:02,Kil Maskesi,297.9,2.0,595.8
FIS_3653,16.08.2026,11:50,Tavuk Göğsü (kg),158.24,3.0,474.72
FIS_3653,16.08.2026,11:50,Salatalık (kg),23.02,2.0,46.04
FIS_3653,16.08.2026,11:50,Makarna,15.46,2.0,30.92
FIS_3653,16.08.2026,11:50,Domates (kg),26.75,1.0,26.75
FIS_3653,16.08.2026,11:50,Sıvı Yağ (1L),48.13,1.0,48.13
FIS_3653,16.08.2026,11:50,Biber Dolmalık (kg),69.95,3.0,209.85
FIS_3654,14.03.2026,15:23,Deterjan (5kg),188.62,1.0,188.62
FIS_3654,14.03.2026,15:23,Diş Macunu,42.75,2.0,85.5
FIS_3654,14.03.2026,15:23,Şampuan,76.86,2.0,153.72
FIS_3654,14.03.2026,15:23,Deodorant,199.9,1.0,199.9
FIS_3655,09.10.2026,08:11,Biber Dolmalık (kg),69.95,2.0,139.9
FIS_3655,09.10.2026,08:11,Domates (kg),28.99,3.0,86.97
FIS_3655,09.10.2026,08:11,Tavuk Göğsü (kg),162.79,1.0,162.79
FIS_3655,09.10.2026,08:11,Salatalık (kg),22.36,1.0,22.36
FIS_3655,09.10.2026,08:11,Sıvı Yağ (1L),48.53,1.0,48.53
FIS_3656,02.10.2026,13:21,Limon Taze (kg),119.95,3.0,359.85
FIS_3656,02.10.2026,13:21,Elma (kg),34.5,2.0,69.0
FIS_3656,02.10.2026,13:21,Biber Çarliston (kg),32.95,1.0,32.95
FIS_3656,02.10.2026,13:21,Salatalık (kg),22.96,2.0,45.92
FIS_3657,02.05.2026,15:34,Makarna,15.88,1.0,15.88
FIS_3657,02.05.2026,15:34,Süt (1L),33.5,2.0,67.0
FIS_3657,02.05.2026,15:34,Ekmek,11.01,2.0,22.02
FIS_3657,02.05.2026,15:34,Şeker (1kg),35.24,3.0,105.72
FIS_3657,02.05.2026,15:34,Çay (500g),91.24,3.0,273.72
FIS_3657,02.05.2026,15:34,Sıvı Yağ (1L),46.79,3.0,140.37
FIS_3658,02.09.2026,10:00,Süt (1L),31.41,1.0,31.41
FIS_3658,02.09.2026,10:00,Peynir (500g),110.0,1.0,110.0
FIS_3658,02.09.2026,10:00,Yumurta (15li),52.86,2.0,105.72
FIS_3658,02.09.2026,10:00,Çay (500g),99.39,3.0,298.17
FIS_3659,19.04.2026,19:08,Bebe Şampuanı,149.9,3.0,449.7
FIS_3659,19.04.2026,19:08,Şampuan,101.84,1.0,101.84
FIS_3659,19.04.2026,19:08,Yüz Temizleme,79.99,3.0,239.97
FIS_3659,19.04.2026,19:08,Diş Macunu,43.67,1.0,43.67
FIS_3659,19.04.2026,19:08,Deodorant,199.9,3.0,599.7
FIS_3659,19.04.2026,19:08,Kil Maskesi,297.9,1.0,297.9
FIS_3660,09.03.2026,10:45,Kek,59.0,1.0,59.0
FIS_3660,09.03.2026,10:45,Cola 2.5 LT,55.0,2.0,110.0
FIS_3660,09.03.2026,10:45,Çay (500g),93.43,1.0,93.43
FIS_3660,09.03.2026,10:45,Cola 1 LT,45.0,2.0,90.0
FIS_3660,09.03.2026,10:45,Su 0.5 LT,5.0,3.0,15.0
FIS_3660,09.03.2026,10:45,Tavuk Göğsü (kg),172.88,1.0,172.88
FIS_3661,26.06.2026,19:50,Biber Çarliston (kg),32.95,1.0,32.95
FIS_3661,26.06.2026,19:50,Limon Taze (kg),119.95,1.0,119.95
FIS_3661,26.06.2026,19:50,Salatalık (kg),22.9,3.0,68.7
FIS_3661,26.06.2026,19:50,Elma (kg),34.5,3.0,103.5
FIS_3661,26.06.2026,19:50,Domates (kg),26.9,3.0,80.7
FIS_3662,18.12.2026,19:04,Su 0.5 LT,5.0,1.0,5.0
FIS_3662,18.12.2026,19:04,Cola 1 LT,45.0,3.0,135.0
FIS_3662,18.12.2026,19:04,Çay (500g),95.31,2.0,190.62
FIS_3662,18.12.2026,19:04,Kek,59.0,2.0,118.0
FIS_3662,18.12.2026,19:04,Cola 2.5 LT,55.0,1.0,55.0
FIS_3663,18.10.2026,09:51,Ekmek,11.16,3.0,33.48
FIS_3663,18.10.2026,09:51,Sıvı Yağ (1L),50.35,2.0,100.7
FIS_3663,18.10.2026,09:51,Makarna,16.28,2.0,32.56
FIS_3663,18.10.2026,09:51,Çay (500g),94.57,1.0,94.57
FIS_3664,16.07.2026,11:44,Cola 1 LT,45.0,2.0,90.0
FIS_3664,16.07.2026,11:44,Su 0.5 LT,5.0,1.0,5.0
FIS_3664,16.07.2026,11:44,Cola 2.5 LT,55.0,2.0,110.0
FIS_3664,16.07.2026,11:44,Kek,59.0,1.0,59.0
FIS_3664,16.07.2026,11:44,Elma (kg),34.5,3.0,103.5
FIS_3665,07.04.2026,19:14,Elma (kg),34.5,1.0,34.5
FIS_3665,07.04.2026,19:14,Domates (kg),27.87,2.0,55.74
FIS_3665,07.04.2026,19:14,Salatalık (kg),23.33,1.0,23.33
FIS_3665,07.04.2026,19:14,Limon Taze (kg),119.95,1.0,119.95
FIS_3665,07.04.2026,19:14,Biber Çarliston (kg),32.95,2.0,65.9
FIS_3666,07.12.2026,10:58,Şeker (1kg),35.18,3.0,105.54
FIS_3666,07.12.2026,10:58,Makarna,16.35,1.0,16.35
FIS_3666,07.12.2026,10:58,Çay (500g),95.24,2.0,190.48
FIS_3666,07.12.2026,10:58,Süt (1L),33.95,3.0,101.85
FIS_3666,07.12.2026,10:58,Ekmek,13.78,3.0,41.34
FIS_3666,07.12.2026,10:58,Sıvı Yağ (1L),46.6,3.0,139.8
FIS_3667,28.07.2026,10:40,Salatalık (kg),23.16,1.0,23.16
FIS_3667,28.07.2026,10:40,Tavuk Göğsü (kg),168.57,2.0,337.14
FIS_3667,28.07.2026,10:40,Sıvı Yağ (1L),50.65,1.0,50.65
FIS_3667,28.07.2026,10:40,Domates (kg),29.53,3.0,88.59
FIS_3667,28.07.2026,10:40,Makarna,15.06,3.0,45.18
FIS_3667,28.07.2026,10:40,Biber Dolmalık (kg),69.95,1.0,69.95
FIS_3668,14.05.2026,11:52,Peynir (500g),113.59,3.0,340.77
FIS_3668,14.05.2026,11:52,Ekmek,10.72,2.0,21.44
FIS_3668,14.05.2026,11:52,Süt (1L),33.42,2.0,66.84
FIS_3668,14.05.2026,11:52,Yumurta (15li),56.17,3.0,168.51
FIS_3668,14.05.2026,11:52,Yoğurt (2kg),66.13,2.0,132.26
FIS_3668,14.05.2026,11:52,Çay (500g),93.39,2.0,186.78
FIS_3669,25.07.2026,17:45,Bebe Şampuanı,149.9,2.0,299.8
FIS_3669,25.07.2026,17:45,Deodorant,199.9,3.0,599.7
FIS_3669,25.07.2026,17:45,Diş Macunu,45.4,3.0,136.2
FIS_3669,25.07.2026,17:45,Kil Maskesi,297.9,1.0,297.9
FIS_3669,25.07.2026,17:45,Şampuan,92.27,2.0,184.54
FIS_3670,06.03.2026,09:11,Diş Macunu,46.92,2.0,93.84
FIS_3670,06.03.2026,09:11,Deterjan (5kg),185.24,2.0,370.48
FIS_3670,06.03.2026,09:11,Plastik Poşet,1.0,2.0,2.0
FIS_3670,06.03.2026,09:11,Deodorant,199.9,2.0,399.8
FIS_3670,06.03.2026,09:11,Şampuan,109.6,2.0,219.2
FIS_3671,22.10.2026,14:25,Şampuan,84.74,1.0,84.74
FIS_3671,22.10.2026,14:25,Deterjan (5kg),182.7,3.0,548.1
FIS_3671,22.10.2026,14:25,Deodorant,199.9,1.0,199.9
FIS_3671,22.10.2026,14:25,Diş Macunu,43.93,2.0,87.86
FIS_3671,22.10.2026,14:25,Plastik Poşet,1.0,2.0,2.0
FIS_3672,27.01.2026,18:16,Yüz Temizleme,79.99,1.0,79.99
FIS_3672,27.01.2026,18:16,Diş Macunu,44.76,2.0,89.52
FIS_3672,27.01.2026,18:16,Bebe Şampuanı,149.9,2.0,299.8
FIS_3672,27.01.2026,18:16,Şampuan,82.29,3.0,246.87
FIS_3672,27.01.2026,18:16,Kil Maskesi,297.9,1.0,297.9
FIS_3672,27.01.2026,18:16,Deodorant,199.9,3.0,599.7
FIS_3673,04.03.2026,15:33,Süt (1L),32.38,3.0,97.14
FIS_3673,04.03.2026,15:33,Çay (500g),92.93,1.0,92.93
FIS_3673,04.03.2026,15:33,Ekmek,10.46,3.0,31.38
FIS_3673,04.03.2026,15:33,Sıvı Yağ (1L),47.46,1.0,47.46
FIS_3673,04.03.2026,15:33,Makarna,15.65,3.0,46.95
FIS_3674,24.08.2026,12:17,Çay (500g),91.86,3.0,275.58
FIS_3674,24.08.2026,12:17,Sıvı Yağ (1L),50.58,3.0,151.74
FIS_3674,24.08.2026,12:17,Ekmek,9.63,3.0,28.89
FIS_3674,24.08.2026,12:17,Makarna,15.61,2.0,31.22
FIS_3674,24.08.2026,12:17,Süt (1L),33.72,1.0,33.72
FIS_3674,24.08.2026,12:17,Şeker (1kg),33.11,2.0,66.22
FIS_3675,25.08.2026,15:08,Biber Çarliston (kg),32.95,1.0,32.95
FIS_3675,25.08.2026,15:08,Elma (kg),34.5,1.0,34.5
FIS_3675,25.08.2026,15:08,Salatalık (kg),23.43,3.0,70.29
FIS_3675,25.08.2026,15:08,Domates (kg),28.91,1.0,28.91
FIS_3675,25.08.2026,15:08,Limon Taze (kg),119.95,3.0,359.85
FIS_3676,02.02.2026,08:59,Plastik Poşet,1.0,3.0,3.0
FIS_3676,02.02.2026,08:59,Deterjan (5kg),178.35,2.0,356.7
FIS_3676,02.02.2026,08:59,Deodorant,199.9,2.0,399.8
FIS_3676,02.02.2026,08:59,Diş Macunu,45.7,1.0,45.7
FIS_3676,02.02.2026,08:59,Şampuan,77.12,1.0,77.12
FIS_3677,06.11.2026,12:14,Salatalık (kg),21.77,1.0,21.77
FIS_3677,06.11.2026,12:14,Biber Çarliston (kg),32.95,1.0,32.95
FIS_3677,06.11.2026,12:14,Elma (kg),34.5,2.0,69.0
FIS_3677,06.11.2026,12:14,Domates (kg),27.76,1.0,27.76
FIS_3678,23.09.2026,20:25,Tavuk Göğsü (kg),172.59,2.0,345.18
FIS_3678,23.09.2026,20:25,Makarna,16.26,3.0,48.78
FIS_3678,23.09.2026,20:25,Domates (kg),28.85,1.0,28.85
FIS_3678,23.09.2026,20:25,Salatalık (kg),21.73,1.0,21.73
FIS_3678,23.09.2026,20:25,Sıvı Yağ (1L),49.18,2.0,98.36
FIS_3678,23.09.2026,20:25,Biber Dolmalık (kg),69.95,3.0,209.85
FIS_3678,23.09.2026,20:25,Deodorant,199.9,3.0,599.7
FIS_3679,05.11.2026,17:11,Yumurta (15li),51.87,2.0,103.74
FIS_3679,05.11.2026,17:11,Çay (500g),99.25,2.0,198.5
FIS_3679,05.11.2026,17:11,Peynir (500g),113.85,1.0,113.85
FIS_3679,05.11.2026,17:11,Süt (1L),32.71,2.0,65.42
FIS_3679,05.11.2026,17:11,Ekmek,9.72,1.0,9.72
FIS_3679,05.11.2026,17:11,Su 0.5 LT,5.0,2.0,10.0
FIS_3680,03.03.2026,20:32,Süt (1L),32.23,2.0,64.46
FIS_3680,03.03.2026,20:32,Sıvı Yağ (1L),49.21,3.0,147.63
FIS_3680,03.03.2026,20:32,Ekmek,10.52,3.0,31.56
FIS_3680,03.03.2026,20:32,Makarna,16.03,3.0,48.09
FIS_3680,03.03.2026,20:32,Peynir (500g),120.3,3.0,360.9
FIS_3681,15.02.2026,21:31,Kil Maskesi,297.9,1.0,297.9
FIS_3681,15.02.2026,21:31,Deodorant,199.9,1.0,199.9
FIS_3681,15.02.2026,21:31,Yüz Temizleme,79.99,1.0,79.99
FIS_3681,15.02.2026,21:31,Diş Macunu,43.38,1.0,43.38
FIS_3681,15.02.2026,21:31,Bebe Şampuanı,149.9,3.0,449.7
FIS_3681,15.02.2026,21:31,Şampuan,72.1,1.0,72.1
FIS_3681,15.02.2026,21:31,Şeker (1kg),34.87,2.0,69.74
FIS_3682,10.05.2026,10:22,Salatalık (kg),22.23,3.0,66.69
FIS_3682,10.05.2026,10:22,Limon Taze (kg),119.95,2.0,239.9
FIS_3682,10.05.2026,10:22,Elma (kg),34.5,3.0,103.5
FIS_3682,10.05.2026,10:22,Biber Çarliston (kg),32.95,2.0,65.9
FIS_3683,05.05.2026,21:57,Kil Maskesi,297.9,1.0,297.9
FIS_3683,05.05.2026,21:57,Diş Macunu,42.78,3.0,128.34
FIS_3683,05.05.2026,21:57,Şampuan,86.64,3.0,259.92
FIS_3683,05.05.2026,21:57,Deodorant,199.9,1.0,199.9
FIS_3683,05.05.2026,21:57,Bebe Şampuanı,149.9,2.0,299.8
FIS_3683,05.05.2026,21:57,Yüz Temizleme,79.99,3.0,239.97
FIS_3684,06.02.2026,11:49,Su 0.5 LT,5.0,3.0,15.0
FIS_3684,06.02.2026,11:49,Cola 1 LT,45.0,2.0,90.0
FIS_3684,06.02.2026,11:49,Kek,59.0,2.0,118.0
FIS_3684,06.02.2026,11:49,Cola 2.5 LT,55.0,2.0,110.0
FIS_3685,24.01.2026,13:20,Şampuan,106.38,1.0,106.38
FIS_3685,24.01.2026,13:20,Deterjan (5kg),177.43,3.0,532.29
FIS_3685,24.01.2026,13:20,Plastik Poşet,1.0,2.0,2.0
FIS_3685,24.01.2026,13:20,Deodorant,199.9,3.0,599.7
FIS_3686,10.12.2026,09:36,Yüz Temizleme,79.99,1.0,79.99
FIS_3686,10.12.2026,09:36,Diş Macunu,46.36,1.0,46.36
FIS_3686,10.12.2026,09:36,Deodorant,199.9,2.0,399.8
FIS_3686,10.12.2026,09:36,Bebe Şampuanı,149.9,3.0,449.7
FIS_3686,10.12.2026,09:36,Kil Maskesi,297.9,3.0,893.7
FIS_3686,10.12.2026,09:36,Tavuk Göğsü (kg),170.97,2.0,341.94
FIS_3687,19.02.2026,10:46,Diş Macunu,46.1,2.0,92.2
FIS_3687,19.02.2026,10:46,Deodorant,199.9,3.0,599.7
FIS_3687,19.02.2026,10:46,Şampuan,90.94,3.0,272.82
FIS_3687,19.02.2026,10:46,Kil Maskesi,297.9,2.0,595.8
FIS_3688,27.07.2026,08:36,Salatalık (kg),21.91,3.0,65.73
FIS_3688,27.07.2026,08:36,Domates (kg),29.85,1.0,29.85
FIS_3688,27.07.2026,08:36,Biber Çarliston (kg),32.95,3.0,98.85
FIS_3688,27.07.2026,08:36,Limon Taze (kg),119.95,1.0,119.95
FIS_3688,27.07.2026,08:36,Elma (kg),34.5,2.0,69.0
FIS_3689,23.12.2026,17:33,Limon Taze (kg),119.95,3.0,359.85
FIS_3689,23.12.2026,17:33,Biber Çarliston (kg),32.95,1.0,32.95
FIS_3689,23.12.2026,17:33,Salatalık (kg),21.66,1.0,21.66
FIS_3689,23.12.2026,17:33,Domates (kg),28.68,2.0,57.36
FIS_3689,23.12.2026,17:33,Elma (kg),34.5,1.0,34.5
FIS_3690,16.01.2026,16:43,Bebe Şampuanı,149.9,1.0,149.9
FIS_3690,16.01.2026,16:43,Deodorant,199.9,2.0,399.8
FIS_3690,16.01.2026,16:43,Diş Macunu,46.34,2.0,92.68
FIS_3690,16.01.2026,16:43,Şampuan,119.67,3.0,359.01
FIS_3690,16.01.2026,16:43,Yüz Temizleme,79.99,2.0,159.98
FIS_3690,16.01.2026,16:43,Kil Maskesi,297.9,3.0,893.7
FIS_3690,16.01.2026,16:43,Süt (1L),31.15,1.0,31.15
FIS_3691,04.08.2026,16:29,Kek,59.0,2.0,118.0
FIS_3691,04.08.2026,16:29,Su 0.5 LT,5.0,1.0,5.0
FIS_3691,04.08.2026,16:29,Cola 2.5 LT,55.0,1.0,55.0
FIS_3691,04.08.2026,16:29,Çay (500g),93.89,2.0,187.78
FIS_3691,04.08.2026,16:29,Cola 1 LT,45.0,1.0,45.0
FIS_3692,12.05.2026,21:21,Çay (500g),94.66,1.0,94.66
FIS_3692,12.05.2026,21:21,Peynir (500g),116.04,2.0,232.08
FIS_3692,12.05.2026,21:21,Yumurta (15li),56.47,3.0,169.41
FIS_3692,12.05.2026,21:21,Süt (1L),32.32,1.0,32.32
FIS_3693,26.08.2026,15:05,Süt (1L),32.15,2.0,64.3
FIS_3693,26.08.2026,15:05,Yumurta (15li),55.14,1.0,55.14
FIS_3693,26.08.2026,15:05,Peynir (500g),113.52,1.0,113.52
FIS_3693,26.08.2026,15:05,Yoğurt (2kg),62.87,1.0,62.87
FIS_3693,26.08.2026,15:05,Çay (500g),94.59,3.0,283.77
FIS_3693,26.08.2026,15:05,Ekmek,10.44,2.0,20.88
FIS_3694,01.05.2026,09:54,Plastik Poşet,1.0,2.0,2.0
FIS_3694,01.05.2026,09:54,Diş Macunu,43.85,2.0,87.7
FIS_3694,01.05.2026,09:54,Deodorant,199.9,2.0,399.8
FIS_3694,01.05.2026,09:54,Şampuan,107.59,2.0,215.18
FIS_3694,01.05.2026,09:54,Deterjan (5kg),188.88,1.0,188.88
FIS_3695,06.06.2026,17:07,Çay (500g),92.43,2.0,184.86
FIS_3695,06.06.2026,17:07,Cola 2.5 LT,55.0,2.0,110.0
FIS_3695,06.06.2026,17:07,Kek,59.0,3.0,177.0
FIS_3695,06.06.2026,17:07,Su 0.5 LT,5.0,3.0,15.0
FIS_3696,15.10.2026,10:09,Makarna,15.71,1.0,15.71
FIS_3696,15.10.2026,10:09,Salatalık (kg),23.56,3.0,70.68
FIS_3696,15.10.2026,10:09,Sıvı Yağ (1L),50.03,3.0,150.09
FIS_3696,15.10.2026,10:09,Tavuk Göğsü (kg),169.39,3.0,508.17
FIS_3697,26.10.2026,21:59,Şampuan,108.32,2.0,216.64
FIS_3697,26.10.2026,21:59,Plastik Poşet,1.0,3.0,3.0
FIS_3697,26.10.2026,21:59,Deterjan (5kg),179.17,2.0,358.34
FIS_3697,26.10.2026,21:59,Diş Macunu,46.14,2.0,92.28
FIS_3698,17.06.2026,12:57,Şeker (1kg),32.81,1.0,32.81
FIS_3698,17.06.2026,12:57,Süt (1L),31.11,1.0,31.11
FIS_3698,17.06.2026,12:57,Çay (500g),90.75,2.0,181.5
FIS_3698,17.06.2026,12:57,Sıvı Yağ (1L),48.83,2.0,97.66
FIS_3698,17.06.2026,12:57,Makarna,15.57,1.0,15.57
FIS_3698,17.06.2026,12:57,Ekmek,10.18,3.0,30.54
FIS_3699,25.04.2026,17:03,Süt (1L),31.63,2.0,63.26
FIS_3699,25.04.2026,17:03,Şeker (1kg),33.47,2.0,66.94
FIS_3699,25.04.2026,17:03,Ekmek,13.39,3.0,40.17
FIS_3699,25.04.2026,17:03,Sıvı Yağ (1L),49.5,2.0,99.0
FIS_3700,08.04.2026,13:37,Deterjan (5kg),181.44,2.0,362.88
FIS_3700,08.04.2026,13:37,Deodorant,199.9,2.0,399.8
FIS_3700,08.04.2026,13:37,Plastik Poşet,1.0,1.0,1.0
FIS_3700,08.04.2026,13:37,Diş Macunu,43.07,3.0,129.21
FIS_3700,08.04.2026,13:37,Şampuan,98.11,1.0,98.11
FIS_3701,15.04.2026,12:56,Sıvı Yağ (1L),47.06,2.0,94.12
FIS_3701,15.04.2026,12:56,Domates (kg),27.57,2.0,55.14
FIS_3701,15.04.2026,12:56,Makarna,15.6,3.0,46.8
FIS_3701,15.04.2026,12:56,Tavuk Göğsü (kg),158.57,2.0,317.14
FIS_3702,29.04.2026,18:28,Kil Maskesi,297.9,3.0,893.7
FIS_3702,29.04.2026,18:28,Yüz Temizleme,79.99,3.0,239.97
FIS_3702,29.04.2026,18:28,Bebe Şampuanı,149.9,3.0,449.7
FIS_3702,29.04.2026,18:28,Deodorant,199.9,2.0,399.8
FIS_3702,29.04.2026,18:28,Şampuan,107.98,1.0,107.98
FIS_3702,29.04.2026,18:28,Diş Macunu,43.43,3.0,130.29
FIS_3703,15.02.2026,18:42,Kek,59.0,2.0,118.0
FIS_3703,15.02.2026,18:42,Cola 1 LT,45.0,1.0,45.0
FIS_3703,15.02.2026,18:42,Cola 2.5 LT,55.0,2.0,110.0
FIS_3703,15.02.2026,18:42,Çay (500g),99.03,1.0,99.03
FIS_3703,15.02.2026,18:42,Su 0.5 LT,5.0,3.0,15.0
FIS_3704,09.11.2026,12:27,Cola 2.5 LT,55.0,1.0,55.0
FIS_3704,09.11.2026,12:27,Su 0.5 LT,5.0,1.0,5.0
FIS_3704,09.11.2026,12:27,Çay (500g),91.59,2.0,183.18
FIS_3704,09.11.2026,12:27,Cola 1 LT,45.0,1.0,45.0
FIS_3704,09.11.2026,12:27,Kek,59.0,1.0,59.0
FIS_3704,09.11.2026,12:27,Salatalık (kg),21.91,1.0,21.91
FIS_3705,12.04.2026,12:26,Cola 1 LT,45.0,2.0,90.0
FIS_3705,12.04.2026,12:26,Çay (500g),91.66,2.0,183.32
FIS_3705,12.04.2026,12:26,Kek,59.0,2.0,118.0
FIS_3705,12.04.2026,12:26,Cola 2.5 LT,55.0,2.0,110.0
FIS_3705,12.04.2026,12:26,Su 0.5 LT,5.0,3.0,15.0
FIS_3705,12.04.2026,12:26,Ekmek,9.77,2.0,19.54
FIS_3706,25.11.2026,13:13,Peynir (500g),112.41,1.0,112.41
FIS_3706,25.11.2026,13:13,Yoğurt (2kg),62.14,3.0,186.42
FIS_3706,25.11.2026,13:13,Yumurta (15li),52.95,1.0,52.95
FIS_3706,25.11.2026,13:13,Süt (1L),33.94,3.0,101.82
FIS_3707,09.01.2026,09:29,Diş Macunu,43.01,3.0,129.03
FIS_3707,09.01.2026,09:29,Bebe Şampuanı,149.9,2.0,299.8
FIS_3707,09.01.2026,09:29,Deodorant,199.9,3.0,599.7
FIS_3707,09.01.2026,09:29,Şampuan,93.82,1.0,93.82
FIS_3708,01.09.2026,18:40,Deodorant,199.9,2.0,399.8
FIS_3708,01.09.2026,18:40,Bebe Şampuanı,149.9,1.0,149.9
FIS_3708,01.09.2026,18:40,Kil Maskesi,297.9,2.0,595.8
FIS_3708,01.09.2026,18:40,Şampuan,78.79,3.0,236.37
FIS_3708,01.09.2026,18:40,Yüz Temizleme,79.99,1.0,79.99
FIS_3709,23.06.2026,16:55,Peynir (500g),113.24,2.0,226.48
FIS_3709,23.06.2026,16:55,Yumurta (15li),55.35,2.0,110.7
FIS_3709,23.06.2026,16:55,Ekmek,12.71,3.0,38.13
FIS_3709,23.06.2026,16:55,Süt (1L),33.25,1.0,33.25
FIS_3710,07.05.2026,15:15,Kil Maskesi,297.9,1.0,297.9
FIS_3710,07.05.2026,15:15,Yüz Temizleme,79.99,3.0,239.97
FIS_3710,07.05.2026,15:15,Şampuan,73.32,3.0,219.96
FIS_3710,07.05.2026,15:15,Bebe Şampuanı,149.9,3.0,449.7
FIS_3710,07.05.2026,15:15,Ekmek,12.0,3.0,36.0
FIS_3711,11.11.2026,08:42,Ekmek,13.7,3.0,41.1
FIS_3711,11.11.2026,08:42,Çay (500g),91.74,1.0,91.74
FIS_3711,11.11.2026,08:42,Yumurta (15li),54.46,3.0,163.38
FIS_3711,11.11.2026,08:42,Süt (1L),32.92,3.0,98.76
FIS_3711,11.11.2026,08:42,Yoğurt (2kg),64.09,3.0,192.27
FIS_3712,12.06.2026,19:56,Sıvı Yağ (1L),49.7,1.0,49.7
FIS_3712,12.06.2026,19:56,Ekmek,10.51,2.0,21.02
FIS_3712,12.06.2026,19:56,Süt (1L),31.56,1.0,31.56
FIS_3712,12.06.2026,19:56,Makarna,15.53,2.0,31.06
FIS_3712,12.06.2026,19:56,Su 0.5 LT,5.0,1.0,5.0
FIS_3713,12.07.2026,10:24,Bebe Şampuanı,149.9,3.0,449.7
FIS_3713,12.07.2026,10:24,Deodorant,199.9,1.0,199.9
FIS_3713,12.07.2026,10:24,Kil Maskesi,297.9,2.0,595.8
FIS_3713,12.07.2026,10:24,Şampuan,86.0,1.0,86.0
FIS_3713,12.07.2026,10:24,Yüz Temizleme,79.99,3.0,239.97
FIS_3714,13.09.2026,16:38,Domates (kg),28.85,3.0,86.55
FIS_3714,13.09.2026,16:38,Elma (kg),34.5,1.0,34.5
FIS_3714,13.09.2026,16:38,Salatalık (kg),22.74,2.0,45.48
FIS_3714,13.09.2026,16:38,Limon Taze (kg),119.95,3.0,359.85
FIS_3714,13.09.2026,16:38,Biber Çarliston (kg),32.95,2.0,65.9
FIS_3714,13.09.2026,16:38,Plastik Poşet,1.0,1.0,1.0
FIS_3715,23.07.2026,14:40,Diş Macunu,46.85,2.0,93.7
FIS_3715,23.07.2026,14:40,Yüz Temizleme,79.99,1.0,79.99
FIS_3715,23.07.2026,14:40,Deodorant,199.9,2.0,399.8
FIS_3715,23.07.2026,14:40,Bebe Şampuanı,149.9,1.0,149.9
FIS_3715,23.07.2026,14:40,Sıvı Yağ (1L),48.13,2.0,96.26
FIS_3716,28.06.2026,16:05,Domates (kg),26.99,2.0,53.98
FIS_3716,28.06.2026,16:05,Tavuk Göğsü (kg),171.9,2.0,343.8
FIS_3716,28.06.2026,16:05,Salatalık (kg),21.89,1.0,21.89
FIS_3716,28.06.2026,16:05,Sıvı Yağ (1L),48.95,2.0,97.9
FIS_3716,28.06.2026,16:05,Makarna,16.15,3.0,48.45
FIS_3716,28.06.2026,16:05,Biber Dolmalık (kg),69.95,1.0,69.95
FIS_3717,12.08.2026,11:29,Diş Macunu,44.24,2.0,88.48
FIS_3717,12.08.2026,11:29,Kil Maskesi,297.9,1.0,297.9
FIS_3717,12.08.2026,11:29,Bebe Şampuanı,149.9,3.0,449.7
FIS_3717,12.08.2026,11:29,Deodorant,199.9,1.0,199.9
FIS_3717,12.08.2026,11:29,Yüz Temizleme,79.99,1.0,79.99
FIS_3717,12.08.2026,11:29,Şampuan,82.15,3.0,246.45
FIS_3717,12.08.2026,11:29,Cola 1 LT,45.0,1.0,45.0
FIS_3718,23.01.2026,12:36,Salatalık (kg),23.48,1.0,23.48
FIS_3718,23.01.2026,12:36,Domates (kg),29.18,2.0,58.36
FIS_3718,23.01.2026,12:36,Elma (kg),34.5,3.0,103.5
FIS_3718,23.01.2026,12:36,Biber Çarliston (kg),32.95,1.0,32.95
FIS_3718,23.01.2026,12:36,Tavuk Göğsü (kg),168.42,3.0,505.26
FIS_3719,20.03.2026,21:27,Limon Taze (kg),119.95,2.0,239.9
FIS_3719,20.03.2026,21:27,Biber Çarliston (kg),32.95,1.0,32.95
FIS_3719,20.03.2026,21:27,Salatalık (kg),22.26,2.0,44.52
FIS_3719,20.03.2026,21:27,Elma (kg),34.5,3.0,103.5
FIS_3719,20.03.2026,21:27,Domates (kg),26.6,2.0,53.2
FIS_3720,01.04.2026,17:59,Biber Çarliston (kg),32.95,3.0,98.85
FIS_3720,01.04.2026,17:59,Limon Taze (kg),119.95,2.0,239.9
FIS_3720,01.04.2026,17:59,Domates (kg),29.07,3.0,87.21
FIS_3720,01.04.2026,17:59,Salatalık (kg),21.67,2.0,43.34
FIS_3720,01.04.2026,17:59,Elma (kg),34.5,1.0,34.5
FIS_3721,01.06.2026,18:11,Peynir (500g),109.84,1.0,109.84
FIS_3721,01.06.2026,18:11,Çay (500g),95.96,3.0,287.88
FIS_3721,01.06.2026,18:11,Yoğurt (2kg),63.22,1.0,63.22
FIS_3721,01.06.2026,18:11,Ekmek,10.78,2.0,21.56
FIS_3721,01.06.2026,18:11,Yumurta (15li),56.28,3.0,168.84
FIS_3721,01.06.2026,18:11,Süt (1L),33.4,3.0,100.2
FIS_3721,01.06.2026,18:11,Deterjan (5kg),191.72,1.0,191.72
FIS_3722,30.08.2026,21:39,Su 0.5 LT,5.0,1.0,5.0
FIS_3722,30.08.2026,21:39,Kek,59.0,3.0,177.0
FIS_3722,30.08.2026,21:39,Çay (500g),90.54,1.0,90.54
FIS_3722,30.08.2026,21:39,Cola 1 LT,45.0,2.0,90.0
FIS_3723,29.07.2026,08:47,Diş Macunu,45.15,1.0,45.15
FIS_3723,29.07.2026,08:47,Şampuan,97.78,1.0,97.78
FIS_3723,29.07.2026,08:47,Yüz Temizleme,79.99,1.0,79.99
FIS_3723,29.07.2026,08:47,Kil Maskesi,297.9,1.0,297.9
FIS_3723,29.07.2026,08:47,Bebe Şampuanı,149.9,1.0,149.9
FIS_3723,29.07.2026,08:47,Deodorant,199.9,3.0,599.7
FIS_3724,01.05.2026,16:45,Süt (1L),32.75,3.0,98.25
FIS_3724,01.05.2026,16:45,Peynir (500g),110.03,2.0,220.06
FIS_3724,01.05.2026,16:45,Çay (500g),94.0,3.0,282.0
FIS_3724,01.05.2026,16:45,Yumurta (15li),53.66,2.0,107.32
FIS_3724,01.05.2026,16:45,Ekmek,12.91,1.0,12.91
FIS_3725,27.04.2026,10:54,Limon Taze (kg),119.95,1.0,119.95
FIS_3725,27.04.2026,10:54,Biber Çarliston (kg),32.95,3.0,98.85
FIS_3725,27.04.2026,10:54,Elma (kg),34.5,3.0,103.5
FIS_3725,27.04.2026,10:54,Domates (kg),29.78,2.0,59.56
FIS_3725,27.04.2026,10:54,Su 0.5 LT,5.0,2.0,10.0
FIS_3726,23.02.2026,11:27,Domates (kg),29.21,1.0,29.21
FIS_3726,23.02.2026,11:27,Limon Taze (kg),119.95,3.0,359.85
FIS_3726,23.02.2026,11:27,Biber Çarliston (kg),32.95,1.0,32.95
FIS_3726,23.02.2026,11:27,Elma (kg),34.5,3.0,103.5
FIS_3726,23.02.2026,11:27,Salatalık (kg),23.0,1.0,23.0
FIS_3727,28.06.2026,22:11,Çay (500g),98.56,2.0,197.12
FIS_3727,28.06.2026,22:11,Su 0.5 LT,5.0,3.0,15.0
FIS_3727,28.06.2026,22:11,Cola 2.5 LT,55.0,3.0,165.0
FIS_3727,28.06.2026,22:11,Cola 1 LT,45.0,3.0,135.0
FIS_3728,27.03.2026,08:40,Elma (kg),34.5,2.0,69.0
FIS_3728,27.03.2026,08:40,Salatalık (kg),21.66,3.0,64.98
FIS_3728,27.03.2026,08:40,Domates (kg),28.89,2.0,57.78
FIS_3728,27.03.2026,08:40,Limon Taze (kg),119.95,2.0,239.9
FIS_3729,24.10.2026,21:34,Yüz Temizleme,79.99,1.0,79.99
FIS_3729,24.10.2026,21:34,Deodorant,199.9,3.0,599.7
FIS_3729,24.10.2026,21:34,Bebe Şampuanı,149.9,2.0,299.8
FIS_3729,24.10.2026,21:34,Kil Maskesi,297.9,3.0,893.7
FIS_3730,24.07.2026,16:24,Makarna,15.93,3.0,47.79
FIS_3730,24.07.2026,16:24,Şeker (1kg),34.24,1.0,34.24
FIS_3730,24.07.2026,16:24,Ekmek,11.06,1.0,11.06
FIS_3730,24.07.2026,16:24,Sıvı Yağ (1L),49.0,3.0,147.0
FIS_3730,24.07.2026,16:24,Salatalık (kg),22.36,3.0,67.08
FIS_3731,05.01.2026,20:28,Diş Macunu,43.39,3.0,130.17
FIS_3731,05.01.2026,20:28,Yüz Temizleme,79.99,3.0,239.97
FIS_3731,05.01.2026,20:28,Şampuan,119.44,2.0,238.88
FIS_3731,05.01.2026,20:28,Bebe Şampuanı,149.9,2.0,299.8
FIS_3731,05.01.2026,20:28,Deodorant,199.9,2.0,399.8
FIS_3732,06.09.2026,08:35,Süt (1L),33.13,3.0,99.39
FIS_3732,06.09.2026,08:35,Çay (500g),92.96,2.0,185.92
FIS_3732,06.09.2026,08:35,Yumurta (15li),51.81,3.0,155.43
FIS_3732,06.09.2026,08:35,Yoğurt (2kg),63.07,3.0,189.21
FIS_3732,06.09.2026,08:35,Peynir (500g),118.48,2.0,236.96
FIS_3732,06.09.2026,08:35,Ekmek,10.02,2.0,20.04
FIS_3733,05.05.2026,12:53,Cola 2.5 LT,55.0,2.0,110.0
FIS_3733,05.05.2026,12:53,Su 0.5 LT,5.0,3.0,15.0
FIS_3733,05.05.2026,12:53,Kek,59.0,3.0,177.0
FIS_3733,05.05.2026,12:53,Cola 1 LT,45.0,2.0,90.0
FIS_3733,05.05.2026,12:53,Çay (500g),98.37,2.0,196.74
FIS_3733,05.05.2026,12:53,Limon Taze (kg),119.95,1.0,119.95
FIS_3734,17.01.2026,10:25,Tavuk Göğsü (kg),161.23,2.0,322.46
FIS_3734,17.01.2026,10:25,Sıvı Yağ (1L),47.84,1.0,47.84
FIS_3734,17.01.2026,10:25,Makarna,16.17,1.0,16.17
FIS_3734,17.01.2026,10:25,Domates (kg),28.44,3.0,85.32
FIS_3734,17.01.2026,10:25,Biber Dolmalık (kg),69.95,1.0,69.95
FIS_3734,17.01.2026,10:25,Salatalık (kg),23.32,1.0,23.32
FIS_3735,18.06.2026,15:19,Yüz Temizleme,79.99,1.0,79.99
FIS_3735,18.06.2026,15:19,Diş Macunu,43.41,2.0,86.82
FIS_3735,18.06.2026,15:19,Kil Maskesi,297.9,1.0,297.9
FIS_3735,18.06.2026,15:19,Bebe Şampuanı,149.9,1.0,149.9
FIS_3735,18.06.2026,15:19,Şampuan,73.52,2.0,147.04
FIS_3735,18.06.2026,15:19,Deodorant,199.9,3.0,599.7
FIS_3736,26.07.2026,09:37,Şeker (1kg),33.0,2.0,66.0
FIS_3736,26.07.2026,09:37,Süt (1L),34.04,3.0,102.12
FIS_3736,26.07.2026,09:37,Ekmek,13.3,2.0,26.6
FIS_3736,26.07.2026,09:37,Makarna,15.64,3.0,46.92
FIS_3736,26.07.2026,09:37,Çay (500g),90.83,2.0,181.66
FIS_3736,26.07.2026,09:37,Sıvı Yağ (1L),50.49,1.0,50.49
FIS_3736,26.07.2026,09:37,Plastik Poşet,1.0,3.0,3.0
FIS_3737,30.08.2026,10:26,Şampuan,73.6,2.0,147.2
FIS_3737,30.08.2026,10:26,Bebe Şampuanı,149.9,2.0,299.8
FIS_3737,30.08.2026,10:26,Diş Macunu,46.98,2.0,93.96
FIS_3737,30.08.2026,10:26,Kil Maskesi,297.9,3.0,893.7
FIS_3738,23.01.2026,14:30,Deodorant,199.9,1.0,199.9
FIS_3738,23.01.2026,14:30,Plastik Poşet,1.0,2.0,2.0
FIS_3738,23.01.2026,14:30,Şampuan,101.06,2.0,202.12
FIS_3738,23.01.2026,14:30,Deterjan (5kg),191.84,1.0,191.84
FIS_3738,23.01.2026,14:30,Diş Macunu,44.15,2.0,88.3
FIS_3739,02.04.2026,10:54,Makarna,16.0,2.0,32.0
FIS_3739,02.04.2026,10:54,Tavuk Göğsü (kg),169.76,2.0,339.52
FIS_3739,02.04.2026,10:54,Salatalık (kg),22.5,2.0,45.0
FIS_3739,02.04.2026,10:54,Biber Dolmalık (kg),69.95,2.0,139.9
FIS_3739,02.04.2026,10:54,Bebe Şampuanı,149.9,3.0,449.7
FIS_3740,16.06.2026,13:38,Sıvı Yağ (1L),50.75,2.0,101.5
FIS_3740,16.06.2026,13:38,Salatalık (kg),22.14,2.0,44.28
FIS_3740,16.06.2026,13:38,Domates (kg),27.32,1.0,27.32
FIS_3740,16.06.2026,13:38,Tavuk Göğsü (kg),168.27,3.0,504.81
FIS_3740,16.06.2026,13:38,Makarna,15.06,3.0,45.18
FIS_3740,16.06.2026,13:38,Biber Dolmalık (kg),69.95,1.0,69.95
FIS_3740,16.06.2026,13:38,Cola 1 LT,45.0,1.0,45.0
FIS_3741,04.02.2026,22:45,Süt (1L),31.83,3.0,95.49
FIS_3741,04.02.2026,22:45,Çay (500g),95.35,1.0,95.35
FIS_3741,04.02.2026,22:45,Sıvı Yağ (1L),49.08,3.0,147.24
FIS_3741,04.02.2026,22:45,Makarna,15.47,3.0,46.41
FIS_3741,04.02.2026,22:45,Ekmek,10.96,2.0,21.92
FIS_3742,29.03.2026,10:37,Diş Macunu,44.21,2.0,88.42
FIS_3742,29.03.2026,10:37,Deodorant,199.9,2.0,399.8
FIS_3742,29.03.2026,10:37,Bebe Şampuanı,149.9,2.0,299.8
FIS_3742,29.03.2026,10:37,Yüz Temizleme,79.99,3.0,239.97
FIS_3742,29.03.2026,10:37,Kil Maskesi,297.9,1.0,297.9
FIS_3742,29.03.2026,10:37,Süt (1L),32.12,3.0,96.36
FIS_3743,17.02.2026,12:28,Kek,59.0,3.0,177.0
FIS_3743,17.02.2026,12:28,Su 0.5 LT,5.0,3.0,15.0
FIS_3743,17.02.2026,12:28,Cola 1 LT,45.0,2.0,90.0
FIS_3743,17.02.2026,12:28,Cola 2.5 LT,55.0,3.0,165.0
FIS_3743,17.02.2026,12:28,Çay (500g),93.11,3.0,279.33
FIS_3743,17.02.2026,12:28,Salatalık (kg),22.41,2.0,44.82
FIS_3744,29.05.2026,21:57,Domates (kg),26.7,1.0,26.7
FIS_3744,29.05.2026,21:57,Elma (kg),34.5,1.0,34.5
FIS_3744,29.05.2026,21:57,Limon Taze (kg),119.95,1.0,119.95
FIS_3744,29.05.2026,21:57,Salatalık (kg),22.91,1.0,22.91
FIS_3745,26.11.2026,16:58,Biber Çarliston (kg),32.95,3.0,98.85
FIS_3745,26.11.2026,16:58,Domates (kg),26.83,1.0,26.83
FIS_3745,26.11.2026,16:58,Elma (kg),34.5,2.0,69.0
FIS_3745,26.11.2026,16:58,Salatalık (kg),21.84,2.0,43.68
FIS_3746,12.10.2026,14:11,Diş Macunu,44.57,3.0,133.71
FIS_3746,12.10.2026,14:11,Şampuan,81.64,2.0,163.28
FIS_3746,12.10.2026,14:11,Deterjan (5kg),189.24,2.0,378.48
FIS_3746,12.10.2026,14:11,Deodorant,199.9,3.0,599.7
FIS_3747,26.01.2026,09:32,Elma (kg),34.5,3.0,103.5
FIS_3747,26.01.2026,09:32,Biber Çarliston (kg),32.95,3.0,98.85
FIS_3747,26.01.2026,09:32,Limon Taze (kg),119.95,1.0,119.95
FIS_3747,26.01.2026,09:32,Salatalık (kg),22.7,2.0,45.4
FIS_3747,26.01.2026,09:32,Deodorant,199.9,1.0,199.9
FIS_3748,08.06.2026,11:13,Süt (1L),32.89,3.0,98.67
FIS_3748,08.06.2026,11:13,Makarna,15.88,1.0,15.88
FIS_3748,08.06.2026,11:13,Şeker (1kg),34.65,1.0,34.65
FIS_3748,08.06.2026,11:13,Çay (500g),90.8,3.0,272.4
FIS_3748,08.06.2026,11:13,Sıvı Yağ (1L),48.77,2.0,97.54
FIS_3748,08.06.2026,11:13,Deterjan (5kg),180.16,1.0,180.16
FIS_3749,30.09.2026,22:14,Çay (500g),93.02,2.0,186.04
FIS_3749,30.09.2026,22:14,Şeker (1kg),32.93,2.0,65.86
FIS_3749,30.09.2026,22:14,Süt (1L),32.21,3.0,96.63
FIS_3749,30.09.2026,22:14,Ekmek,13.72,3.0,41.16
FIS_3749,30.09.2026,22:14,Makarna,15.43,3.0,46.29
FIS_3749,30.09.2026,22:14,Sıvı Yağ (1L),49.06,2.0,98.12
FIS_3750,26.10.2026,13:28,Salatalık (kg),23.03,3.0,69.09
FIS_3750,26.10.2026,13:28,Sıvı Yağ (1L),46.37,1.0,46.37
FIS_3750,26.10.2026,13:28,Biber Dolmalık (kg),69.95,3.0,209.85
FIS_3750,26.10.2026,13:28,Makarna,15.88,3.0,47.64
FIS_3750,26.10.2026,13:28,Domates (kg),28.38,3.0,85.14
FIS_3750,26.10.2026,13:28,Tavuk Göğsü (kg),171.46,3.0,514.38
FIS_3751,07.02.2026,21:08,Plastik Poşet,1.0,2.0,2.0
FIS_3751,07.02.2026,21:08,Deodorant,199.9,1.0,199.9
FIS_3751,07.02.2026,21:08,Deterjan (5kg),190.34,1.0,190.34
FIS_3751,07.02.2026,21:08,Şampuan,92.01,1.0,92.01
FIS_3752,25.09.2026,14:33,Peynir (500g),113.22,2.0,226.44
FIS_3752,25.09.2026,14:33,Yoğurt (2kg),67.23,1.0,67.23
FIS_3752,25.09.2026,14:33,Ekmek,12.99,3.0,38.97
FIS_3752,25.09.2026,14:33,Çay (500g),92.61,2.0,185.22
FIS_3753,03.10.2026,09:17,Deterjan (5kg),176.88,2.0,353.76
FIS_3753,03.10.2026,09:17,Şampuan,78.48,2.0,156.96
FIS_3753,03.10.2026,09:17,Plastik Poşet,1.0,3.0,3.0
FIS_3753,03.10.2026,09:17,Deodorant,199.9,2.0,399.8
FIS_3754,15.02.2026,18:53,Bebe Şampuanı,149.9,3.0,449.7
FIS_3754,15.02.2026,18:53,Yüz Temizleme,79.99,1.0,79.99
FIS_3754,15.02.2026,18:53,Şampuan,104.08,1.0,104.08
FIS_3754,15.02.2026,18:53,Deodorant,199.9,1.0,199.9
FIS_3754,15.02.2026,18:53,Diş Macunu,43.29,1.0,43.29
FIS_3755,27.10.2026,09:00,Domates (kg),28.01,3.0,84.03
FIS_3755,27.10.2026,09:00,Makarna,15.06,3.0,45.18
FIS_3755,27.10.2026,09:00,Sıvı Yağ (1L),47.69,3.0,143.07
FIS_3755,27.10.2026,09:00,Biber Dolmalık (kg),69.95,3.0,209.85
FIS_3755,27.10.2026,09:00,Tavuk Göğsü (kg),168.52,1.0,168.52
FIS_3755,27.10.2026,09:00,Salatalık (kg),22.03,1.0,22.03
FIS_3756,11.03.2026,12:13,Diş Macunu,43.37,2.0,86.74
FIS_3756,11.03.2026,12:13,Kil Maskesi,297.9,3.0,893.7
FIS_3756,11.03.2026,12:13,Şampuan,88.27,3.0,264.81
FIS_3756,11.03.2026,12:13,Bebe Şampuanı,149.9,3.0,449.7
FIS_3756,11.03.2026,12:13,Deodorant,199.9,2.0,399.8
FIS_3756,11.03.2026,12:13,Sıvı Yağ (1L),47.28,3.0,141.84
FIS_3757,31.01.2026,19:00,Yüz Temizleme,79.99,3.0,239.97
FIS_3757,31.01.2026,19:00,Deodorant,199.9,3.0,599.7
FIS_3757,31.01.2026,19:00,Kil Maskesi,297.9,2.0,595.8
FIS_3757,31.01.2026,19:00,Şampuan,111.25,1.0,111.25
FIS_3757,31.01.2026,19:00,Diş Macunu,45.35,3.0,136.05
FIS_3758,06.04.2026,13:22,Ekmek,9.71,1.0,9.71
FIS_3758,06.04.2026,13:22,Sıvı Yağ (1L),50.13,1.0,50.13
FIS_3758,06.04.2026,13:22,Şeker (1kg),33.93,1.0,33.93
FIS_3758,06.04.2026,13:22,Çay (500g),94.54,1.0,94.54
FIS_3758,06.04.2026,13:22,Yüz Temizleme,79.99,2.0,159.98
FIS_3759,29.11.2026,14:26,Peynir (500g),110.1,3.0,330.3
FIS_3759,29.11.2026,14:26,Yumurta (15li),54.96,1.0,54.96
FIS_3759,29.11.2026,14:26,Yoğurt (2kg),62.06,1.0,62.06
FIS_3759,29.11.2026,14:26,Süt (1L),32.94,3.0,98.82
FIS_3759,29.11.2026,14:26,Ekmek,11.59,2.0,23.18
FIS_3759,29.11.2026,14:26,Diş Macunu,45.57,1.0,45.57
FIS_3760,21.06.2026,16:55,Şeker (1kg),34.18,1.0,34.18
FIS_3760,21.06.2026,16:55,Sıvı Yağ (1L),48.47,1.0,48.47
FIS_3760,21.06.2026,16:55,Çay (500g),90.44,1.0,90.44
FIS_3760,21.06.2026,16:55,Ekmek,11.7,1.0,11.7
FIS_3760,21.06.2026,16:55,Süt (1L),32.31,3.0,96.93
FIS_3760,21.06.2026,16:55,Makarna,16.33,2.0,32.66
FIS_3760,21.06.2026,16:55,Yüz Temizleme,79.99,3.0,239.97
FIS_3761,19.05.2026,15:07,Limon Taze (kg),119.95,1.0,119.95
FIS_3761,19.05.2026,15:07,Elma (kg),34.5,2.0,69.0
FIS_3761,19.05.2026,15:07,Domates (kg),27.46,3.0,82.38
FIS_3761,19.05.2026,15:07,Biber Çarliston (kg),32.95,3.0,98.85
FIS_3762,21.12.2026,22:00,Salatalık (kg),23.31,2.0,46.62
FIS_3762,21.12.2026,22:00,Elma (kg),34.5,3.0,103.5
FIS_3762,21.12.2026,22:00,Biber Çarliston (kg),32.95,2.0,65.9
FIS_3762,21.12.2026,22:00,Limon Taze (kg),119.95,2.0,239.9
FIS_3763,11.03.2026,21:31,Yumurta (15li),56.39,1.0,56.39
FIS_3763,11.03.2026,21:31,Peynir (500g),118.33,2.0,236.66
FIS_3763,11.03.2026,21:31,Ekmek,13.28,2.0,26.56
FIS_3763,11.03.2026,21:31,Yoğurt (2kg),66.77,1.0,66.77
FIS_3763,11.03.2026,21:31,Süt (1L),31.62,1.0,31.62
FIS_3764,30.10.2026,16:48,Limon Taze (kg),119.95,3.0,359.85
FIS_3764,30.10.2026,16:48,Biber Çarliston (kg),32.95,1.0,32.95
FIS_3764,30.10.2026,16:48,Domates (kg),27.31,2.0,54.62
FIS_3764,30.10.2026,16:48,Salatalık (kg),23.07,2.0,46.14
FIS_3765,08.01.2026,21:16,Yoğurt (2kg),67.82,2.0,135.64
FIS_3765,08.01.2026,21:16,Ekmek,10.38,3.0,31.14
FIS_3765,08.01.2026,21:16,Süt (1L),33.71,1.0,33.71
FIS_3765,08.01.2026,21:16,Yumurta (15li),52.38,1.0,52.38
FIS_3766,22.07.2026,10:22,Deterjan (5kg),180.25,1.0,180.25
FIS_3766,22.07.2026,10:22,Diş Macunu,45.47,3.0,136.41
FIS_3766,22.07.2026,10:22,Plastik Poşet,1.0,2.0,2.0
FIS_3766,22.07.2026,10:22,Deodorant,199.9,1.0,199.9
FIS_3767,18.05.2026,20:17,Ekmek,10.23,2.0,20.46
FIS_3767,18.05.2026,20:17,Çay (500g),99.49,1.0,99.49
FIS_3767,18.05.2026,20:17,Yumurta (15li),55.77,3.0,167.31
FIS_3767,18.05.2026,20:17,Yoğurt (2kg),62.32,3.0,186.96
FIS_3768,05.09.2026,19:39,Şampuan,98.47,1.0,98.47
FIS_3768,05.09.2026,19:39,Plastik Poşet,1.0,2.0,2.0
FIS_3768,05.09.2026,19:39,Deodorant,199.9,3.0,599.7
FIS_3768,05.09.2026,19:39,Diş Macunu,44.56,1.0,44.56
FIS_3768,05.09.2026,19:39,Bebe Şampuanı,149.9,1.0,149.9
FIS_3769,11.09.2026,21:19,Süt (1L),33.15,3.0,99.45
FIS_3769,11.09.2026,21:19,Şeker (1kg),33.08,2.0,66.16
FIS_3769,11.09.2026,21:19,Ekmek,9.97,3.0,29.91
FIS_3769,11.09.2026,21:19,Çay (500g),97.94,1.0,97.94
FIS_3770,19.01.2026,11:19,Cola 1 LT,45.0,3.0,135.0
FIS_3770,19.01.2026,11:19,Su 0.5 LT,5.0,1.0,5.0
FIS_3770,19.01.2026,11:19,Çay (500g),97.49,1.0,97.49
FIS_3770,19.01.2026,11:19,Kek,59.0,1.0,59.0
FIS_3770,19.01.2026,11:19,Cola 2.5 LT,55.0,2.0,110.0
FIS_3770,19.01.2026,11:19,Biber Çarliston (kg),32.95,1.0,32.95
FIS_3771,20.10.2026,13:12,Cola 1 LT,45.0,1.0,45.0
FIS_3771,20.10.2026,13:12,Kek,59.0,1.0,59.0
FIS_3771,20.10.2026,13:12,Cola 2.5 LT,55.0,3.0,165.0
FIS_3771,20.10.2026,13:12,Su 0.5 LT,5.0,1.0,5.0
FIS_3772,25.08.2026,11:39,Cola 2.5 LT,55.0,2.0,110.0
FIS_3772,25.08.2026,11:39,Cola 1 LT,45.0,3.0,135.0
FIS_3772,25.08.2026,11:39,Kek,59.0,1.0,59.0
FIS_3772,25.08.2026,11:39,Çay (500g),96.35,2.0,192.7
FIS_3772,25.08.2026,11:39,Ekmek,10.16,1.0,10.16
FIS_3773,13.01.2026,20:52,Diş Macunu,45.18,1.0,45.18
FIS_3773,13.01.2026,20:52,Deodorant,199.9,1.0,199.9
FIS_3773,13.01.2026,20:52,Deterjan (5kg),184.27,2.0,368.54
FIS_3773,13.01.2026,20:52,Şampuan,83.21,1.0,83.21
FIS_3773,13.01.2026,20:52,Plastik Poşet,1.0,1.0,1.0
FIS_3774,26.04.2026,20:19,Şampuan,72.03,2.0,144.06
FIS_3774,26.04.2026,20:19,Diş Macunu,43.56,3.0,130.68
FIS_3774,26.04.2026,20:19,Deterjan (5kg),180.92,1.0,180.92
FIS_3774,26.04.2026,20:19,Deodorant,199.9,3.0,599.7
FIS_3775,07.12.2026,19:01,Elma (kg),34.5,1.0,34.5
FIS_3775,07.12.2026,19:01,Biber Çarliston (kg),32.95,3.0,98.85
FIS_3775,07.12.2026,19:01,Salatalık (kg),22.18,1.0,22.18
FIS_3775,07.12.2026,19:01,Domates (kg),27.34,1.0,27.34
FIS_3775,07.12.2026,19:01,Limon Taze (kg),119.95,1.0,119.95
FIS_3776,30.11.2026,15:38,Çay (500g),95.71,2.0,191.42
FIS_3776,30.11.2026,15:38,Makarna,15.14,1.0,15.14
FIS_3776,30.11.2026,15:38,Ekmek,10.11,1.0,10.11
FIS_3776,30.11.2026,15:38,Şeker (1kg),34.27,1.0,34.27
FIS_3776,30.11.2026,15:38,Sıvı Yağ (1L),47.65,3.0,142.95
FIS_3776,30.11.2026,15:38,Diş Macunu,45.34,1.0,45.34
FIS_3777,29.03.2026,20:27,Elma (kg),34.5,3.0,103.5
FIS_3777,29.03.2026,20:27,Biber Çarliston (kg),32.95,1.0,32.95
FIS_3777,29.03.2026,20:27,Salatalık (kg),21.88,2.0,43.76
FIS_3777,29.03.2026,20:27,Limon Taze (kg),119.95,1.0,119.95
FIS_3777,29.03.2026,20:27,Domates (kg),28.25,2.0,56.5
FIS_3778,09.06.2026,15:16,Yoğurt (2kg),64.96,3.0,194.88
FIS_3778,09.06.2026,15:16,Peynir (500g),118.99,1.0,118.99
FIS_3778,09.06.2026,15:16,Çay (500g),91.14,2.0,182.28
FIS_3778,09.06.2026,15:16,Yumurta (15li),51.65,2.0,103.3
FIS_3778,09.06.2026,15:16,Ekmek,12.08,3.0,36.24
FIS_3778,09.06.2026,15:16,Süt (1L),33.37,1.0,33.37
FIS_3779,21.07.2026,17:46,Diş Macunu,45.02,2.0,90.04
FIS_3779,21.07.2026,17:46,Deodorant,199.9,1.0,199.9
FIS_3779,21.07.2026,17:46,Bebe Şampuanı,149.9,1.0,149.9
FIS_3779,21.07.2026,17:46,Kil Maskesi,297.9,3.0,893.7
FIS_3780,30.07.2026,13:17,Cola 2.5 LT,55.0,3.0,165.0
FIS_3780,30.07.2026,13:17,Cola 1 LT,45.0,3.0,135.0
FIS_3780,30.07.2026,13:17,Su 0.5 LT,5.0,1.0,5.0
FIS_3780,30.07.2026,13:17,Kek,59.0,2.0,118.0
FIS_3781,01.01.2026,22:13,Ekmek,11.21,2.0,22.42
FIS_3781,01.01.2026,22:13,Çay (500g),97.17,2.0,194.34
FIS_3781,01.01.2026,22:13,Makarna,15.68,3.0,47.04
FIS_3781,01.01.2026,22:13,Sıvı Yağ (1L),46.66,1.0,46.66
FIS_3782,02.01.2026,16:33,Domates (kg),26.68,1.0,26.68
FIS_3782,02.01.2026,16:33,Elma (kg),34.5,3.0,103.5
FIS_3782,02.01.2026,16:33,Limon Taze (kg),119.95,1.0,119.95
FIS_3782,02.01.2026,16:33,Salatalık (kg),21.71,2.0,43.42
FIS_3783,14.04.2026,22:29,Bebe Şampuanı,149.9,3.0,449.7
FIS_3783,14.04.2026,22:29,Yüz Temizleme,79.99,1.0,79.99
FIS_3783,14.04.2026,22:29,Kil Maskesi,297.9,3.0,893.7
FIS_3783,14.04.2026,22:29,Deodorant,199.9,2.0,399.8
FIS_3783,14.04.2026,22:29,Şampuan,90.21,1.0,90.21
FIS_3783,14.04.2026,22:29,Diş Macunu,42.98,3.0,128.94
FIS_3783,14.04.2026,22:29,Çay (500g),97.83,3.0,293.49
FIS_3784,21.09.2026,12:43,Sıvı Yağ (1L),50.68,1.0,50.68
FIS_3784,21.09.2026,12:43,Tavuk Göğsü (kg),171.99,3.0,515.97
FIS_3784,21.09.2026,12:43,Makarna,16.35,2.0,32.7
FIS_3784,21.09.2026,12:43,Salatalık (kg),21.61,3.0,64.83
FIS_3785,12.10.2026,18:23,Deodorant,199.9,3.0,599.7
FIS_3785,12.10.2026,18:23,Yüz Temizleme,79.99,2.0,159.98
FIS_3785,12.10.2026,18:23,Diş Macunu,43.66,1.0,43.66
FIS_3785,12.10.2026,18:23,Bebe Şampuanı,149.9,2.0,299.8
FIS_3785,12.10.2026,18:23,Kil Maskesi,297.9,2.0,595.8
FIS_3785,12.10.2026,18:23,Peynir (500g),113.6,3.0,340.8
FIS_3786,07.11.2026,17:16,Deodorant,199.9,3.0,599.7
FIS_3786,07.11.2026,17:16,Plastik Poşet,1.0,1.0,1.0
FIS_3786,07.11.2026,17:16,Şampuan,105.69,3.0,317.07
FIS_3786,07.11.2026,17:16,Deterjan (5kg),192.52,3.0,577.56
FIS_3786,07.11.2026,17:16,Diş Macunu,45.01,1.0,45.01
FIS_3786,07.11.2026,17:16,Salatalık (kg),22.83,3.0,68.49
FIS_3787,17.08.2026,17:59,Ekmek,11.76,1.0,11.76
FIS_3787,17.08.2026,17:59,Süt (1L),32.54,3.0,97.62
FIS_3787,17.08.2026,17:59,Sıvı Yağ (1L),47.68,1.0,47.68
FIS_3787,17.08.2026,17:59,Çay (500g),94.64,2.0,189.28
FIS_3787,17.08.2026,17:59,Şeker (1kg),34.48,1.0,34.48
FIS_3788,30.07.2026,12:10,Sıvı Yağ (1L),50.66,3.0,151.98
FIS_3788,30.07.2026,12:10,Tavuk Göğsü (kg),168.26,1.0,168.26
FIS_3788,30.07.2026,12:10,Makarna,15.83,3.0,47.49
FIS_3788,30.07.2026,12:10,Domates (kg),27.98,1.0,27.98
FIS_3788,30.07.2026,12:10,Biber Dolmalık (kg),69.95,3.0,209.85
FIS_3788,30.07.2026,12:10,Süt (1L),34.03,2.0,68.06
FIS_3789,17.10.2026,08:18,Şampuan,91.18,1.0,91.18
FIS_3789,17.10.2026,08:18,Bebe Şampuanı,149.9,3.0,449.7
FIS_3789,17.10.2026,08:18,Yüz Temizleme,79.99,1.0,79.99
FIS_3789,17.10.2026,08:18,Diş Macunu,44.79,1.0,44.79
FIS_3789,17.10.2026,08:18,Kil Maskesi,297.9,3.0,893.7
FIS_3789,17.10.2026,08:18,Deodorant,199.9,1.0,199.9
FIS_3790,07.03.2026,17:47,Şampuan,84.17,3.0,252.51
FIS_3790,07.03.2026,17:47,Deodorant,199.9,1.0,199.9
FIS_3790,07.03.2026,17:47,Bebe Şampuanı,149.9,2.0,299.8
FIS_3790,07.03.2026,17:47,Kil Maskesi,297.9,2.0,595.8
FIS_3790,07.03.2026,17:47,Yüz Temizleme,79.99,3.0,239.97
FIS_3791,13.05.2026,12:24,Deodorant,199.9,3.0,599.7
FIS_3791,13.05.2026,12:24,Diş Macunu,44.08,1.0,44.08
FIS_3791,13.05.2026,12:24,Yüz Temizleme,79.99,1.0,79.99
FIS_3791,13.05.2026,12:24,Kil Maskesi,297.9,1.0,297.9
FIS_3792,07.07.2026,15:46,Diş Macunu,44.94,2.0,89.88
FIS_3792,07.07.2026,15:46,Deodorant,199.9,1.0,199.9
FIS_3792,07.07.2026,15:46,Kil Maskesi,297.9,1.0,297.9
FIS_3792,07.07.2026,15:46,Şampuan,107.79,1.0,107.79
FIS_3792,07.07.2026,15:46,Bebe Şampuanı,149.9,3.0,449.7
FIS_3792,07.07.2026,15:46,Yüz Temizleme,79.99,2.0,159.98
FIS_3792,07.07.2026,15:46,Cola 1 LT,45.0,1.0,45.0
FIS_3793,18.09.2026,14:54,Kek,59.0,3.0,177.0
FIS_3793,18.09.2026,14:54,Su 0.5 LT,5.0,2.0,10.0
FIS_3793,18.09.2026,14:54,Cola 1 LT,45.0,2.0,90.0
FIS_3793,18.09.2026,14:54,Çay (500g),95.03,2.0,190.06
FIS_3793,18.09.2026,14:54,Cola 2.5 LT,55.0,2.0,110.0
FIS_3794,31.08.2026,15:53,Peynir (500g),118.53,2.0,237.06
FIS_3794,31.08.2026,15:53,Süt (1L),32.55,2.0,65.1
FIS_3794,31.08.2026,15:53,Ekmek,13.97,1.0,13.97
FIS_3794,31.08.2026,15:53,Yumurta (15li),52.07,2.0,104.14
FIS_3794,31.08.2026,15:53,Çay (500g),98.27,1.0,98.27
FIS_3794,31.08.2026,15:53,Yoğurt (2kg),63.79,2.0,127.58
FIS_3794,31.08.2026,15:53,Cola 1 LT,45.0,3.0,135.0
FIS_3795,13.07.2026,16:09,Ekmek,12.89,1.0,12.89
FIS_3795,13.07.2026,16:09,Yumurta (15li),53.27,3.0,159.81
FIS_3795,13.07.2026,16:09,Çay (500g),97.55,1.0,97.55
FIS_3795,13.07.2026,16:09,Peynir (500g),120.4,3.0,361.2
FIS_3796,20.12.2026,12:51,Deterjan (5kg),185.94,1.0,185.94
FIS_3796,20.12.2026,12:51,Plastik Poşet,1.0,2.0,2.0
FIS_3796,20.12.2026,12:51,Diş Macunu,43.86,3.0,131.58
FIS_3796,20.12.2026,12:51,Şampuan,92.18,2.0,184.36
FIS_3797,26.04.2026,13:43,Limon Taze (kg),119.95,1.0,119.95
FIS_3797,26.04.2026,13:43,Salatalık (kg),23.57,2.0,47.14
FIS_3797,26.04.2026,13:43,Elma (kg),34.5,1.0,34.5
FIS_3797,26.04.2026,13:43,Domates (kg),27.75,1.0,27.75
FIS_3797,26.04.2026,13:43,Biber Çarliston (kg),32.95,1.0,32.95
FIS_3798,04.04.2026,09:10,Şeker (1kg),34.71,1.0,34.71
FIS_3798,04.04.2026,09:10,Süt (1L),31.96,3.0,95.88
FIS_3798,04.04.2026,09:10,Çay (500g),99.06,2.0,198.12
FIS_3798,04.04.2026,09:10,Ekmek,9.54,1.0,9.54
FIS_3798,04.04.2026,09:10,Sıvı Yağ (1L),48.5,1.0,48.5
FIS_3799,25.11.2026,21:32,Cola 1 LT,45.0,3.0,135.0
FIS_3799,25.11.2026,21:32,Cola 2.5 LT,55.0,3.0,165.0
FIS_3799,25.11.2026,21:32,Çay (500g),96.06,1.0,96.06
FIS_3799,25.11.2026,21:32,Kek,59.0,2.0,118.0
FIS_3800,17.01.2026,08:13,Deterjan (5kg),184.49,3.0,553.47
FIS_3800,17.01.2026,08:13,Şampuan,98.31,1.0,98.31
FIS_3800,17.01.2026,08:13,Plastik Poşet,1.0,1.0,1.0
FIS_3800,17.01.2026,08:13,Deodorant,199.9,2.0,399.8
FIS_3800,17.01.2026,08:13,Diş Macunu,46.68,1.0,46.68
FIS_3801,01.07.2026,18:45,Limon Taze (kg),119.95,3.0,359.85
FIS_3801,01.07.2026,18:45,Elma (kg),34.5,2.0,69.0
FIS_3801,01.07.2026,18:45,Domates (kg),29.64,3.0,88.92
FIS_3801,01.07.2026,18:45,Salatalık (kg),21.67,1.0,21.67
FIS_3802,13.08.2026,13:14,Deterjan (5kg),188.28,2.0,376.56
FIS_3802,13.08.2026,13:14,Plastik Poşet,1.0,1.0,1.0
FIS_3802,13.08.2026,13:14,Şampuan,94.26,2.0,188.52
FIS_3802,13.08.2026,13:14,Deodorant,199.9,1.0,199.9
FIS_3803,27.04.2026,15:07,Su 0.5 LT,5.0,1.0,5.0
FIS_3803,27.04.2026,15:07,Cola 1 LT,45.0,1.0,45.0
FIS_3803,27.04.2026,15:07,Kek,59.0,3.0,177.0
FIS_3803,27.04.2026,15:07,Çay (500g),96.16,2.0,192.32
FIS_3804,09.05.2026,15:31,Makarna,15.03,2.0,30.06
FIS_3804,09.05.2026,15:31,Süt (1L),32.74,1.0,32.74
FIS_3804,09.05.2026,15:31,Sıvı Yağ (1L),50.42,1.0,50.42
FIS_3804,09.05.2026,15:31,Çay (500g),92.03,2.0,184.06
FIS_3805,08.10.2026,08:43,Yüz Temizleme,79.99,1.0,79.99
FIS_3805,08.10.2026,08:43,Deodorant,199.9,2.0,399.8
FIS_3805,08.10.2026,08:43,Bebe Şampuanı,149.9,1.0,149.9
FIS_3805,08.10.2026,08:43,Diş Macunu,47.07,1.0,47.07
FIS_3805,08.10.2026,08:43,Şampuan,90.32,1.0,90.32
FIS_3805,08.10.2026,08:43,Kil Maskesi,297.9,2.0,595.8
FIS_3806,05.11.2026,18:48,Su 0.5 LT,5.0,3.0,15.0
FIS_3806,05.11.2026,18:48,Kek,59.0,1.0,59.0
FIS_3806,05.11.2026,18:48,Cola 2.5 LT,55.0,2.0,110.0
FIS_3806,05.11.2026,18:48,Çay (500g),96.74,1.0,96.74
FIS_3806,05.11.2026,18:48,Cola 1 LT,45.0,1.0,45.0
FIS_3807,01.03.2026,21:26,Deodorant,199.9,2.0,399.8
FIS_3807,01.03.2026,21:26,Deterjan (5kg),176.87,3.0,530.61
FIS_3807,01.03.2026,21:26,Plastik Poşet,1.0,2.0,2.0
FIS_3807,01.03.2026,21:26,Şampuan,114.78,1.0,114.78
FIS_3808,25.05.2026,21:13,Bebe Şampuanı,149.9,1.0,149.9
FIS_3808,25.05.2026,21:13,Şampuan,82.02,1.0,82.02
FIS_3808,25.05.2026,21:13,Diş Macunu,44.09,1.0,44.09
FIS_3808,25.05.2026,21:13,Deodorant,199.9,3.0,599.7
FIS_3808,25.05.2026,21:13,Yüz Temizleme,79.99,1.0,79.99
FIS_3808,25.05.2026,21:13,Kil Maskesi,297.9,2.0,595.8
FIS_3809,28.04.2026,08:09,Ekmek,12.72,2.0,25.44
FIS_3809,28.04.2026,08:09,Çay (500g),96.75,2.0,193.5
FIS_3809,28.04.2026,08:09,Süt (1L),33.21,1.0,33.21
FIS_3809,28.04.2026,08:09,Yumurta (15li),52.62,3.0,157.86
FIS_3809,28.04.2026,08:09,Peynir (500g),119.17,1.0,119.17
FIS_3810,08.06.2026,16:05,Yumurta (15li),53.6,1.0,53.6
FIS_3810,08.06.2026,16:05,Ekmek,11.72,3.0,35.16
FIS_3810,08.06.2026,16:05,Süt (1L),33.45,1.0,33.45
FIS_3810,08.06.2026,16:05,Peynir (500g),112.98,1.0,112.98
FIS_3811,10.10.2026,13:20,Diş Macunu,44.22,1.0,44.22
FIS_3811,10.10.2026,13:20,Yüz Temizleme,79.99,3.0,239.97
FIS_3811,10.10.2026,13:20,Şampuan,89.41,3.0,268.23
FIS_3811,10.10.2026,13:20,Bebe Şampuanı,149.9,1.0,149.9
FIS_3812,24.06.2026,13:16,Biber Dolmalık (kg),69.95,2.0,139.9
FIS_3812,24.06.2026,13:16,Tavuk Göğsü (kg),169.66,2.0,339.32
FIS_3812,24.06.2026,13:16,Sıvı Yağ (1L),49.75,2.0,99.5
FIS_3812,24.06.2026,13:16,Makarna,16.17,2.0,32.34
FIS_3812,24.06.2026,13:16,Salatalık (kg),23.1,2.0,46.2
FIS_3813,14.03.2026,08:22,Ekmek,11.6,2.0,23.2
FIS_3813,14.03.2026,08:22,Yoğurt (2kg),64.28,2.0,128.56
FIS_3813,14.03.2026,08:22,Çay (500g),97.27,2.0,194.54
FIS_3813,14.03.2026,08:22,Süt (1L),32.65,3.0,97.95
FIS_3813,14.03.2026,08:22,Yumurta (15li),55.32,2.0,110.64
FIS_3814,07.12.2026,19:03,Sıvı Yağ (1L),49.83,2.0,99.66
FIS_3814,07.12.2026,19:03,Salatalık (kg),22.06,1.0,22.06
FIS_3814,07.12.2026,19:03,Makarna,16.28,3.0,48.84
FIS_3814,07.12.2026,19:03,Tavuk Göğsü (kg),170.64,3.0,511.92
FIS_3815,24.08.2026,18:11,Cola 2.5 LT,55.0,3.0,165.0
FIS_3815,24.08.2026,18:11,Çay (500g),94.05,1.0,94.05
FIS_3815,24.08.2026,18:11,Su 0.5 LT,5.0,1.0,5.0
FIS_3815,24.08.2026,18:11,Kek,59.0,2.0,118.0
FIS_3816,24.01.2026,15:26,Cola 2.5 LT,55.0,2.0,110.0
FIS_3816,24.01.2026,15:26,Cola 1 LT,45.0,3.0,135.0
FIS_3816,24.01.2026,15:26,Çay (500g),99.21,2.0,198.42
FIS_3816,24.01.2026,15:26,Kek,59.0,3.0,177.0
FIS_3816,24.01.2026,15:26,Su 0.5 LT,5.0,3.0,15.0
FIS_3816,24.01.2026,15:26,Yoğurt (2kg),62.64,3.0,187.92
FIS_3817,09.08.2026,19:32,Makarna,15.78,3.0,47.34
FIS_3817,09.08.2026,19:32,Ekmek,13.97,3.0,41.91
FIS_3817,09.08.2026,19:32,Sıvı Yağ (1L),49.37,1.0,49.37
FIS_3817,09.08.2026,19:32,Şeker (1kg),32.56,2.0,65.12
FIS_3817,09.08.2026,19:32,Çay (500g),97.5,1.0,97.5
FIS_3818,13.05.2026,08:22,Çay (500g),99.12,2.0,198.24
FIS_3818,13.05.2026,08:22,Makarna,15.9,2.0,31.8
FIS_3818,13.05.2026,08:22,Süt (1L),32.33,2.0,64.66
FIS_3818,13.05.2026,08:22,Sıvı Yağ (1L),49.83,2.0,99.66
FIS_3818,13.05.2026,08:22,Cola 1 LT,45.0,3.0,135.0
FIS_3819,14.06.2026,14:28,Çay (500g),95.73,1.0,95.73
FIS_3819,14.06.2026,14:28,Süt (1L),31.74,3.0,95.22
FIS_3819,14.06.2026,14:28,Yoğurt (2kg),63.49,1.0,63.49
FIS_3819,14.06.2026,14:28,Peynir (500g),114.77,2.0,229.54
FIS_3819,14.06.2026,14:28,Yumurta (15li),55.3,1.0,55.3
FIS_3819,14.06.2026,14:28,Ekmek,11.56,1.0,11.56
FIS_3819,14.06.2026,14:28,Cola 1 LT,45.0,3.0,135.0
FIS_3820,01.04.2026,10:41,Tavuk Göğsü (kg),164.81,3.0,494.43
FIS_3820,01.04.2026,10:41,Biber Dolmalık (kg),69.95,2.0,139.9
FIS_3820,01.04.2026,10:41,Makarna,15.14,1.0,15.14
FIS_3820,01.04.2026,10:41,Domates (kg),26.79,2.0,53.58
FIS_3820,01.04.2026,10:41,Salatalık (kg),21.75,3.0,65.25
FIS_3821,10.07.2026,09:18,Plastik Poşet,1.0,3.0,3.0
FIS_3821,10.07.2026,09:18,Şampuan,71.66,3.0,214.98
FIS_3821,10.07.2026,09:18,Deterjan (5kg),191.55,1.0,191.55
FIS_3821,10.07.2026,09:18,Deodorant,199.9,1.0,199.9
FIS_3821,10.07.2026,09:18,Diş Macunu,46.07,3.0,138.21
FIS_3822,09.10.2026,08:06,Deodorant,199.9,2.0,399.8
FIS_3822,09.10.2026,08:06,Diş Macunu,44.82,1.0,44.82
FIS_3822,09.10.2026,08:06,Şampuan,116.18,1.0,116.18
FIS_3822,09.10.2026,08:06,Deterjan (5kg),183.28,1.0,183.28
FIS_3822,09.10.2026,08:06,Domates (kg),28.07,1.0,28.07
FIS_3823,25.06.2026,18:00,Süt (1L),31.56,2.0,63.12
FIS_3823,25.06.2026,18:00,Peynir (500g),113.62,1.0,113.62
FIS_3823,25.06.2026,18:00,Yoğurt (2kg),67.26,2.0,134.52
FIS_3823,25.06.2026,18:00,Ekmek,10.24,2.0,20.48
FIS_3823,25.06.2026,18:00,Çay (500g),97.52,2.0,195.04
FIS_3824,04.05.2026,22:35,Peynir (500g),116.35,3.0,349.05
FIS_3824,04.05.2026,22:35,Süt (1L),33.54,3.0,100.62
FIS_3824,04.05.2026,22:35,Ekmek,10.98,3.0,32.94
FIS_3824,04.05.2026,22:35,Yumurta (15li),54.55,3.0,163.65
FIS_3824,04.05.2026,22:35,Yoğurt (2kg),65.68,1.0,65.68
FIS_3824,04.05.2026,22:35,Çay (500g),94.59,1.0,94.59
FIS_3824,04.05.2026,22:35,Salatalık (kg),23.57,2.0,47.14
FIS_3825,03.04.2026,16:55,Süt (1L),34.03,3.0,102.09
FIS_3825,03.04.2026,16:55,Ekmek,13.18,1.0,13.18
FIS_3825,03.04.2026,16:55,Çay (500g),91.51,2.0,183.02
FIS_3825,03.04.2026,16:55,Yoğurt (2kg),66.4,2.0,132.8
FIS_3825,03.04.2026,16:55,Yumurta (15li),53.47,2.0,106.94
FIS_3826,29.03.2026,15:55,Biber Dolmalık (kg),69.95,2.0,139.9
FIS_3826,29.03.2026,15:55,Salatalık (kg),21.46,3.0,64.38
FIS_3826,29.03.2026,15:55,Makarna,14.97,3.0,44.91
FIS_3826,29.03.2026,15:55,Tavuk Göğsü (kg),163.91,1.0,163.91
FIS_3826,29.03.2026,15:55,Domates (kg),27.98,2.0,55.96
FIS_3826,29.03.2026,15:55,Sıvı Yağ (1L),50.87,2.0,101.74
FIS_3827,12.01.2026,10:02,Domates (kg),29.58,2.0,59.16
FIS_3827,12.01.2026,10:02,Salatalık (kg),23.33,1.0,23.33
FIS_3827,12.01.2026,10:02,Elma (kg),34.5,2.0,69.0
FIS_3827,12.01.2026,10:02,Limon Taze (kg),119.95,3.0,359.85
FIS_3827,12.01.2026,10:02,Ekmek,13.61,3.0,40.83
FIS_3828,26.04.2026,10:57,Domates (kg),27.41,1.0,27.41
FIS_3828,26.04.2026,10:57,Biber Dolmalık (kg),69.95,2.0,139.9
FIS_3828,26.04.2026,10:57,Makarna,16.38,2.0,32.76
FIS_3828,26.04.2026,10:57,Tavuk Göğsü (kg),162.43,1.0,162.43
FIS_3828,26.04.2026,10:57,Salatalık (kg),21.66,3.0,64.98
FIS_3829,26.04.2026,13:18,Şampuan,81.42,1.0,81.42
FIS_3829,26.04.2026,13:18,Deodorant,199.9,1.0,199.9
FIS_3829,26.04.2026,13:18,Diş Macunu,43.61,1.0,43.61
FIS_3829,26.04.2026,13:18,Plastik Poşet,1.0,1.0,1.0
FIS_3830,21.07.2026,22:10,Salatalık (kg),23.02,3.0,69.06
FIS_3830,21.07.2026,22:10,Domates (kg),27.36,1.0,27.36
FIS_3830,21.07.2026,22:10,Elma (kg),34.5,2.0,69.0
FIS_3830,21.07.2026,22:10,Biber Çarliston (kg),32.95,1.0,32.95
FIS_3830,21.07.2026,22:10,Limon Taze (kg),119.95,3.0,359.85
FIS_3831,30.01.2026,15:49,Diş Macunu,43.63,2.0,87.26
FIS_3831,30.01.2026,15:49,Şampuan,93.68,3.0,281.04
FIS_3831,30.01.2026,15:49,Deterjan (5kg),182.77,1.0,182.77
FIS_3831,30.01.2026,15:49,Plastik Poşet,1.0,1.0,1.0
FIS_3831,30.01.2026,15:49,Deodorant,199.9,3.0,599.7
FIS_3831,30.01.2026,15:49,Su 0.5 LT,5.0,2.0,10.0
FIS_3832,25.11.2026,09:36,Salatalık (kg),22.94,1.0,22.94
FIS_3832,25.11.2026,09:36,Makarna,15.72,1.0,15.72
FIS_3832,25.11.2026,09:36,Tavuk Göğsü (kg),168.61,1.0,168.61
FIS_3832,25.11.2026,09:36,Biber Dolmalık (kg),69.95,2.0,139.9
FIS_3832,25.11.2026,09:36,Sıvı Yağ (1L),48.39,1.0,48.39
FIS_3832,25.11.2026,09:36,Cola 1 LT,45.0,3.0,135.0
FIS_3833,19.11.2026,22:25,Deterjan (5kg),176.51,3.0,529.53
FIS_3833,19.11.2026,22:25,Şampuan,100.18,3.0,300.54
FIS_3833,19.11.2026,22:25,Diş Macunu,46.05,3.0,138.15
FIS_3833,19.11.2026,22:25,Plastik Poşet,1.0,2.0,2.0
FIS_3833,19.11.2026,22:25,Deodorant,199.9,2.0,399.8
FIS_3833,19.11.2026,22:25,Süt (1L),31.18,1.0,31.18
FIS_3834,28.12.2026,09:04,Diş Macunu,46.18,1.0,46.18
FIS_3834,28.12.2026,09:04,Plastik Poşet,1.0,1.0,1.0
FIS_3834,28.12.2026,09:04,Deterjan (5kg),181.46,3.0,544.38
FIS_3834,28.12.2026,09:04,Şampuan,112.27,3.0,336.81
FIS_3834,28.12.2026,09:04,Biber Dolmalık (kg),69.95,2.0,139.9
FIS_3835,30.10.2026,15:40,Sıvı Yağ (1L),46.86,1.0,46.86
FIS_3835,30.10.2026,15:40,Makarna,15.75,1.0,15.75
FIS_3835,30.10.2026,15:40,Domates (kg),28.94,2.0,57.88
FIS_3835,30.10.2026,15:40,Biber Dolmalık (kg),69.95,3.0,209.85
FIS_3835,30.10.2026,15:40,Salatalık (kg),22.11,3.0,66.33
FIS_3836,26.02.2026,17:11,Deodorant,199.9,1.0,199.9
FIS_3836,26.02.2026,17:11,Yüz Temizleme,79.99,1.0,79.99
FIS_3836,26.02.2026,17:11,Kil Maskesi,297.9,3.0,893.7
FIS_3836,26.02.2026,17:11,Diş Macunu,45.37,3.0,136.11
FIS_3836,26.02.2026,17:11,Su 0.5 LT,5.0,1.0,5.0
FIS_3837,03.07.2026,21:39,Yumurta (15li),54.72,2.0,109.44
FIS_3837,03.07.2026,21:39,Çay (500g),97.09,3.0,291.27
FIS_3837,03.07.2026,21:39,Yoğurt (2kg),63.06,3.0,189.18
FIS_3837,03.07.2026,21:39,Peynir (500g),115.5,2.0,231.0
FIS_3837,03.07.2026,21:39,Elma (kg),34.5,3.0,103.5
FIS_3838,02.09.2026,10:25,Ekmek,12.47,1.0,12.47
FIS_3838,02.09.2026,10:25,Makarna,15.54,1.0,15.54
FIS_3838,02.09.2026,10:25,Şeker (1kg),35.22,3.0,105.66
FIS_3838,02.09.2026,10:25,Süt (1L),33.72,3.0,101.16
FIS_3839,11.07.2026,09:50,Salatalık (kg),21.81,3.0,65.43
FIS_3839,11.07.2026,09:50,Limon Taze (kg),119.95,3.0,359.85
FIS_3839,11.07.2026,09:50,Domates (kg),27.94,2.0,55.88
FIS_3839,11.07.2026,09:50,Elma (kg),34.5,3.0,103.5
FIS_3839,11.07.2026,09:50,Biber Çarliston (kg),32.95,3.0,98.85
FIS_3839,11.07.2026,09:50,Süt (1L),33.36,1.0,33.36
FIS_3840,27.11.2026,08:05,Süt (1L),32.84,1.0,32.84
FIS_3840,27.11.2026,08:05,Çay (500g),95.9,3.0,287.7
FIS_3840,27.11.2026,08:05,Şeker (1kg),33.75,1.0,33.75
FIS_3840,27.11.2026,08:05,Ekmek,13.25,2.0,26.5
FIS_3840,27.11.2026,08:05,Salatalık (kg),21.5,2.0,43.0
FIS_3841,24.07.2026,08:16,Ekmek,12.42,1.0,12.42
FIS_3841,24.07.2026,08:16,Makarna,16.09,3.0,48.27
FIS_3841,24.07.2026,08:16,Şeker (1kg),32.62,3.0,97.86
FIS_3841,24.07.2026,08:16,Süt (1L),33.36,3.0,100.08
FIS_3841,24.07.2026,08:16,Çay (500g),92.37,2.0,184.74
FIS_3841,24.07.2026,08:16,Kek,59.0,3.0,177.0
FIS_3842,14.11.2026,10:08,Sıvı Yağ (1L),46.35,1.0,46.35
FIS_3842,14.11.2026,10:08,Tavuk Göğsü (kg),172.03,1.0,172.03
FIS_3842,14.11.2026,10:08,Makarna,15.69,3.0,47.07
FIS_3842,14.11.2026,10:08,Salatalık (kg),21.49,2.0,42.98
FIS_3842,14.11.2026,10:08,Biber Dolmalık (kg),69.95,1.0,69.95
FIS_3842,14.11.2026,10:08,Yoğurt (2kg),67.7,3.0,203.1
FIS_3843,03.08.2026,21:53,Çay (500g),96.89,2.0,193.78
FIS_3843,03.08.2026,21:53,Peynir (500g),109.44,3.0,328.32
FIS_3843,03.08.2026,21:53,Yoğurt (2kg),63.91,2.0,127.82
FIS_3843,03.08.2026,21:53,Süt (1L),31.53,2.0,63.06
FIS_3843,03.08.2026,21:53,Ekmek,11.42,2.0,22.84
FIS_3844,06.08.2026,18:09,Çay (500g),91.41,3.0,274.23
FIS_3844,06.08.2026,18:09,Ekmek,13.72,3.0,41.16
FIS_3844,06.08.2026,18:09,Süt (1L),31.8,3.0,95.4
FIS_3844,06.08.2026,18:09,Makarna,15.12,2.0,30.24
FIS_3845,03.06.2026,10:12,Kil Maskesi,297.9,2.0,595.8
FIS_3845,03.06.2026,10:12,Deodorant,199.9,2.0,399.8
FIS_3845,03.06.2026,10:12,Yüz Temizleme,79.99,2.0,159.98
FIS_3845,03.06.2026,10:12,Diş Macunu,46.98,1.0,46.98
FIS_3846,05.08.2026,21:44,Makarna,16.34,1.0,16.34
FIS_3846,05.08.2026,21:44,Salatalık (kg),22.44,2.0,44.88
FIS_3846,05.08.2026,21:44,Domates (kg),26.93,3.0,80.79
FIS_3846,05.08.2026,21:44,Biber Dolmalık (kg),69.95,1.0,69.95
FIS_3846,05.08.2026,21:44,Tavuk Göğsü (kg),170.46,2.0,340.92
FIS_3847,14.11.2026,17:36,Salatalık (kg),22.08,2.0,44.16
FIS_3847,14.11.2026,17:36,Domates (kg),26.86,2.0,53.72
FIS_3847,14.11.2026,17:36,Tavuk Göğsü (kg),159.56,2.0,319.12
FIS_3847,14.11.2026,17:36,Sıvı Yağ (1L),47.78,2.0,95.56
FIS_3848,11.04.2026,16:52,Su 0.5 LT,5.0,1.0,5.0
FIS_3848,11.04.2026,16:52,Cola 1 LT,45.0,1.0,45.0
FIS_3848,11.04.2026,16:52,Çay (500g),94.18,3.0,282.54
FIS_3848,11.04.2026,16:52,Cola 2.5 LT,55.0,3.0,165.0
FIS_3848,11.04.2026,16:52,Kek,59.0,1.0,59.0
FIS_3849,22.09.2026,14:46,Şampuan,101.77,2.0,203.54
FIS_3849,22.09.2026,14:46,Bebe Şampuanı,149.9,2.0,299.8
FIS_3849,22.09.2026,14:46,Yüz Temizleme,79.99,2.0,159.98
FIS_3849,22.09.2026,14:46,Deodorant,199.9,1.0,199.9
FIS_3849,22.09.2026,14:46,Diş Macunu,44.18,3.0,132.54
FIS_3849,22.09.2026,14:46,Şeker (1kg),34.37,1.0,34.37
FIS_3850,25.10.2026,20:14,Kek,59.0,2.0,118.0
FIS_3850,25.10.2026,20:14,Su 0.5 LT,5.0,2.0,10.0
FIS_3850,25.10.2026,20:14,Cola 1 LT,45.0,3.0,135.0
FIS_3850,25.10.2026,20:14,Cola 2.5 LT,55.0,3.0,165.0
FIS_3851,15.05.2026,12:13,Su 0.5 LT,5.0,2.0,10.0
FIS_3851,15.05.2026,12:13,Çay (500g),98.4,2.0,196.8
FIS_3851,15.05.2026,12:13,Cola 1 LT,45.0,2.0,90.0
FIS_3851,15.05.2026,12:13,Cola 2.5 LT,55.0,2.0,110.0
FIS_3852,30.04.2026,14:35,Şeker (1kg),34.26,1.0,34.26
FIS_3852,30.04.2026,14:35,Çay (500g),91.72,2.0,183.44
FIS_3852,30.04.2026,14:35,Ekmek,13.66,1.0,13.66
FIS_3852,30.04.2026,14:35,Makarna,15.87,1.0,15.87
FIS_3852,30.04.2026,14:35,Limon Taze (kg),119.95,3.0,359.85
FIS_3853,07.06.2026,13:02,Bebe Şampuanı,149.9,2.0,299.8
FIS_3853,07.06.2026,13:02,Yüz Temizleme,79.99,1.0,79.99
FIS_3853,07.06.2026,13:02,Kil Maskesi,297.9,1.0,297.9
FIS_3853,07.06.2026,13:02,Şampuan,92.92,2.0,185.84
FIS_3853,07.06.2026,13:02,Diş Macunu,45.39,1.0,45.39
FIS_3854,19.04.2026,08:25,Cola 2.5 LT,55.0,3.0,165.0
FIS_3854,19.04.2026,08:25,Cola 1 LT,45.0,2.0,90.0
FIS_3854,19.04.2026,08:25,Çay (500g),98.48,2.0,196.96
FIS_3854,19.04.2026,08:25,Kek,59.0,3.0,177.0
FIS_3854,19.04.2026,08:25,Su 0.5 LT,5.0,1.0,5.0
FIS_3855,11.11.2026,08:49,Limon Taze (kg),119.95,1.0,119.95
FIS_3855,11.11.2026,08:49,Biber Çarliston (kg),32.95,1.0,32.95
FIS_3855,11.11.2026,08:49,Salatalık (kg),22.66,1.0,22.66
FIS_3855,11.11.2026,08:49,Domates (kg),27.61,1.0,27.61
FIS_3855,11.11.2026,08:49,Elma (kg),34.5,3.0,103.5
FIS_3856,13.11.2026,21:54,Biber Çarliston (kg),32.95,3.0,98.85
FIS_3856,13.11.2026,21:54,Domates (kg),27.6,1.0,27.6
FIS_3856,13.11.2026,21:54,Elma (kg),34.5,1.0,34.5
FIS_3856,13.11.2026,21:54,Salatalık (kg),22.92,1.0,22.92
FIS_3856,13.11.2026,21:54,Limon Taze (kg),119.95,3.0,359.85
FIS_3857,05.08.2026,20:44,Makarna,15.29,1.0,15.29
FIS_3857,05.08.2026,20:44,Sıvı Yağ (1L),49.77,2.0,99.54
FIS_3857,05.08.2026,20:44,Çay (500g),97.34,3.0,292.02
FIS_3857,05.08.2026,20:44,Ekmek,13.69,3.0,41.07
FIS_3858,08.01.2026,15:12,Makarna,16.07,1.0,16.07
FIS_3858,08.01.2026,15:12,Süt (1L),33.4,1.0,33.4
FIS_3858,08.01.2026,15:12,Ekmek,11.6,2.0,23.2
FIS_3858,08.01.2026,15:12,Şeker (1kg),34.81,1.0,34.81
FIS_3858,08.01.2026,15:12,Sıvı Yağ (1L),48.68,2.0,97.36
FIS_3858,08.01.2026,15:12,Çay (500g),95.95,1.0,95.95
FIS_3859,27.07.2026,17:18,Domates (kg),27.38,2.0,54.76
FIS_3859,27.07.2026,17:18,Makarna,15.44,3.0,46.32
FIS_3859,27.07.2026,17:18,Biber Dolmalık (kg),69.95,1.0,69.95
FIS_3859,27.07.2026,17:18,Tavuk Göğsü (kg),158.65,2.0,317.3
FIS_3860,17.10.2026,17:26,Su 0.5 LT,5.0,1.0,5.0
FIS_3860,17.10.2026,17:26,Cola 2.5 LT,55.0,3.0,165.0
FIS_3860,17.10.2026,17:26,Cola 1 LT,45.0,2.0,90.0
FIS_3860,17.10.2026,17:26,Çay (500g),92.48,3.0,277.44
FIS_3861,23.05.2026,18:50,Biber Dolmalık (kg),69.95,2.0,139.9
FIS_3861,23.05.2026,18:50,Domates (kg),28.26,1.0,28.26
FIS_3861,23.05.2026,18:50,Tavuk Göğsü (kg),163.12,2.0,326.24
FIS_3861,23.05.2026,18:50,Makarna,16.46,2.0,32.92
FIS_3862,06.12.2026,11:43,Yoğurt (2kg),63.44,3.0,190.32
FIS_3862,06.12.2026,11:43,Süt (1L),33.86,3.0,101.58
FIS_3862,06.12.2026,11:43,Ekmek,10.16,3.0,30.48
FIS_3862,06.12.2026,11:43,Çay (500g),95.04,2.0,190.08
FIS_3862,06.12.2026,11:43,Peynir (500g),109.34,2.0,218.68
FIS_3863,24.01.2026,09:30,Peynir (500g),109.68,3.0,329.04
FIS_3863,24.01.2026,09:30,Çay (500g),98.58,1.0,98.58
FIS_3863,24.01.2026,09:30,Yumurta (15li),53.77,2.0,107.54
FIS_3863,24.01.2026,09:30,Ekmek,10.19,1.0,10.19
FIS_3863,24.01.2026,09:30,Yoğurt (2kg),65.65,2.0,131.3
FIS_3863,24.01.2026,09:30,Süt (1L),32.71,3.0,98.13
FIS_3863,24.01.2026,09:30,Limon Taze (kg),119.95,2.0,239.9
FIS_3864,03.06.2026,21:33,Deterjan (5kg),179.36,3.0,538.08
FIS_3864,03.06.2026,21:33,Deodorant,199.9,2.0,399.8
FIS_3864,03.06.2026,21:33,Plastik Poşet,1.0,2.0,2.0
FIS_3864,03.06.2026,21:33,Şampuan,97.58,2.0,195.16
FIS_3865,31.10.2026,18:07,Kil Maskesi,297.9,1.0,297.9
FIS_3865,31.10.2026,18:07,Şampuan,82.98,1.0,82.98
FIS_3865,31.10.2026,18:07,Diş Macunu,44.78,3.0,134.34
FIS_3865,31.10.2026,18:07,Bebe Şampuanı,149.9,1.0,149.9
FIS_3865,31.10.2026,18:07,Deodorant,199.9,2.0,399.8
FIS_3865,31.10.2026,18:07,Yüz Temizleme,79.99,2.0,159.98
FIS_3865,31.10.2026,18:07,Domates (kg),27.53,1.0,27.53
FIS_3866,16.06.2026,20:38,Kek,59.0,1.0,59.0
FIS_3866,16.06.2026,20:38,Çay (500g),97.09,2.0,194.18
FIS_3866,16.06.2026,20:38,Su 0.5 LT,5.0,3.0,15.0
FIS_3866,16.06.2026,20:38,Cola 2.5 LT,55.0,1.0,55.0
FIS_3867,03.12.2026,22:23,Makarna,15.36,1.0,15.36
FIS_3867,03.12.2026,22:23,Tavuk Göğsü (kg),165.81,2.0,331.62
FIS_3867,03.12.2026,22:23,Biber Dolmalık (kg),69.95,2.0,139.9
FIS_3867,03.12.2026,22:23,Sıvı Yağ (1L),50.06,3.0,150.18
FIS_3867,03.12.2026,22:23,Salatalık (kg),21.54,3.0,64.62
FIS_3868,12.07.2026,18:48,Cola 2.5 LT,55.0,2.0,110.0
FIS_3868,12.07.2026,18:48,Kek,59.0,3.0,177.0
FIS_3868,12.07.2026,18:48,Cola 1 LT,45.0,2.0,90.0
FIS_3868,12.07.2026,18:48,Çay (500g),94.95,1.0,94.95
FIS_3869,25.12.2026,16:52,Kek,59.0,3.0,177.0
FIS_3869,25.12.2026,16:52,Cola 1 LT,45.0,2.0,90.0
FIS_3869,25.12.2026,16:52,Su 0.5 LT,5.0,3.0,15.0
FIS_3869,25.12.2026,16:52,Cola 2.5 LT,55.0,2.0,110.0
FIS_3869,25.12.2026,16:52,Çay (500g),92.64,2.0,185.28
FIS_3870,22.05.2026,19:25,Cola 2.5 LT,55.0,3.0,165.0
FIS_3870,22.05.2026,19:25,Çay (500g),99.24,2.0,198.48
FIS_3870,22.05.2026,19:25,Cola 1 LT,45.0,1.0,45.0
FIS_3870,22.05.2026,19:25,Su 0.5 LT,5.0,3.0,15.0
FIS_3871,08.06.2026,17:52,Cola 2.5 LT,55.0,1.0,55.0
FIS_3871,08.06.2026,17:52,Cola 1 LT,45.0,3.0,135.0
FIS_3871,08.06.2026,17:52,Çay (500g),96.03,1.0,96.03
FIS_3871,08.06.2026,17:52,Su 0.5 LT,5.0,2.0,10.0
FIS_3872,07.02.2026,15:59,Salatalık (kg),23.02,3.0,69.06
FIS_3872,07.02.2026,15:59,Limon Taze (kg),119.95,1.0,119.95
FIS_3872,07.02.2026,15:59,Biber Çarliston (kg),32.95,3.0,98.85
FIS_3872,07.02.2026,15:59,Elma (kg),34.5,2.0,69.0
FIS_3872,07.02.2026,15:59,Domates (kg),28.43,2.0,56.86
FIS_3873,30.12.2026,15:28,Elma (kg),34.5,3.0,103.5
FIS_3873,30.12.2026,15:28,Biber Çarliston (kg),32.95,2.0,65.9
FIS_3873,30.12.2026,15:28,Domates (kg),29.55,1.0,29.55
FIS_3873,30.12.2026,15:28,Salatalık (kg),21.62,1.0,21.62
FIS_3873,30.12.2026,15:28,Plastik Poşet,1.0,3.0,3.0
FIS_3874,08.04.2026,20:38,Peynir (500g),112.72,3.0,338.16
FIS_3874,08.04.2026,20:38,Çay (500g),99.32,3.0,297.96
FIS_3874,08.04.2026,20:38,Ekmek,11.61,2.0,23.22
FIS_3874,08.04.2026,20:38,Süt (1L),31.45,3.0,94.35
FIS_3874,08.04.2026,20:38,Yumurta (15li),55.17,1.0,55.17
FIS_3875,06.06.2026,19:41,Şampuan,96.45,3.0,289.35
FIS_3875,06.06.2026,19:41,Deodorant,199.9,1.0,199.9
FIS_3875,06.06.2026,19:41,Bebe Şampuanı,149.9,3.0,449.7
FIS_3875,06.06.2026,19:41,Kil Maskesi,297.9,1.0,297.9
FIS_3875,06.06.2026,19:41,Peynir (500g),116.07,3.0,348.21
FIS_3876,11.08.2026,18:20,Sıvı Yağ (1L),47.7,3.0,143.1
FIS_3876,11.08.2026,18:20,Şeker (1kg),34.52,1.0,34.52
FIS_3876,11.08.2026,18:20,Süt (1L),32.61,1.0,32.61
FIS_3876,11.08.2026,18:20,Makarna,15.5,1.0,15.5
FIS_3876,11.08.2026,18:20,Ekmek,9.66,2.0,19.32
FIS_3876,11.08.2026,18:20,Çay (500g),99.45,2.0,198.9
FIS_3877,08.11.2026,20:06,Limon Taze (kg),119.95,1.0,119.95
FIS_3877,08.11.2026,20:06,Biber Çarliston (kg),32.95,3.0,98.85
FIS_3877,08.11.2026,20:06,Domates (kg),27.8,3.0,83.4
FIS_3877,08.11.2026,20:06,Elma (kg),34.5,2.0,69.0
FIS_3877,08.11.2026,20:06,Salatalık (kg),22.75,2.0,45.5
FIS_3878,21.02.2026,22:33,Su 0.5 LT,5.0,1.0,5.0
FIS_3878,21.02.2026,22:33,Cola 2.5 LT,55.0,2.0,110.0
FIS_3878,21.02.2026,22:33,Kek,59.0,1.0,59.0
FIS_3878,21.02.2026,22:33,Çay (500g),96.37,2.0,192.74
FIS_3878,21.02.2026,22:33,Cola 1 LT,45.0,2.0,90.0
FIS_3878,21.02.2026,22:33,Şeker (1kg),35.18,1.0,35.18
FIS_3879,07.01.2026,08:31,Cola 2.5 LT,55.0,3.0,165.0
FIS_3879,07.01.2026,08:31,Çay (500g),92.0,1.0,92.0
FIS_3879,07.01.2026,08:31,Cola 1 LT,45.0,2.0,90.0
FIS_3879,07.01.2026,08:31,Su 0.5 LT,5.0,3.0,15.0
FIS_3879,07.01.2026,08:31,Kek,59.0,3.0,177.0
FIS_3880,06.02.2026,17:12,Salatalık (kg),23.27,2.0,46.54
FIS_3880,06.02.2026,17:12,Limon Taze (kg),119.95,2.0,239.9
FIS_3880,06.02.2026,17:12,Biber Çarliston (kg),32.95,3.0,98.85
FIS_3880,06.02.2026,17:12,Domates (kg),26.6,2.0,53.2
FIS_3880,06.02.2026,17:12,Elma (kg),34.5,1.0,34.5
FIS_3881,16.08.2026,19:34,Cola 2.5 LT,55.0,2.0,110.0
FIS_3881,16.08.2026,19:34,Kek,59.0,3.0,177.0
FIS_3881,16.08.2026,19:34,Cola 1 LT,45.0,2.0,90.0
FIS_3881,16.08.2026,19:34,Su 0.5 LT,5.0,3.0,15.0
FIS_3882,13.10.2026,21:49,Deodorant,199.9,1.0,199.9
FIS_3882,13.10.2026,21:49,Şampuan,84.34,2.0,168.68
FIS_3882,13.10.2026,21:49,Diş Macunu,43.61,2.0,87.22
FIS_3882,13.10.2026,21:49,Deterjan (5kg),176.7,1.0,176.7
FIS_3883,13.10.2026,20:22,Elma (kg),34.5,2.0,69.0
FIS_3883,13.10.2026,20:22,Limon Taze (kg),119.95,2.0,239.9
FIS_3883,13.10.2026,20:22,Biber Çarliston (kg),32.95,3.0,98.85
FIS_3883,13.10.2026,20:22,Domates (kg),29.24,2.0,58.48
FIS_3884,09.12.2026,13:15,Biber Çarliston (kg),32.95,2.0,65.9
FIS_3884,09.12.2026,13:15,Domates (kg),26.64,1.0,26.64
FIS_3884,09.12.2026,13:15,Elma (kg),34.5,1.0,34.5
FIS_3884,09.12.2026,13:15,Salatalık (kg),22.97,2.0,45.94
FIS_3885,09.06.2026,09:34,Şampuan,72.46,1.0,72.46
FIS_3885,09.06.2026,09:34,Plastik Poşet,1.0,2.0,2.0
FIS_3885,09.06.2026,09:34,Deterjan (5kg),189.96,3.0,569.88
FIS_3885,09.06.2026,09:34,Diş Macunu,46.0,1.0,46.0
FIS_3886,21.09.2026,13:58,Makarna,14.99,2.0,29.98
FIS_3886,21.09.2026,13:58,Sıvı Yağ (1L),47.66,3.0,142.98
FIS_3886,21.09.2026,13:58,Şeker (1kg),34.68,1.0,34.68
FIS_3886,21.09.2026,13:58,Çay (500g),99.24,2.0,198.48
FIS_3886,21.09.2026,13:58,Ekmek,10.79,2.0,21.58
FIS_3886,21.09.2026,13:58,Süt (1L),33.2,1.0,33.2
FIS_3887,15.04.2026,19:15,Şampuan,95.79,3.0,287.37
FIS_3887,15.04.2026,19:15,Plastik Poşet,1.0,2.0,2.0
FIS_3887,15.04.2026,19:15,Deterjan (5kg),184.86,3.0,554.58
FIS_3887,15.04.2026,19:15,Diş Macunu,45.95,3.0,137.85
FIS_3887,15.04.2026,19:15,Deodorant,199.9,1.0,199.9
FIS_3887,15.04.2026,19:15,Ekmek,12.19,1.0,12.19
FIS_3888,14.12.2026,19:07,Limon Taze (kg),119.95,2.0,239.9
FIS_3888,14.12.2026,19:07,Elma (kg),34.5,2.0,69.0
FIS_3888,14.12.2026,19:07,Domates (kg),28.37,3.0,85.11
FIS_3888,14.12.2026,19:07,Biber Çarliston (kg),32.95,1.0,32.95
FIS_3888,14.12.2026,19:07,Diş Macunu,44.28,2.0,88.56
FIS_3889,04.05.2026,10:42,Süt (1L),33.48,3.0,100.44
FIS_3889,04.05.2026,10:42,Çay (500g),99.4,1.0,99.4
FIS_3889,04.05.2026,10:42,Ekmek,9.6,1.0,9.6
FIS_3889,04.05.2026,10:42,Peynir (500g),116.18,2.0,232.36
FIS_3890,14.12.2026,08:30,Kek,59.0,3.0,177.0
FIS_3890,14.12.2026,08:30,Çay (500g),97.43,3.0,292.29
FIS_3890,14.12.2026,08:30,Cola 2.5 LT,55.0,1.0,55.0
FIS_3890,14.12.2026,08:30,Su 0.5 LT,5.0,1.0,5.0
FIS_3890,14.12.2026,08:30,Cola 1 LT,45.0,3.0,135.0
FIS_3891,07.02.2026,21:39,Salatalık (kg),21.7,2.0,43.4
FIS_3891,07.02.2026,21:39,Elma (kg),34.5,2.0,69.0
FIS_3891,07.02.2026,21:39,Limon Taze (kg),119.95,3.0,359.85
FIS_3891,07.02.2026,21:39,Biber Çarliston (kg),32.95,1.0,32.95
FIS_3891,07.02.2026,21:39,Domates (kg),27.8,1.0,27.8
FIS_3892,12.03.2026,19:24,Süt (1L),33.82,1.0,33.82
FIS_3892,12.03.2026,19:24,Yumurta (15li),52.54,2.0,105.08
FIS_3892,12.03.2026,19:24,Ekmek,11.84,1.0,11.84
FIS_3892,12.03.2026,19:24,Çay (500g),93.39,1.0,93.39
FIS_3892,12.03.2026,19:24,Peynir (500g),113.81,1.0,113.81
FIS_3892,12.03.2026,19:24,Yoğurt (2kg),64.36,1.0,64.36
FIS_3893,11.08.2026,21:00,Şampuan,97.83,1.0,97.83
FIS_3893,11.08.2026,21:00,Deterjan (5kg),176.23,1.0,176.23
FIS_3893,11.08.2026,21:00,Diş Macunu,45.36,3.0,136.08
FIS_3893,11.08.2026,21:00,Plastik Poşet,1.0,1.0,1.0
FIS_3893,11.08.2026,21:00,Süt (1L),31.17,3.0,93.51
FIS_3894,02.05.2026,18:01,Domates (kg),29.13,2.0,58.26
FIS_3894,02.05.2026,18:01,Tavuk Göğsü (kg),169.17,3.0,507.51
FIS_3894,02.05.2026,18:01,Salatalık (kg),22.43,3.0,67.29
FIS_3894,02.05.2026,18:01,Biber Dolmalık (kg),69.95,1.0,69.95
FIS_3894,02.05.2026,18:01,Makarna,15.87,1.0,15.87
FIS_3895,20.07.2026,08:03,Domates (kg),28.78,2.0,57.56
FIS_3895,20.07.2026,08:03,Salatalık (kg),23.18,3.0,69.54
FIS_3895,20.07.2026,08:03,Biber Çarliston (kg),32.95,1.0,32.95
FIS_3895,20.07.2026,08:03,Elma (kg),34.5,2.0,69.0
FIS_3895,20.07.2026,08:03,Limon Taze (kg),119.95,3.0,359.85
FIS_3896,25.05.2026,19:18,Plastik Poşet,1.0,3.0,3.0
FIS_3896,25.05.2026,19:18,Deterjan (5kg),186.82,2.0,373.64
FIS_3896,25.05.2026,19:18,Deodorant,199.9,3.0,599.7
FIS_3896,25.05.2026,19:18,Diş Macunu,43.69,2.0,87.38
FIS_3897,19.06.2026,14:25,Makarna,15.74,2.0,31.48
FIS_3897,19.06.2026,14:25,Salatalık (kg),22.93,2.0,45.86
FIS_3897,19.06.2026,14:25,Domates (kg),26.64,2.0,53.28
FIS_3897,19.06.2026,14:25,Tavuk Göğsü (kg),158.48,2.0,316.96
FIS_3898,13.03.2026,12:34,Su 0.5 LT,5.0,2.0,10.0
FIS_3898,13.03.2026,12:34,Cola 1 LT,45.0,2.0,90.0
FIS_3898,13.03.2026,12:34,Cola 2.5 LT,55.0,1.0,55.0
FIS_3898,13.03.2026,12:34,Kek,59.0,1.0,59.0
FIS_3899,07.07.2026,16:23,Yumurta (15li),54.94,3.0,164.82
FIS_3899,07.07.2026,16:23,Peynir (500g),120.18,2.0,240.36
FIS_3899,07.07.2026,16:23,Ekmek,11.75,1.0,11.75
FIS_3899,07.07.2026,16:23,Çay (500g),93.25,1.0,93.25
FIS_3900,27.06.2026,16:28,Elma (kg),34.5,2.0,69.0
FIS_3900,27.06.2026,16:28,Salatalık (kg),22.37,2.0,44.74
FIS_3900,27.06.2026,16:28,Domates (kg),26.79,2.0,53.58
FIS_3900,27.06.2026,16:28,Biber Çarliston (kg),32.95,3.0,98.85
FIS_3901,07.07.2026,11:06,Bebe Şampuanı,149.9,3.0,449.7
FIS_3901,07.07.2026,11:06,Kil Maskesi,297.9,3.0,893.7
FIS_3901,07.07.2026,11:06,Şampuan,90.66,3.0,271.98
FIS_3901,07.07.2026,11:06,Diş Macunu,46.92,3.0,140.76
FIS_3901,07.07.2026,11:06,Deodorant,199.9,1.0,199.9
FIS_3902,08.08.2026,13:24,Peynir (500g),115.71,2.0,231.42
FIS_3902,08.08.2026,13:24,Yoğurt (2kg),65.31,1.0,65.31
FIS_3902,08.08.2026,13:24,Yumurta (15li),53.36,2.0,106.72
FIS_3902,08.08.2026,13:24,Çay (500g),90.81,1.0,90.81
FIS_3902,08.08.2026,13:24,Süt (1L),34.02,3.0,102.06
FIS_3902,08.08.2026,13:24,Ekmek,12.63,2.0,25.26
FIS_3903,15.02.2026,16:16,Biber Dolmalık (kg),69.95,1.0,69.95
FIS_3903,15.02.2026,16:16,Tavuk Göğsü (kg),159.91,1.0,159.91
FIS_3903,15.02.2026,16:16,Domates (kg),28.88,3.0,86.64
FIS_3903,15.02.2026,16:16,Makarna,16.06,1.0,16.06
FIS_3903,15.02.2026,16:16,Deodorant,199.9,1.0,199.9
FIS_3904,18.04.2026,17:55,Kek,59.0,2.0,118.0
FIS_3904,18.04.2026,17:55,Cola 1 LT,45.0,3.0,135.0
FIS_3904,18.04.2026,17:55,Su 0.5 LT,5.0,2.0,10.0
FIS_3904,18.04.2026,17:55,Çay (500g),91.87,2.0,183.74
FIS_3904,18.04.2026,17:55,Cola 2.5 LT,55.0,3.0,165.0
FIS_3904,18.04.2026,17:55,Sıvı Yağ (1L),50.58,1.0,50.58
FIS_3905,25.04.2026,19:34,Çay (500g),90.56,1.0,90.56
FIS_3905,25.04.2026,19:34,Süt (1L),31.77,1.0,31.77
FIS_3905,25.04.2026,19:34,Ekmek,9.81,3.0,29.43
FIS_3905,25.04.2026,19:34,Sıvı Yağ (1L),47.03,1.0,47.03
FIS_3905,25.04.2026,19:34,Şeker (1kg),34.08,2.0,68.16
FIS_3906,12.03.2026,11:19,Çay (500g),94.78,2.0,189.56
FIS_3906,12.03.2026,11:19,Cola 2.5 LT,55.0,2.0,110.0
FIS_3906,12.03.2026,11:19,Kek,59.0,3.0,177.0
FIS_3906,12.03.2026,11:19,Cola 1 LT,45.0,2.0,90.0
FIS_3907,30.01.2026,22:59,Su 0.5 LT,5.0,1.0,5.0
FIS_3907,30.01.2026,22:59,Cola 1 LT,45.0,1.0,45.0
FIS_3907,30.01.2026,22:59,Çay (500g),92.05,2.0,184.1
FIS_3907,30.01.2026,22:59,Kek,59.0,3.0,177.0
FIS_3907,30.01.2026,22:59,Cola 2.5 LT,55.0,1.0,55.0
FIS_3907,30.01.2026,22:59,Kil Maskesi,297.9,2.0,595.8
FIS_3908,28.08.2026,11:13,Yoğurt (2kg),66.48,1.0,66.48
FIS_3908,28.08.2026,11:13,Süt (1L),33.88,2.0,67.76
FIS_3908,28.08.2026,11:13,Ekmek,9.54,3.0,28.62
FIS_3908,28.08.2026,11:13,Peynir (500g),113.45,1.0,113.45
FIS_3908,28.08.2026,11:13,Yumurta (15li),53.38,1.0,53.38
FIS_3909,21.06.2026,17:20,Makarna,15.03,2.0,30.06
FIS_3909,21.06.2026,17:20,Salatalık (kg),23.13,2.0,46.26
FIS_3909,21.06.2026,17:20,Domates (kg),29.0,1.0,29.0
FIS_3909,21.06.2026,17:20,Biber Dolmalık (kg),69.95,2.0,139.9
FIS_3909,21.06.2026,17:20,Sıvı Yağ (1L),46.22,3.0,138.66
FIS_3909,21.06.2026,17:20,Tavuk Göğsü (kg),170.99,2.0,341.98
FIS_3910,07.07.2026,16:10,Su 0.5 LT,5.0,1.0,5.0
FIS_3910,07.07.2026,16:10,Cola 2.5 LT,55.0,2.0,110.0
FIS_3910,07.07.2026,16:10,Çay (500g),92.11,3.0,276.33
FIS_3910,07.07.2026,16:10,Cola 1 LT,45.0,2.0,90.0
FIS_3910,07.07.2026,16:10,Kek,59.0,2.0,118.0
FIS_3911,15.05.2026,14:46,Süt (1L),31.64,3.0,94.92
FIS_3911,15.05.2026,14:46,Çay (500g),98.83,3.0,296.49
FIS_3911,15.05.2026,14:46,Yumurta (15li),55.04,3.0,165.12
FIS_3911,15.05.2026,14:46,Peynir (500g),117.08,3.0,351.24
FIS_3911,15.05.2026,14:46,Yoğurt (2kg),65.49,3.0,196.47
FIS_3912,29.12.2026,12:53,Elma (kg),34.5,2.0,69.0
FIS_3912,29.12.2026,12:53,Biber Çarliston (kg),32.95,3.0,98.85
FIS_3912,29.12.2026,12:53,Domates (kg),27.28,2.0,54.56
FIS_3912,29.12.2026,12:53,Salatalık (kg),23.1,2.0,46.2
FIS_3913,01.06.2026,11:08,Domates (kg),28.53,3.0,85.59
FIS_3913,01.06.2026,11:08,Makarna,16.23,1.0,16.23
FIS_3913,01.06.2026,11:08,Salatalık (kg),22.85,1.0,22.85
FIS_3913,01.06.2026,11:08,Biber Dolmalık (kg),69.95,2.0,139.9
FIS_3913,01.06.2026,11:08,Tavuk Göğsü (kg),165.99,2.0,331.98
FIS_3913,01.06.2026,11:08,Sıvı Yağ (1L),47.22,1.0,47.22
FIS_3913,01.06.2026,11:08,Yüz Temizleme,79.99,1.0,79.99
FIS_3914,04.04.2026,18:28,Cola 2.5 LT,55.0,3.0,165.0
FIS_3914,04.04.2026,18:28,Çay (500g),91.84,2.0,183.68
FIS_3914,04.04.2026,18:28,Kek,59.0,3.0,177.0
FIS_3914,04.04.2026,18:28,Su 0.5 LT,5.0,2.0,10.0
FIS_3915,02.02.2026,21:32,Makarna,16.49,2.0,32.98
FIS_3915,02.02.2026,21:32,Süt (1L),31.2,3.0,93.6
FIS_3915,02.02.2026,21:32,Çay (500g),90.81,3.0,272.43
FIS_3915,02.02.2026,21:32,Ekmek,9.87,3.0,29.61
FIS_3915,02.02.2026,21:32,Sıvı Yağ (1L),47.08,3.0,141.24
FIS_3915,02.02.2026,21:32,Şeker (1kg),33.22,3.0,99.66
FIS_3915,02.02.2026,21:32,Yüz Temizleme,79.99,2.0,159.98
FIS_3916,28.08.2026,19:36,Biber Çarliston (kg),32.95,3.0,98.85
FIS_3916,28.08.2026,19:36,Domates (kg),29.16,2.0,58.32
FIS_3916,28.08.2026,19:36,Elma (kg),34.5,3.0,103.5
FIS_3916,28.08.2026,19:36,Salatalık (kg),22.59,1.0,22.59
FIS_3916,28.08.2026,19:36,Limon Taze (kg),119.95,2.0,239.9
FIS_3917,20.03.2026,11:25,Ekmek,11.39,2.0,22.78
FIS_3917,20.03.2026,11:25,Makarna,15.6,1.0,15.6
FIS_3917,20.03.2026,11:25,Çay (500g),91.27,2.0,182.54
FIS_3917,20.03.2026,11:25,Şeker (1kg),33.55,2.0,67.1
FIS_3918,19.08.2026,18:32,Kek,59.0,2.0,118.0
FIS_3918,19.08.2026,18:32,Su 0.5 LT,5.0,1.0,5.0
FIS_3918,19.08.2026,18:32,Çay (500g),92.69,2.0,185.38
FIS_3918,19.08.2026,18:32,Cola 2.5 LT,55.0,1.0,55.0
FIS_3918,19.08.2026,18:32,Cola 1 LT,45.0,3.0,135.0
FIS_3918,19.08.2026,18:32,Şeker (1kg),33.85,3.0,101.55
FIS_3919,01.08.2026,20:33,Şeker (1kg),33.54,2.0,67.08
FIS_3919,01.08.2026,20:33,Ekmek,10.0,1.0,10.0
FIS_3919,01.08.2026,20:33,Çay (500g),98.52,2.0,197.04
FIS_3919,01.08.2026,20:33,Makarna,15.38,3.0,46.14
FIS_3920,29.10.2026,17:30,Şampuan,119.91,1.0,119.91
FIS_3920,29.10.2026,17:30,Plastik Poşet,1.0,1.0,1.0
FIS_3920,29.10.2026,17:30,Deterjan (5kg),191.19,2.0,382.38
FIS_3920,29.10.2026,17:30,Deodorant,199.9,3.0,599.7
FIS_3921,02.02.2026,15:01,Domates (kg),28.29,2.0,56.58
FIS_3921,02.02.2026,15:01,Tavuk Göğsü (kg),157.8,1.0,157.8
FIS_3921,02.02.2026,15:01,Salatalık (kg),23.15,2.0,46.3
FIS_3921,02.02.2026,15:01,Biber Dolmalık (kg),69.95,3.0,209.85
FIS_3921,02.02.2026,15:01,Makarna,15.92,3.0,47.76
FIS_3922,25.04.2026,08:38,Çay (500g),94.32,1.0,94.32
FIS_3922,25.04.2026,08:38,Ekmek,13.21,2.0,26.42
FIS_3922,25.04.2026,08:38,Süt (1L),32.85,3.0,98.55
FIS_3922,25.04.2026,08:38,Sıvı Yağ (1L),50.32,1.0,50.32
FIS_3922,25.04.2026,08:38,Makarna,16.28,2.0,32.56
FIS_3923,20.03.2026,16:17,Yumurta (15li),53.82,2.0,107.64
FIS_3923,20.03.2026,16:17,Çay (500g),97.25,2.0,194.5
FIS_3923,20.03.2026,16:17,Yoğurt (2kg),66.61,2.0,133.22
FIS_3923,20.03.2026,16:17,Süt (1L),31.92,3.0,95.76
FIS_3923,20.03.2026,16:17,Deterjan (5kg),193.67,1.0,193.67
FIS_3924,21.10.2026,13:31,Diş Macunu,45.54,3.0,136.62
FIS_3924,21.10.2026,13:31,Yüz Temizleme,79.99,3.0,239.97
FIS_3924,21.10.2026,13:31,Deodorant,199.9,1.0,199.9
FIS_3924,21.10.2026,13:31,Kil Maskesi,297.9,3.0,893.7
FIS_3924,21.10.2026,13:31,Şampuan,83.51,1.0,83.51
FIS_3924,21.10.2026,13:31,Bebe Şampuanı,149.9,1.0,149.9
FIS_3925,30.04.2026,09:22,Elma (kg),34.5,1.0,34.5
FIS_3925,30.04.2026,09:22,Limon Taze (kg),119.95,1.0,119.95
FIS_3925,30.04.2026,09:22,Biber Çarliston (kg),32.95,2.0,65.9
FIS_3925,30.04.2026,09:22,Domates (kg),28.79,2.0,57.58
FIS_3926,27.05.2026,16:27,Çay (500g),94.25,2.0,188.5
FIS_3926,27.05.2026,16:27,Kek,59.0,3.0,177.0
FIS_3926,27.05.2026,16:27,Cola 1 LT,45.0,1.0,45.0
FIS_3926,27.05.2026,16:27,Cola 2.5 LT,55.0,3.0,165.0
FIS_3926,27.05.2026,16:27,Su 0.5 LT,5.0,3.0,15.0
FIS_3927,08.03.2026,21:38,Plastik Poşet,1.0,2.0,2.0
FIS_3927,08.03.2026,21:38,Diş Macunu,42.89,3.0,128.67
FIS_3927,08.03.2026,21:38,Deterjan (5kg),182.56,3.0,547.68
FIS_3927,08.03.2026,21:38,Şampuan,89.63,3.0,268.89
FIS_3927,08.03.2026,21:38,Deodorant,199.9,1.0,199.9
FIS_3927,08.03.2026,21:38,Süt (1L),32.42,2.0,64.84
FIS_3928,30.05.2026,22:33,Sıvı Yağ (1L),50.15,1.0,50.15
FIS_3928,30.05.2026,22:33,Domates (kg),28.77,3.0,86.31
FIS_3928,30.05.2026,22:33,Tavuk Göğsü (kg),171.75,1.0,171.75
FIS_3928,30.05.2026,22:33,Makarna,15.55,3.0,46.65
FIS_3929,16.02.2026,15:34,Elma (kg),34.5,2.0,69.0
FIS_3929,16.02.2026,15:34,Salatalık (kg),22.77,3.0,68.31
FIS_3929,16.02.2026,15:34,Biber Çarliston (kg),32.95,2.0,65.9
FIS_3929,16.02.2026,15:34,Limon Taze (kg),119.95,1.0,119.95
FIS_3930,10.03.2026,15:46,Biber Dolmalık (kg),69.95,1.0,69.95
FIS_3930,10.03.2026,15:46,Sıvı Yağ (1L),50.81,1.0,50.81
FIS_3930,10.03.2026,15:46,Tavuk Göğsü (kg),160.53,3.0,481.59
FIS_3930,10.03.2026,15:46,Domates (kg),29.33,1.0,29.33
FIS_3931,19.01.2026,19:52,Şeker (1kg),35.63,3.0,106.89
FIS_3931,19.01.2026,19:52,Çay (500g),93.32,2.0,186.64
FIS_3931,19.01.2026,19:52,Sıvı Yağ (1L),46.47,2.0,92.94
FIS_3931,19.01.2026,19:52,Ekmek,11.4,2.0,22.8
FIS_3931,19.01.2026,19:52,Süt (1L),31.97,3.0,95.91
FIS_3932,26.09.2026,09:52,Makarna,15.52,1.0,15.52
FIS_3932,26.09.2026,09:52,Çay (500g),93.29,3.0,279.87
FIS_3932,26.09.2026,09:52,Ekmek,9.78,3.0,29.34
FIS_3932,26.09.2026,09:52,Süt (1L),31.93,3.0,95.79
FIS_3932,26.09.2026,09:52,Sıvı Yağ (1L),50.84,3.0,152.52
FIS_3932,26.09.2026,09:52,Şeker (1kg),34.45,1.0,34.45
FIS_3933,27.07.2026,21:35,Salatalık (kg),23.5,3.0,70.5
FIS_3933,27.07.2026,21:35,Makarna,15.72,1.0,15.72
FIS_3933,27.07.2026,21:35,Sıvı Yağ (1L),46.85,3.0,140.55
FIS_3933,27.07.2026,21:35,Domates (kg),27.92,1.0,27.92
FIS_3933,27.07.2026,21:35,Tavuk Göğsü (kg),159.76,3.0,479.28
FIS_3933,27.07.2026,21:35,Biber Dolmalık (kg),69.95,3.0,209.85
FIS_3934,15.01.2026,18:54,Plastik Poşet,1.0,1.0,1.0
FIS_3934,15.01.2026,18:54,Deterjan (5kg),185.28,1.0,185.28
FIS_3934,15.01.2026,18:54,Deodorant,199.9,1.0,199.9
FIS_3934,15.01.2026,18:54,Şampuan,102.89,2.0,205.78
FIS_3935,04.01.2026,22:25,Cola 1 LT,45.0,1.0,45.0
FIS_3935,04.01.2026,22:25,Çay (500g),93.91,3.0,281.73
FIS_3935,04.01.2026,22:25,Cola 2.5 LT,55.0,1.0,55.0
FIS_3935,04.01.2026,22:25,Su 0.5 LT,5.0,3.0,15.0
FIS_3935,04.01.2026,22:25,Süt (1L),32.59,2.0,65.18
FIS_3936,05.12.2026,12:38,Cola 2.5 LT,55.0,3.0,165.0
FIS_3936,05.12.2026,12:38,Kek,59.0,3.0,177.0
FIS_3936,05.12.2026,12:38,Cola 1 LT,45.0,1.0,45.0
FIS_3936,05.12.2026,12:38,Çay (500g),99.48,1.0,99.48
FIS_3937,23.06.2026,13:44,Su 0.5 LT,5.0,3.0,15.0
FIS_3937,23.06.2026,13:44,Çay (500g),98.58,1.0,98.58
FIS_3937,23.06.2026,13:44,Cola 1 LT,45.0,2.0,90.0
FIS_3937,23.06.2026,13:44,Kek,59.0,1.0,59.0
FIS_3938,15.12.2026,21:49,Deterjan (5kg),188.27,3.0,564.81
FIS_3938,15.12.2026,21:49,Diş Macunu,43.74,2.0,87.48
FIS_3938,15.12.2026,21:49,Plastik Poşet,1.0,2.0,2.0
FIS_3938,15.12.2026,21:49,Deodorant,199.9,2.0,399.8
FIS_3938,15.12.2026,21:49,Şampuan,89.19,3.0,267.57
FIS_3939,03.10.2026,11:06,Ekmek,13.71,3.0,41.13
FIS_3939,03.10.2026,11:06,Yumurta (15li),55.53,1.0,55.53
FIS_3939,03.10.2026,11:06,Çay (500g),92.18,3.0,276.54
FIS_3939,03.10.2026,11:06,Yoğurt (2kg),68.13,1.0,68.13
FIS_3939,03.10.2026,11:06,Süt (1L),32.0,2.0,64.0
FIS_3940,01.10.2026,17:04,Yüz Temizleme,79.99,1.0,79.99
FIS_3940,01.10.2026,17:04,Kil Maskesi,297.9,2.0,595.8
FIS_3940,01.10.2026,17:04,Bebe Şampuanı,149.9,3.0,449.7
FIS_3940,01.10.2026,17:04,Deodorant,199.9,2.0,399.8
FIS_3941,20.09.2026,12:16,Çay (500g),94.27,2.0,188.54
FIS_3941,20.09.2026,12:16,Kek,59.0,1.0,59.0
FIS_3941,20.09.2026,12:16,Cola 1 LT,45.0,1.0,45.0
FIS_3941,20.09.2026,12:16,Su 0.5 LT,5.0,2.0,10.0
FIS_3941,20.09.2026,12:16,Cola 2.5 LT,55.0,2.0,110.0
FIS_3942,17.09.2026,18:13,Şeker (1kg),35.41,3.0,106.23
FIS_3942,17.09.2026,18:13,Makarna,16.39,3.0,49.17
FIS_3942,17.09.2026,18:13,Sıvı Yağ (1L),46.83,2.0,93.66
FIS_3942,17.09.2026,18:13,Süt (1L),31.72,3.0,95.16
FIS_3943,21.07.2026,16:49,Bebe Şampuanı,149.9,2.0,299.8
FIS_3943,21.07.2026,16:49,Şampuan,116.19,3.0,348.57
FIS_3943,21.07.2026,16:49,Diş Macunu,44.1,1.0,44.1
FIS_3943,21.07.2026,16:49,Deodorant,199.9,1.0,199.9
FIS_3944,27.04.2026,10:19,Yoğurt (2kg),63.45,1.0,63.45
FIS_3944,27.04.2026,10:19,Yumurta (15li),54.44,2.0,108.88
FIS_3944,27.04.2026,10:19,Ekmek,9.63,2.0,19.26
FIS_3944,27.04.2026,10:19,Süt (1L),33.83,2.0,67.66
FIS_3944,27.04.2026,10:19,Peynir (500g),112.65,2.0,225.3
FIS_3945,30.08.2026,19:16,Cola 1 LT,45.0,3.0,135.0
FIS_3945,30.08.2026,19:16,Kek,59.0,3.0,177.0
FIS_3945,30.08.2026,19:16,Su 0.5 LT,5.0,3.0,15.0
FIS_3945,30.08.2026,19:16,Cola 2.5 LT,55.0,1.0,55.0
FIS_3946,15.08.2026,08:21,Peynir (500g),110.14,2.0,220.28
FIS_3946,15.08.2026,08:21,Ekmek,13.51,1.0,13.51
FIS_3946,15.08.2026,08:21,Süt (1L),31.7,2.0,63.4
FIS_3946,15.08.2026,08:21,Yoğurt (2kg),67.16,3.0,201.48
FIS_3947,03.09.2026,14:44,Süt (1L),32.84,3.0,98.52
FIS_3947,03.09.2026,14:44,Yumurta (15li),55.87,3.0,167.61
FIS_3947,03.09.2026,14:44,Peynir (500g),113.95,3.0,341.85
FIS_3947,03.09.2026,14:44,Yoğurt (2kg),65.88,1.0,65.88
FIS_3947,03.09.2026,14:44,Çay (500g),99.25,1.0,99.25
FIS_3947,03.09.2026,14:44,Ekmek,13.16,2.0,26.32
FIS_3947,03.09.2026,14:44,Diş Macunu,47.03,3.0,141.09
FIS_3948,28.06.2026,22:47,Yoğurt (2kg),63.04,2.0,126.08
FIS_3948,28.06.2026,22:47,Süt (1L),32.4,1.0,32.4
FIS_3948,28.06.2026,22:47,Çay (500g),95.85,2.0,191.7
FIS_3948,28.06.2026,22:47,Yumurta (15li),56.55,2.0,113.1
FIS_3948,28.06.2026,22:47,Ekmek,11.47,1.0,11.47
FIS_3948,28.06.2026,22:47,Peynir (500g),109.34,2.0,218.68
FIS_3949,21.07.2026,22:15,Deterjan (5kg),193.77,2.0,387.54
FIS_3949,21.07.2026,22:15,Şampuan,101.18,3.0,303.54
FIS_3949,21.07.2026,22:15,Plastik Poşet,1.0,1.0,1.0
FIS_3949,21.07.2026,22:15,Diş Macunu,45.98,2.0,91.96
FIS_3950,11.10.2026,11:57,Kek,59.0,3.0,177.0
FIS_3950,11.10.2026,11:57,Cola 1 LT,45.0,2.0,90.0
FIS_3950,11.10.2026,11:57,Su 0.5 LT,5.0,2.0,10.0
FIS_3950,11.10.2026,11:57,Cola 2.5 LT,55.0,1.0,55.0
FIS_3950,11.10.2026,11:57,Çay (500g),92.29,2.0,184.58
FIS_3951,02.02.2026,15:19,Şeker (1kg),32.73,2.0,65.46
FIS_3951,02.02.2026,15:19,Sıvı Yağ (1L),47.31,1.0,47.31
FIS_3951,02.02.2026,15:19,Çay (500g),93.83,1.0,93.83
FIS_3951,02.02.2026,15:19,Ekmek,12.06,2.0,24.12
FIS_3951,02.02.2026,15:19,Süt (1L),33.28,3.0,99.84
FIS_3952,15.07.2026,22:39,Deodorant,199.9,2.0,399.8
FIS_3952,15.07.2026,22:39,Yüz Temizleme,79.99,2.0,159.98
FIS_3952,15.07.2026,22:39,Diş Macunu,45.45,1.0,45.45
FIS_3952,15.07.2026,22:39,Bebe Şampuanı,149.9,3.0,449.7
FIS_3952,15.07.2026,22:39,Şampuan,87.03,1.0,87.03
FIS_3953,21.06.2026,13:04,Diş Macunu,43.55,3.0,130.65
FIS_3953,21.06.2026,13:04,Deodorant,199.9,1.0,199.9
FIS_3953,21.06.2026,13:04,Yüz Temizleme,79.99,1.0,79.99
FIS_3953,21.06.2026,13:04,Kil Maskesi,297.9,1.0,297.9
FIS_3953,21.06.2026,13:04,Bebe Şampuanı,149.9,2.0,299.8
FIS_3953,21.06.2026,13:04,Şampuan,84.73,3.0,254.19
FIS_3954,23.12.2026,09:23,Deodorant,199.9,3.0,599.7
FIS_3954,23.12.2026,09:23,Yüz Temizleme,79.99,2.0,159.98
FIS_3954,23.12.2026,09:23,Diş Macunu,43.7,1.0,43.7
FIS_3954,23.12.2026,09:23,Şampuan,113.9,1.0,113.9
FIS_3954,23.12.2026,09:23,Kil Maskesi,297.9,3.0,893.7
FIS_3954,23.12.2026,09:23,Plastik Poşet,1.0,1.0,1.0
FIS_3955,14.08.2026,15:41,Cola 1 LT,45.0,1.0,45.0
FIS_3955,14.08.2026,15:41,Cola 2.5 LT,55.0,1.0,55.0
FIS_3955,14.08.2026,15:41,Çay (500g),95.69,2.0,191.38
FIS_3955,14.08.2026,15:41,Su 0.5 LT,5.0,1.0,5.0
FIS_3955,14.08.2026,15:41,Kek,59.0,2.0,118.0
FIS_3955,14.08.2026,15:41,Bebe Şampuanı,149.9,2.0,299.8
FIS_3956,29.03.2026,18:06,Sıvı Yağ (1L),46.35,3.0,139.05
FIS_3956,29.03.2026,18:06,Makarna,15.6,3.0,46.8
FIS_3956,29.03.2026,18:06,Ekmek,10.95,2.0,21.9
FIS_3956,29.03.2026,18:06,Şeker (1kg),32.8,2.0,65.6
FIS_3957,28.01.2026,14:41,Salatalık (kg),21.57,2.0,43.14
FIS_3957,28.01.2026,14:41,Biber Çarliston (kg),32.95,3.0,98.85
FIS_3957,28.01.2026,14:41,Elma (kg),34.5,2.0,69.0
FIS_3957,28.01.2026,14:41,Domates (kg),26.71,1.0,26.71
FIS_3957,28.01.2026,14:41,Çay (500g),92.15,1.0,92.15
FIS_3958,15.09.2026,14:55,Deterjan (5kg),177.77,1.0,177.77
FIS_3958,15.09.2026,14:55,Diş Macunu,42.87,2.0,85.74
FIS_3958,15.09.2026,14:55,Plastik Poşet,1.0,1.0,1.0
FIS_3958,15.09.2026,14:55,Deodorant,199.9,2.0,399.8
FIS_3958,15.09.2026,14:55,Şampuan,86.86,3.0,260.58
FIS_3959,17.10.2026,10:01,Çay (500g),92.9,1.0,92.9
FIS_3959,17.10.2026,10:01,Peynir (500g),120.64,1.0,120.64
FIS_3959,17.10.2026,10:01,Süt (1L),33.7,3.0,101.1
FIS_3959,17.10.2026,10:01,Yumurta (15li),52.1,3.0,156.3
FIS_3959,17.10.2026,10:01,Ekmek,10.31,2.0,20.62
FIS_3960,13.07.2026,10:41,Yoğurt (2kg),65.23,1.0,65.23
FIS_3960,13.07.2026,10:41,Süt (1L),31.69,1.0,31.69
FIS_3960,13.07.2026,10:41,Ekmek,10.38,3.0,31.14
FIS_3960,13.07.2026,10:41,Çay (500g),91.95,1.0,91.95
FIS_3960,13.07.2026,10:41,Salatalık (kg),22.54,1.0,22.54
FIS_3961,20.04.2026,10:15,Deodorant,199.9,2.0,399.8
FIS_3961,20.04.2026,10:15,Bebe Şampuanı,149.9,2.0,299.8
FIS_3961,20.04.2026,10:15,Kil Maskesi,297.9,2.0,595.8
FIS_3961,20.04.2026,10:15,Yüz Temizleme,79.99,1.0,79.99
FIS_3961,20.04.2026,10:15,Diş Macunu,43.92,3.0,131.76
FIS_3961,20.04.2026,10:15,Şampuan,92.23,1.0,92.23
FIS_3962,18.05.2026,10:47,Süt (1L),33.69,1.0,33.69
FIS_3962,18.05.2026,10:47,Yumurta (15li),52.85,3.0,158.55
FIS_3962,18.05.2026,10:47,Peynir (500g),115.6,3.0,346.8
FIS_3962,18.05.2026,10:47,Çay (500g),93.66,3.0,280.98
FIS_3962,18.05.2026,10:47,Yoğurt (2kg),64.84,1.0,64.84
FIS_3962,18.05.2026,10:47,Ekmek,11.12,1.0,11.12
FIS_3963,21.06.2026,19:11,Kek,59.0,1.0,59.0
FIS_3963,21.06.2026,19:11,Çay (500g),93.74,1.0,93.74
FIS_3963,21.06.2026,19:11,Su 0.5 LT,5.0,3.0,15.0
FIS_3963,21.06.2026,19:11,Cola 1 LT,45.0,2.0,90.0
FIS_3963,21.06.2026,19:11,Cola 2.5 LT,55.0,1.0,55.0
FIS_3964,17.05.2026,15:50,Şampuan,116.29,2.0,232.58
FIS_3964,17.05.2026,15:50,Deodorant,199.9,2.0,399.8
FIS_3964,17.05.2026,15:50,Diş Macunu,45.72,2.0,91.44
FIS_3964,17.05.2026,15:50,Plastik Poşet,1.0,3.0,3.0
FIS_3964,17.05.2026,15:50,Kek,59.0,3.0,177.0
FIS_3965,28.07.2026,10:48,Yüz Temizleme,79.99,2.0,159.98
FIS_3965,28.07.2026,10:48,Deodorant,199.9,3.0,599.7
FIS_3965,28.07.2026,10:48,Diş Macunu,43.42,1.0,43.42
FIS_3965,28.07.2026,10:48,Şampuan,87.78,1.0,87.78
FIS_3965,28.07.2026,10:48,Kil Maskesi,297.9,2.0,595.8
FIS_3965,28.07.2026,10:48,Bebe Şampuanı,149.9,3.0,449.7
FIS_3966,03.08.2026,11:47,Diş Macunu,44.98,2.0,89.96
FIS_3966,03.08.2026,11:47,Deodorant,199.9,3.0,599.7
FIS_3966,03.08.2026,11:47,Yüz Temizleme,79.99,1.0,79.99
FIS_3966,03.08.2026,11:47,Şampuan,90.44,3.0,271.32
FIS_3966,03.08.2026,11:47,Bebe Şampuanı,149.9,3.0,449.7
FIS_3966,03.08.2026,11:47,Kil Maskesi,297.9,3.0,893.7
FIS_3967,02.05.2026,17:38,Çay (500g),94.94,1.0,94.94
FIS_3967,02.05.2026,17:38,Ekmek,11.28,3.0,33.84
FIS_3967,02.05.2026,17:38,Sıvı Yağ (1L),49.26,3.0,147.78
FIS_3967,02.05.2026,17:38,Makarna,15.69,1.0,15.69
FIS_3967,02.05.2026,17:38,Süt (1L),31.75,2.0,63.5
FIS_3967,02.05.2026,17:38,Şeker (1kg),35.04,2.0,70.08
FIS_3968,08.03.2026,14:03,Cola 1 LT,45.0,3.0,135.0
FIS_3968,08.03.2026,14:03,Çay (500g),90.53,1.0,90.53
FIS_3968,08.03.2026,14:03,Cola 2.5 LT,55.0,2.0,110.0
FIS_3968,08.03.2026,14:03,Kek,59.0,1.0,59.0
FIS_3969,09.03.2026,09:18,Çay (500g),98.03,3.0,294.09
FIS_3969,09.03.2026,09:18,Kek,59.0,3.0,177.0
FIS_3969,09.03.2026,09:18,Cola 2.5 LT,55.0,3.0,165.0
FIS_3969,09.03.2026,09:18,Su 0.5 LT,5.0,2.0,10.0
FIS_3969,09.03.2026,09:18,Deodorant,199.9,1.0,199.9
FIS_3970,03.11.2026,09:29,Makarna,15.38,3.0,46.14
FIS_3970,03.11.2026,09:29,Biber Dolmalık (kg),69.95,3.0,209.85
FIS_3970,03.11.2026,09:29,Salatalık (kg),21.65,3.0,64.95
FIS_3970,03.11.2026,09:29,Tavuk Göğsü (kg),163.56,2.0,327.12
FIS_3970,03.11.2026,09:29,Sıvı Yağ (1L),49.56,3.0,148.68
FIS_3970,03.11.2026,09:29,Domates (kg),28.12,3.0,84.36
FIS_3971,29.07.2026,15:43,Yoğurt (2kg),62.51,2.0,125.02
FIS_3971,29.07.2026,15:43,Süt (1L),31.33,2.0,62.66
FIS_3971,29.07.2026,15:43,Peynir (500g),118.29,3.0,354.87
FIS_3971,29.07.2026,15:43,Ekmek,9.64,2.0,19.28
FIS_3971,29.07.2026,15:43,Çay (500g),97.46,1.0,97.46
FIS_3972,18.10.2026,17:17,Şampuan,81.78,3.0,245.34
FIS_3972,18.10.2026,17:17,Bebe Şampuanı,149.9,2.0,299.8
FIS_3972,18.10.2026,17:17,Diş Macunu,45.67,1.0,45.67
FIS_3972,18.10.2026,17:17,Yüz Temizleme,79.99,2.0,159.98
FIS_3972,18.10.2026,17:17,Deodorant,199.9,1.0,199.9
FIS_3972,18.10.2026,17:17,Kil Maskesi,297.9,3.0,893.7
FIS_3973,07.10.2026,20:44,Deterjan (5kg),176.71,2.0,353.42
FIS_3973,07.10.2026,20:44,Plastik Poşet,1.0,1.0,1.0
FIS_3973,07.10.2026,20:44,Şampuan,76.33,1.0,76.33
FIS_3973,07.10.2026,20:44,Diş Macunu,47.09,3.0,141.27
FIS_3974,02.12.2026,19:37,Şampuan,112.85,1.0,112.85
FIS_3974,02.12.2026,19:37,Bebe Şampuanı,149.9,3.0,449.7
FIS_3974,02.12.2026,19:37,Yüz Temizleme,79.99,3.0,239.97
FIS_3974,02.12.2026,19:37,Diş Macunu,47.04,3.0,141.12
FIS_3974,02.12.2026,19:37,Kil Maskesi,297.9,1.0,297.9
FIS_3974,02.12.2026,19:37,Deodorant,199.9,1.0,199.9
FIS_3974,02.12.2026,19:37,Biber Çarliston (kg),32.95,1.0,32.95
FIS_3975,13.05.2026,16:57,Deodorant,199.9,3.0,599.7
FIS_3975,13.05.2026,16:57,Yüz Temizleme,79.99,3.0,239.97
FIS_3975,13.05.2026,16:57,Bebe Şampuanı,149.9,3.0,449.7
FIS_3975,13.05.2026,16:57,Şampuan,76.14,3.0,228.42
FIS_3975,13.05.2026,16:57,Kil Maskesi,297.9,1.0,297.9
FIS_3975,13.05.2026,16:57,Tavuk Göğsü (kg),162.1,2.0,324.2
FIS_3976,20.02.2026,21:44,Ekmek,10.91,1.0,10.91
FIS_3976,20.02.2026,21:44,Peynir (500g),120.7,2.0,241.4
FIS_3976,20.02.2026,21:44,Süt (1L),33.82,3.0,101.46
FIS_3976,20.02.2026,21:44,Yumurta (15li),55.91,1.0,55.91
FIS_3976,20.02.2026,21:44,Yoğurt (2kg),68.0,3.0,204.0
FIS_3977,12.10.2026,20:41,Ekmek,10.86,1.0,10.86
FIS_3977,12.10.2026,20:41,Yoğurt (2kg),67.61,3.0,202.83
FIS_3977,12.10.2026,20:41,Peynir (500g),110.18,3.0,330.54
FIS_3977,12.10.2026,20:41,Yumurta (15li),52.52,2.0,105.04
FIS_3977,12.10.2026,20:41,Çay (500g),94.72,3.0,284.16
FIS_3978,08.07.2026,15:24,Şampuan,95.61,3.0,286.83
FIS_3978,08.07.2026,15:24,Deterjan (5kg),193.62,3.0,580.86
FIS_3978,08.07.2026,15:24,Deodorant,199.9,1.0,199.9
FIS_3978,08.07.2026,15:24,Diş Macunu,46.23,2.0,92.46
FIS_3978,08.07.2026,15:24,Plastik Poşet,1.0,3.0,3.0
FIS_3979,19.03.2026,09:22,Deterjan (5kg),186.84,2.0,373.68
FIS_3979,19.03.2026,09:22,Şampuan,118.33,1.0,118.33
FIS_3979,19.03.2026,09:22,Plastik Poşet,1.0,2.0,2.0
FIS_3979,19.03.2026,09:22,Deodorant,199.9,2.0,399.8
FIS_3979,19.03.2026,09:22,Çay (500g),93.44,2.0,186.88
FIS_3980,31.03.2026,20:41,Cola 1 LT,45.0,3.0,135.0
FIS_3980,31.03.2026,20:41,Çay (500g),94.63,3.0,283.89
FIS_3980,31.03.2026,20:41,Su 0.5 LT,5.0,3.0,15.0
FIS_3980,31.03.2026,20:41,Cola 2.5 LT,55.0,3.0,165.0
FIS_3980,31.03.2026,20:41,Kek,59.0,2.0,118.0
FIS_3981,07.08.2026,14:38,Deterjan (5kg),187.42,3.0,562.26
FIS_3981,07.08.2026,14:38,Plastik Poşet,1.0,2.0,2.0
FIS_3981,07.08.2026,14:38,Şampuan,88.23,3.0,264.69
FIS_3981,07.08.2026,14:38,Deodorant,199.9,1.0,199.9
FIS_3982,07.07.2026,13:49,Salatalık (kg),23.07,2.0,46.14
FIS_3982,07.07.2026,13:49,Limon Taze (kg),119.95,1.0,119.95
FIS_3982,07.07.2026,13:49,Biber Çarliston (kg),32.95,1.0,32.95
FIS_3982,07.07.2026,13:49,Domates (kg),28.17,3.0,84.51
FIS_3982,07.07.2026,13:49,Elma (kg),34.5,2.0,69.0
FIS_3982,07.07.2026,13:49,Cola 2.5 LT,55.0,3.0,165.0
FIS_3983,21.05.2026,09:53,Sıvı Yağ (1L),48.57,1.0,48.57
FIS_3983,21.05.2026,09:53,Makarna,16.34,1.0,16.34
FIS_3983,21.05.2026,09:53,Biber Dolmalık (kg),69.95,2.0,139.9
FIS_3983,21.05.2026,09:53,Tavuk Göğsü (kg),163.49,3.0,490.47
FIS_3983,21.05.2026,09:53,Çay (500g),90.9,2.0,181.8
FIS_3984,21.02.2026,15:08,Domates (kg),27.0,3.0,81.0
FIS_3984,21.02.2026,15:08,Biber Çarliston (kg),32.95,1.0,32.95
FIS_3984,21.02.2026,15:08,Salatalık (kg),21.72,1.0,21.72
FIS_3984,21.02.2026,15:08,Limon Taze (kg),119.95,3.0,359.85
FIS_3984,21.02.2026,15:08,Şampuan,78.83,1.0,78.83
FIS_3985,02.10.2026,12:30,Plastik Poşet,1.0,3.0,3.0
FIS_3985,02.10.2026,12:30,Şampuan,84.34,3.0,253.02
FIS_3985,02.10.2026,12:30,Deodorant,199.9,1.0,199.9
FIS_3985,02.10.2026,12:30,Diş Macunu,44.41,1.0,44.41
FIS_3985,02.10.2026,12:30,Deterjan (5kg),188.8,1.0,188.8
FIS_3986,27.06.2026,18:01,Süt (1L),32.65,1.0,32.65
FIS_3986,27.06.2026,18:01,Şeker (1kg),35.43,1.0,35.43
FIS_3986,27.06.2026,18:01,Sıvı Yağ (1L),49.91,2.0,99.82
FIS_3986,27.06.2026,18:01,Ekmek,10.82,3.0,32.46
FIS_3986,27.06.2026,18:01,Makarna,16.06,3.0,48.18
FIS_3987,04.07.2026,15:35,Çay (500g),90.58,2.0,181.16
FIS_3987,04.07.2026,15:35,Süt (1L),31.31,2.0,62.62
FIS_3987,04.07.2026,15:35,Peynir (500g),119.71,3.0,359.13
FIS_3987,04.07.2026,15:35,Ekmek,13.75,1.0,13.75
FIS_3987,04.07.2026,15:35,Yumurta (15li),52.98,3.0,158.94
FIS_3987,04.07.2026,15:35,Yoğurt (2kg),63.95,1.0,63.95
FIS_3988,19.09.2026,20:58,Yumurta (15li),54.27,1.0,54.27
FIS_3988,19.09.2026,20:58,Yoğurt (2kg),62.38,3.0,187.14
FIS_3988,19.09.2026,20:58,Çay (500g),96.53,3.0,289.59
FIS_3988,19.09.2026,20:58,Süt (1L),31.69,2.0,63.38
FIS_3988,19.09.2026,20:58,Peynir (500g),111.86,2.0,223.72
FIS_3988,19.09.2026,20:58,Ekmek,11.75,3.0,35.25
FIS_3988,19.09.2026,20:58,Diş Macunu,45.61,1.0,45.61
FIS_3989,11.12.2026,11:29,Salatalık (kg),22.29,3.0,66.87
FIS_3989,11.12.2026,11:29,Domates (kg),26.65,2.0,53.3
FIS_3989,11.12.2026,11:29,Biber Çarliston (kg),32.95,2.0,65.9
FIS_3989,11.12.2026,11:29,Limon Taze (kg),119.95,2.0,239.9
FIS_3989,11.12.2026,11:29,Biber Dolmalık (kg),69.95,2.0,139.9
FIS_3990,24.12.2026,20:01,Salatalık (kg),22.19,1.0,22.19
FIS_3990,24.12.2026,20:01,Domates (kg),28.32,3.0,84.96
FIS_3990,24.12.2026,20:01,Limon Taze (kg),119.95,2.0,239.9
FIS_3990,24.12.2026,20:01,Elma (kg),34.5,1.0,34.5
FIS_3990,24.12.2026,20:01,Biber Çarliston (kg),32.95,2.0,65.9
FIS_3991,24.08.2026,11:14,Kek,59.0,1.0,59.0
FIS_3991,24.08.2026,11:14,Su 0.5 LT,5.0,3.0,15.0
FIS_3991,24.08.2026,11:14,Cola 1 LT,45.0,3.0,135.0
FIS_3991,24.08.2026,11:14,Çay (500g),98.59,1.0,98.59
FIS_3991,24.08.2026,11:14,Cola 2.5 LT,55.0,1.0,55.0
FIS_3992,22.11.2026,08:32,Deodorant,199.9,2.0,399.8
FIS_3992,22.11.2026,08:32,Plastik Poşet,1.0,2.0,2.0
FIS_3992,22.11.2026,08:32,Diş Macunu,46.19,2.0,92.38
FIS_3992,22.11.2026,08:32,Deterjan (5kg),191.61,1.0,191.61
FIS_3993,15.06.2026,20:56,Makarna,16.38,1.0,16.38
FIS_3993,15.06.2026,20:56,Şeker (1kg),33.07,3.0,99.21
FIS_3993,15.06.2026,20:56,Süt (1L),31.0,1.0,31.0
FIS_3993,15.06.2026,20:56,Ekmek,10.75,2.0,21.5
FIS_3994,30.12.2026,10:19,Yumurta (15li),53.05,2.0,106.1
FIS_3994,30.12.2026,10:19,Yoğurt (2kg),67.21,3.0,201.63
FIS_3994,30.12.2026,10:19,Peynir (500g),119.92,2.0,239.84
FIS_3994,30.12.2026,10:19,Çay (500g),91.95,2.0,183.9
FIS_3994,30.12.2026,10:19,Ekmek,12.04,2.0,24.08
FIS_3994,30.12.2026,10:19,Süt (1L),31.04,2.0,62.08
FIS_3995,26.03.2026,13:28,Peynir (500g),117.04,2.0,234.08
FIS_3995,26.03.2026,13:28,Yoğurt (2kg),64.12,1.0,64.12
FIS_3995,26.03.2026,13:28,Süt (1L),33.64,2.0,67.28
FIS_3995,26.03.2026,13:28,Yumurta (15li),54.74,1.0,54.74
FIS_3996,26.09.2026,14:14,Ekmek,12.61,3.0,37.83
FIS_3996,26.09.2026,14:14,Peynir (500g),110.36,1.0,110.36
FIS_3996,26.09.2026,14:14,Çay (500g),91.27,2.0,182.54
FIS_3996,26.09.2026,14:14,Süt (1L),33.96,3.0,101.88
FIS_3996,26.09.2026,14:14,Yoğurt (2kg),62.72,1.0,62.72
FIS_3997,14.01.2026,12:05,Çay (500g),98.59,2.0,197.18
FIS_3997,14.01.2026,12:05,Cola 2.5 LT,55.0,2.0,110.0
FIS_3997,14.01.2026,12:05,Cola 1 LT,45.0,1.0,45.0
FIS_3997,14.01.2026,12:05,Su 0.5 LT,5.0,1.0,5.0
FIS_3997,14.01.2026,12:05,Kek,59.0,1.0,59.0
FIS_3998,21.04.2026,09:53,Domates (kg),26.91,3.0,80.73
FIS_3998,21.04.2026,09:53,Makarna,15.05,3.0,45.15
FIS_3998,21.04.2026,09:53,Tavuk Göğsü (kg),160.72,1.0,160.72
FIS_3998,21.04.2026,09:53,Biber Dolmalık (kg),69.95,3.0,209.85
FIS_3998,21.04.2026,09:53,Salatalık (kg),21.9,3.0,65.7
FIS_3998,21.04.2026,09:53,Sıvı Yağ (1L),48.45,3.0,145.35
FIS_3998,21.04.2026,09:53,Çay (500g),90.93,1.0,90.93
FIS_3999,27.11.2026,08:11,Bebe Şampuanı,149.9,3.0,449.7
FIS_3999,27.11.2026,08:11,Deodorant,199.9,2.0,399.8
FIS_3999,27.11.2026,08:11,Kil Maskesi,297.9,3.0,893.7
FIS_3999,27.11.2026,08:11,Şampuan,89.23,3.0,267.69
FIS_3999,27.11.2026,08:11,Diş Macunu,44.13,3.0,132.39
FIS_3999,27.11.2026,08:11,Yüz Temizleme,79.99,3.0,239.97
FIS_4000,15.03.2026,11:00,Şampuan,102.99,2.0,205.98
FIS_4000,15.03.2026,11:00,Plastik Poşet,1.0,3.0,3.0
FIS_4000,15.03.2026,11:00,Diş Macunu,46.17,2.0,92.34
FIS_4000,15.03.2026,11:00,Deterjan (5kg),182.04,2.0,364.08
FIS_4000,15.03.2026,11:00,Deodorant,199.9,2.0,399.8
FIS_4001,06.05.2026,15:00,Ekmek,12.52,2.0,25.04
FIS_4001,06.05.2026,15:00,Makarna,15.64,2.0,31.28
FIS_4001,06.05.2026,15:00,Şeker (1kg),34.73,2.0,69.46
FIS_4001,06.05.2026,15:00,Süt (1L),31.17,1.0,31.17
FIS_4001,06.05.2026,15:00,Çay (500g),96.39,3.0,289.17
FIS_4001,06.05.2026,15:00,Sıvı Yağ (1L),50.41,2.0,100.82
FIS_4002,04.02.2026,10:01,Süt (1L),32.26,1.0,32.26
FIS_4002,04.02.2026,10:01,Makarna,16.21,3.0,48.63
FIS_4002,04.02.2026,10:01,Ekmek,9.79,1.0,9.79
FIS_4002,04.02.2026,10:01,Şeker (1kg),33.18,3.0,99.54
FIS_4002,04.02.2026,10:01,Çay (500g),91.4,2.0,182.8
FIS_4002,04.02.2026,10:01,Sıvı Yağ (1L),49.12,3.0,147.36
FIS_4003,15.08.2026,08:24,Bebe Şampuanı,149.9,3.0,449.7
FIS_4003,15.08.2026,08:24,Kil Maskesi,297.9,1.0,297.9
FIS_4003,15.08.2026,08:24,Diş Macunu,43.07,1.0,43.07
FIS_4003,15.08.2026,08:24,Yüz Temizleme,79.99,3.0,239.97
FIS_4003,15.08.2026,08:24,Şampuan,96.46,2.0,192.92
FIS_4003,15.08.2026,08:24,Biber Dolmalık (kg),69.95,2.0,139.9
FIS_4004,01.08.2026,11:58,Cola 1 LT,45.0,1.0,45.0
FIS_4004,01.08.2026,11:58,Kek,59.0,2.0,118.0
FIS_4004,01.08.2026,11:58,Çay (500g),97.43,1.0,97.43
FIS_4004,01.08.2026,11:58,Cola 2.5 LT,55.0,3.0,165.0
FIS_4004,01.08.2026,11:58,Ekmek,12.05,3.0,36.15
FIS_4005,18.03.2026,21:15,Şampuan,101.8,2.0,203.6
FIS_4005,18.03.2026,21:15,Diş Macunu,44.44,1.0,44.44
FIS_4005,18.03.2026,21:15,Yüz Temizleme,79.99,2.0,159.98
FIS_4005,18.03.2026,21:15,Kil Maskesi,297.9,3.0,893.7
FIS_4005,18.03.2026,21:15,Deodorant,199.9,1.0,199.9
FIS_4005,18.03.2026,21:15,Bebe Şampuanı,149.9,3.0,449.7
FIS_4006,14.04.2026,20:43,Kek,59.0,1.0,59.0
FIS_4006,14.04.2026,20:43,Cola 1 LT,45.0,2.0,90.0
FIS_4006,14.04.2026,20:43,Cola 2.5 LT,55.0,2.0,110.0
FIS_4006,14.04.2026,20:43,Su 0.5 LT,5.0,1.0,5.0
FIS_4006,14.04.2026,20:43,Çay (500g),94.3,1.0,94.3
FIS_4006,14.04.2026,20:43,Yumurta (15li),55.93,2.0,111.86
FIS_4007,02.02.2026,20:09,Kek,59.0,2.0,118.0
FIS_4007,02.02.2026,20:09,Çay (500g),99.05,2.0,198.1
FIS_4007,02.02.2026,20:09,Cola 2.5 LT,55.0,2.0,110.0
FIS_4007,02.02.2026,20:09,Cola 1 LT,45.0,2.0,90.0
FIS_4008,11.11.2026,15:26,Plastik Poşet,1.0,2.0,2.0
FIS_4008,11.11.2026,15:26,Diş Macunu,46.45,1.0,46.45
FIS_4008,11.11.2026,15:26,Deodorant,199.9,3.0,599.7
FIS_4008,11.11.2026,15:26,Şampuan,78.01,1.0,78.01
FIS_4008,11.11.2026,15:26,Deterjan (5kg),193.4,3.0,580.2
FIS_4008,11.11.2026,15:26,Makarna,15.17,3.0,45.51
FIS_4009,03.08.2026,13:24,Domates (kg),29.08,2.0,58.16
FIS_4009,03.08.2026,13:24,Salatalık (kg),22.96,1.0,22.96
FIS_4009,03.08.2026,13:24,Elma (kg),34.5,1.0,34.5
FIS_4009,03.08.2026,13:24,Limon Taze (kg),119.95,3.0,359.85
FIS_4009,03.08.2026,13:24,Biber Çarliston (kg),32.95,2.0,65.9
FIS_4010,27.10.2026,20:13,Şampuan,109.41,2.0,218.82
FIS_4010,27.10.2026,20:13,Deterjan (5kg),192.36,1.0,192.36
FIS_4010,27.10.2026,20:13,Deodorant,199.9,1.0,199.9
FIS_4010,27.10.2026,20:13,Diş Macunu,44.05,2.0,88.1
FIS_4010,27.10.2026,20:13,Plastik Poşet,1.0,3.0,3.0
FIS_4011,25.12.2026,18:46,Deodorant,199.9,1.0,199.9
FIS_4011,25.12.2026,18:46,Bebe Şampuanı,149.9,3.0,449.7
FIS_4011,25.12.2026,18:46,Kil Maskesi,297.9,3.0,893.7
FIS_4011,25.12.2026,18:46,Yüz Temizleme,79.99,1.0,79.99
FIS_4012,15.04.2026,11:41,Domates (kg),27.24,3.0,81.72
FIS_4012,15.04.2026,11:41,Elma (kg),34.5,1.0,34.5
FIS_4012,15.04.2026,11:41,Salatalık (kg),22.92,3.0,68.76
FIS_4012,15.04.2026,11:41,Limon Taze (kg),119.95,2.0,239.9
FIS_4013,12.06.2026,09:45,Su 0.5 LT,5.0,1.0,5.0
FIS_4013,12.06.2026,09:45,Çay (500g),98.13,3.0,294.39
FIS_4013,12.06.2026,09:45,Cola 1 LT,45.0,1.0,45.0
FIS_4013,12.06.2026,09:45,Cola 2.5 LT,55.0,1.0,55.0
FIS_4013,12.06.2026,09:45,Kek,59.0,1.0,59.0
FIS_4014,14.01.2026,21:53,Yoğurt (2kg),63.13,1.0,63.13
FIS_4014,14.01.2026,21:53,Süt (1L),32.31,2.0,64.62
FIS_4014,14.01.2026,21:53,Yumurta (15li),54.92,2.0,109.84
FIS_4014,14.01.2026,21:53,Çay (500g),90.57,3.0,271.71
FIS_4014,14.01.2026,21:53,Peynir (500g),111.22,3.0,333.66
FIS_4014,14.01.2026,21:53,Ekmek,11.94,2.0,23.88
FIS_4014,14.01.2026,21:53,Plastik Poşet,1.0,3.0,3.0
FIS_4015,23.11.2026,09:44,Tavuk Göğsü (kg),171.13,3.0,513.39
FIS_4015,23.11.2026,09:44,Salatalık (kg),21.7,3.0,65.1
FIS_4015,23.11.2026,09:44,Makarna,16.51,2.0,33.02
FIS_4015,23.11.2026,09:44,Sıvı Yağ (1L),47.47,3.0,142.41
FIS_4015,23.11.2026,09:44,Domates (kg),29.35,1.0,29.35
FIS_4016,07.04.2026,10:16,Domates (kg),27.89,2.0,55.78
FIS_4016,07.04.2026,10:16,Salatalık (kg),22.16,3.0,66.48
FIS_4016,07.04.2026,10:16,Biber Çarliston (kg),32.95,3.0,98.85
FIS_4016,07.04.2026,10:16,Limon Taze (kg),119.95,3.0,359.85
FIS_4016,07.04.2026,10:16,Elma (kg),34.5,1.0,34.5
FIS_4016,07.04.2026,10:16,Diş Macunu,46.98,3.0,140.94
FIS_4017,18.09.2026,17:40,Çay (500g),90.94,2.0,181.88
FIS_4017,18.09.2026,17:40,Ekmek,11.24,3.0,33.72
FIS_4017,18.09.2026,17:40,Şeker (1kg),33.5,3.0,100.5
FIS_4017,18.09.2026,17:40,Süt (1L),31.66,2.0,63.32
FIS_4017,18.09.2026,17:40,Makarna,15.27,3.0,45.81
FIS_4017,18.09.2026,17:40,Sıvı Yağ (1L),49.25,2.0,98.5
FIS_4017,18.09.2026,17:40,Şampuan,96.37,1.0,96.37
FIS_4018,02.09.2026,12:29,Plastik Poşet,1.0,2.0,2.0
FIS_4018,02.09.2026,12:29,Deterjan (5kg),181.14,1.0,181.14
FIS_4018,02.09.2026,12:29,Deodorant,199.9,2.0,399.8
FIS_4018,02.09.2026,12:29,Diş Macunu,45.19,1.0,45.19
FIS_4018,02.09.2026,12:29,Şampuan,75.72,3.0,227.16
FIS_4018,02.09.2026,12:29,Çay (500g),90.7,2.0,181.4
FIS_4019,03.12.2026,09:25,Biber Çarliston (kg),32.95,3.0,98.85
FIS_4019,03.12.2026,09:25,Domates (kg),29.83,1.0,29.83
FIS_4019,03.12.2026,09:25,Salatalık (kg),21.6,3.0,64.8
FIS_4019,03.12.2026,09:25,Limon Taze (kg),119.95,2.0,239.9
FIS_4020,13.08.2026,13:37,Yüz Temizleme,79.99,2.0,159.98
FIS_4020,13.08.2026,13:37,Diş Macunu,46.6,2.0,93.2
FIS_4020,13.08.2026,13:37,Bebe Şampuanı,149.9,3.0,449.7
FIS_4020,13.08.2026,13:37,Şampuan,81.38,1.0,81.38
FIS_4020,13.08.2026,13:37,Kil Maskesi,297.9,3.0,893.7
FIS_4020,13.08.2026,13:37,Deodorant,199.9,3.0,599.7
FIS_4021,28.06.2026,14:20,Çay (500g),99.39,3.0,298.17
FIS_4021,28.06.2026,14:20,Kek,59.0,3.0,177.0
FIS_4021,28.06.2026,14:20,Cola 1 LT,45.0,1.0,45.0
FIS_4021,28.06.2026,14:20,Cola 2.5 LT,55.0,3.0,165.0
FIS_4022,14.03.2026,09:29,Sıvı Yağ (1L),48.17,2.0,96.34
FIS_4022,14.03.2026,09:29,Şeker (1kg),34.37,1.0,34.37
FIS_4022,14.03.2026,09:29,Ekmek,9.54,1.0,9.54
FIS_4022,14.03.2026,09:29,Çay (500g),90.42,3.0,271.26
FIS_4022,14.03.2026,09:29,Süt (1L),32.05,1.0,32.05
FIS_4022,14.03.2026,09:29,Makarna,16.38,2.0,32.76
FIS_4023,02.04.2026,15:48,Çay (500g),97.78,3.0,293.34
FIS_4023,02.04.2026,15:48,Cola 2.5 LT,55.0,2.0,110.0
FIS_4023,02.04.2026,15:48,Su 0.5 LT,5.0,3.0,15.0
FIS_4023,02.04.2026,15:48,Kek,59.0,2.0,118.0
FIS_4023,02.04.2026,15:48,Cola 1 LT,45.0,1.0,45.0
FIS_4024,03.01.2026,20:34,Cola 1 LT,45.0,1.0,45.0
FIS_4024,03.01.2026,20:34,Su 0.5 LT,5.0,3.0,15.0
FIS_4024,03.01.2026,20:34,Çay (500g),98.09,2.0,196.18
FIS_4024,03.01.2026,20:34,Kek,59.0,2.0,118.0
FIS_4025,22.08.2026,22:47,Ekmek,11.67,3.0,35.01
FIS_4025,22.08.2026,22:47,Makarna,16.41,1.0,16.41
FIS_4025,22.08.2026,22:47,Şeker (1kg),32.37,3.0,97.11
FIS_4025,22.08.2026,22:47,Çay (500g),90.92,2.0,181.84
FIS_4025,22.08.2026,22:47,Bebe Şampuanı,149.9,1.0,149.9
FIS_4026,07.02.2026,08:52,Salatalık (kg),22.17,3.0,66.51
FIS_4026,07.02.2026,08:52,Domates (kg),28.2,3.0,84.6
FIS_4026,07.02.2026,08:52,Makarna,16.0,2.0,32.0
FIS_4026,07.02.2026,08:52,Sıvı Yağ (1L),46.58,3.0,139.74
FIS_4026,07.02.2026,08:52,Biber Dolmalık (kg),69.95,3.0,209.85
FIS_4026,07.02.2026,08:52,Tavuk Göğsü (kg),171.56,1.0,171.56
FIS_4026,07.02.2026,08:52,Şampuan,104.31,3.0,312.93
FIS_4027,20.11.2026,15:06,Çay (500g),94.08,1.0,94.08
FIS_4027,20.11.2026,15:06,Su 0.5 LT,5.0,3.0,15.0
FIS_4027,20.11.2026,15:06,Cola 2.5 LT,55.0,3.0,165.0
FIS_4027,20.11.2026,15:06,Kek,59.0,1.0,59.0
FIS_4027,20.11.2026,15:06,Cola 1 LT,45.0,2.0,90.0
FIS_4028,09.01.2026,08:39,Diş Macunu,44.37,2.0,88.74
FIS_4028,09.01.2026,08:39,Bebe Şampuanı,149.9,3.0,449.7
FIS_4028,09.01.2026,08:39,Deodorant,199.9,1.0,199.9
FIS_4028,09.01.2026,08:39,Şampuan,99.51,2.0,199.02
FIS_4028,09.01.2026,08:39,Yüz Temizleme,79.99,3.0,239.97
FIS_4029,27.12.2026,08:29,Yoğurt (2kg),66.68,2.0,133.36
FIS_4029,27.12.2026,08:29,Yumurta (15li),53.97,3.0,161.91
FIS_4029,27.12.2026,08:29,Çay (500g),95.73,1.0,95.73
FIS_4029,27.12.2026,08:29,Süt (1L),33.82,2.0,67.64
FIS_4029,27.12.2026,08:29,Ekmek,9.69,3.0,29.07
FIS_4030,19.02.2026,08:04,Su 0.5 LT,5.0,1.0,5.0
FIS_4030,19.02.2026,08:04,Cola 1 LT,45.0,2.0,90.0
FIS_4030,19.02.2026,08:04,Çay (500g),98.68,3.0,296.04
FIS_4030,19.02.2026,08:04,Kek,59.0,3.0,177.0
FIS_4030,19.02.2026,08:04,Plastik Poşet,1.0,1.0,1.0
FIS_4031,23.04.2026,13:18,Elma (kg),34.5,1.0,34.5
FIS_4031,23.04.2026,13:18,Biber Çarliston (kg),32.95,2.0,65.9
FIS_4031,23.04.2026,13:18,Domates (kg),27.4,3.0,82.2
FIS_4031,23.04.2026,13:18,Limon Taze (kg),119.95,2.0,239.9
FIS_4032,21.11.2026,14:54,Şampuan,117.55,3.0,352.65
FIS_4032,21.11.2026,14:54,Deterjan (5kg),178.54,3.0,535.62
FIS_4032,21.11.2026,14:54,Deodorant,199.9,2.0,399.8
FIS_4032,21.11.2026,14:54,Diş Macunu,43.4,3.0,130.2
FIS_4033,14.03.2026,12:25,Elma (kg),34.5,3.0,103.5
FIS_4033,14.03.2026,12:25,Salatalık (kg),22.88,1.0,22.88
FIS_4033,14.03.2026,12:25,Limon Taze (kg),119.95,2.0,239.9
FIS_4033,14.03.2026,12:25,Biber Çarliston (kg),32.95,1.0,32.95
FIS_4033,14.03.2026,12:25,Domates (kg),27.6,3.0,82.8
FIS_4033,14.03.2026,12:25,Ekmek,11.21,1.0,11.21
FIS_4034,13.06.2026,09:37,Yumurta (15li),54.8,3.0,164.4
FIS_4034,13.06.2026,09:37,Yoğurt (2kg),62.2,3.0,186.6
FIS_4034,13.06.2026,09:37,Peynir (500g),117.27,1.0,117.27
FIS_4034,13.06.2026,09:37,Ekmek,13.95,2.0,27.9
FIS_4034,13.06.2026,09:37,Çay (500g),98.58,3.0,295.74
FIS_4034,13.06.2026,09:37,Süt (1L),33.83,2.0,67.66
FIS_4035,03.11.2026,19:48,Ekmek,12.16,3.0,36.48
FIS_4035,03.11.2026,19:48,Çay (500g),97.87,3.0,293.61
FIS_4035,03.11.2026,19:48,Makarna,15.34,3.0,46.02
FIS_4035,03.11.2026,19:48,Sıvı Yağ (1L),48.24,1.0,48.24
FIS_4036,02.01.2026,20:19,Ekmek,12.32,1.0,12.32
FIS_4036,02.01.2026,20:19,Süt (1L),32.93,1.0,32.93
FIS_4036,02.01.2026,20:19,Makarna,15.05,2.0,30.1
FIS_4036,02.01.2026,20:19,Sıvı Yağ (1L),49.5,3.0,148.5
FIS_4036,02.01.2026,20:19,Şeker (1kg),33.84,2.0,67.68
FIS_4036,02.01.2026,20:19,Çay (500g),91.17,2.0,182.34
FIS_4036,02.01.2026,20:19,Salatalık (kg),22.27,3.0,66.81
FIS_4037,26.11.2026,08:32,Süt (1L),31.94,2.0,63.88
FIS_4037,26.11.2026,08:32,Çay (500g),98.54,2.0,197.08
FIS_4037,26.11.2026,08:32,Sıvı Yağ (1L),49.8,1.0,49.8
FIS_4037,26.11.2026,08:32,Şeker (1kg),35.26,3.0,105.78
FIS_4037,26.11.2026,08:32,Makarna,15.31,1.0,15.31
FIS_4038,19.01.2026,13:43,Salatalık (kg),21.85,2.0,43.7
FIS_4038,19.01.2026,13:43,Domates (kg),28.64,2.0,57.28
FIS_4038,19.01.2026,13:43,Elma (kg),34.5,1.0,34.5
FIS_4038,19.01.2026,13:43,Limon Taze (kg),119.95,1.0,119.95
FIS_4039,07.06.2026,10:42,Su 0.5 LT,5.0,1.0,5.0
FIS_4039,07.06.2026,10:42,Çay (500g),94.07,2.0,188.14
FIS_4039,07.06.2026,10:42,Kek,59.0,3.0,177.0
FIS_4039,07.06.2026,10:42,Cola 2.5 LT,55.0,3.0,165.0
FIS_4040,11.09.2026,15:25,Çay (500g),94.32,3.0,282.96
FIS_4040,11.09.2026,15:25,Makarna,16.38,3.0,49.14
FIS_4040,11.09.2026,15:25,Süt (1L),32.11,1.0,32.11
FIS_4040,11.09.2026,15:25,Sıvı Yağ (1L),49.61,2.0,99.22
FIS_4041,24.11.2026,10:29,Çay (500g),94.42,3.0,283.26
FIS_4041,24.11.2026,10:29,Cola 2.5 LT,55.0,3.0,165.0
FIS_4041,24.11.2026,10:29,Cola 1 LT,45.0,1.0,45.0
FIS_4041,24.11.2026,10:29,Su 0.5 LT,5.0,2.0,10.0
FIS_4042,13.02.2026,14:52,Şampuan,83.06,2.0,166.12
FIS_4042,13.02.2026,14:52,Deterjan (5kg),186.28,1.0,186.28
FIS_4042,13.02.2026,14:52,Plastik Poşet,1.0,2.0,2.0
FIS_4042,13.02.2026,14:52,Diş Macunu,45.52,2.0,91.04
FIS_4043,27.08.2026,10:27,Deodorant,199.9,2.0,399.8
FIS_4043,27.08.2026,10:27,Diş Macunu,42.88,1.0,42.88
FIS_4043,27.08.2026,10:27,Deterjan (5kg),192.67,2.0,385.34
FIS_4043,27.08.2026,10:27,Plastik Poşet,1.0,2.0,2.0
FIS_4043,27.08.2026,10:27,Şampuan,76.61,2.0,153.22
FIS_4044,18.06.2026,15:35,Limon Taze (kg),119.95,1.0,119.95
FIS_4044,18.06.2026,15:35,Domates (kg),28.36,2.0,56.72
FIS_4044,18.06.2026,15:35,Biber Çarliston (kg),32.95,1.0,32.95
FIS_4044,18.06.2026,15:35,Salatalık (kg),23.24,2.0,46.48
FIS_4045,27.09.2026,14:02,Yumurta (15li),52.36,2.0,104.72
FIS_4045,27.09.2026,14:02,Ekmek,12.03,2.0,24.06
FIS_4045,27.09.2026,14:02,Süt (1L),32.08,2.0,64.16
FIS_4045,27.09.2026,14:02,Yoğurt (2kg),68.14,3.0,204.42
FIS_4045,27.09.2026,14:02,Çay (500g),92.49,1.0,92.49
FIS_4045,27.09.2026,14:02,Peynir (500g),118.16,3.0,354.48
FIS_4045,27.09.2026,14:02,Bebe Şampuanı,149.9,1.0,149.9
FIS_4046,22.02.2026,19:56,Biber Dolmalık (kg),69.95,2.0,139.9
FIS_4046,22.02.2026,19:56,Tavuk Göğsü (kg),159.6,1.0,159.6
FIS_4046,22.02.2026,19:56,Makarna,15.6,3.0,46.8
FIS_4046,22.02.2026,19:56,Salatalık (kg),22.72,1.0,22.72
FIS_4046,22.02.2026,19:56,Domates (kg),29.89,1.0,29.89
FIS_4047,27.04.2026,21:12,Cola 1 LT,45.0,2.0,90.0
FIS_4047,27.04.2026,21:12,Çay (500g),96.21,1.0,96.21
FIS_4047,27.04.2026,21:12,Cola 2.5 LT,55.0,2.0,110.0
FIS_4047,27.04.2026,21:12,Su 0.5 LT,5.0,2.0,10.0
FIS_4048,30.11.2026,19:27,Biber Dolmalık (kg),69.95,3.0,209.85
FIS_4048,30.11.2026,19:27,Makarna,15.42,1.0,15.42
FIS_4048,30.11.2026,19:27,Sıvı Yağ (1L),49.46,2.0,98.92
FIS_4048,30.11.2026,19:27,Domates (kg),28.23,3.0,84.69
FIS_4048,30.11.2026,19:27,Tavuk Göğsü (kg),158.31,3.0,474.93
FIS_4049,22.05.2026,12:25,Deodorant,199.9,1.0,199.9
FIS_4049,22.05.2026,12:25,Kil Maskesi,297.9,2.0,595.8
FIS_4049,22.05.2026,12:25,Yüz Temizleme,79.99,2.0,159.98
FIS_4049,22.05.2026,12:25,Diş Macunu,43.72,2.0,87.44
FIS_4049,22.05.2026,12:25,Şampuan,106.58,2.0,213.16
FIS_4049,22.05.2026,12:25,Bebe Şampuanı,149.9,2.0,299.8
FIS_4050,09.10.2026,16:42,Şeker (1kg),34.97,3.0,104.91
FIS_4050,09.10.2026,16:42,Makarna,16.13,1.0,16.13
FIS_4050,09.10.2026,16:42,Süt (1L),33.05,2.0,66.1
FIS_4050,09.10.2026,16:42,Çay (500g),96.35,2.0,192.7
FIS_4050,09.10.2026,16:42,Sıvı Yağ (1L),49.14,2.0,98.28
FIS_4051,11.09.2026,11:27,Çay (500g),97.78,2.0,195.56
FIS_4051,11.09.2026,11:27,Kek,59.0,2.0,118.0
FIS_4051,11.09.2026,11:27,Cola 1 LT,45.0,3.0,135.0
FIS_4051,11.09.2026,11:27,Su 0.5 LT,5.0,2.0,10.0
FIS_4051,11.09.2026,11:27,Cola 2.5 LT,55.0,3.0,165.0
FIS_4052,29.07.2026,20:51,Elma (kg),34.5,3.0,103.5
FIS_4052,29.07.2026,20:51,Limon Taze (kg),119.95,1.0,119.95
FIS_4052,29.07.2026,20:51,Domates (kg),29.12,2.0,58.24
FIS_4052,29.07.2026,20:51,Salatalık (kg),22.11,1.0,22.11
FIS_4053,04.07.2026,19:02,Limon Taze (kg),119.95,1.0,119.95
FIS_4053,04.07.2026,19:02,Elma (kg),34.5,3.0,103.5
FIS_4053,04.07.2026,19:02,Salatalık (kg),23.06,3.0,69.18
FIS_4053,04.07.2026,19:02,Biber Çarliston (kg),32.95,2.0,65.9
FIS_4053,04.07.2026,19:02,Ekmek,11.52,3.0,34.56
FIS_4054,08.09.2026,22:09,Şeker (1kg),32.46,2.0,64.92
FIS_4054,08.09.2026,22:09,Çay (500g),91.62,3.0,274.86
FIS_4054,08.09.2026,22:09,Makarna,16.52,1.0,16.52
FIS_4054,08.09.2026,22:09,Sıvı Yağ (1L),47.82,3.0,143.46
FIS_4054,08.09.2026,22:09,Ekmek,10.11,3.0,30.33
FIS_4054,08.09.2026,22:09,Süt (1L),32.97,2.0,65.94
FIS_4055,25.06.2026,08:42,Tavuk Göğsü (kg),161.13,3.0,483.39
FIS_4055,25.06.2026,08:42,Salatalık (kg),22.91,3.0,68.73
FIS_4055,25.06.2026,08:42,Domates (kg),27.37,1.0,27.37
FIS_4055,25.06.2026,08:42,Sıvı Yağ (1L),49.71,3.0,149.13
FIS_4055,25.06.2026,08:42,Biber Dolmalık (kg),69.95,2.0,139.9
FIS_4055,25.06.2026,08:42,Makarna,15.26,3.0,45.78
FIS_4055,25.06.2026,08:42,Çay (500g),96.99,1.0,96.99
FIS_4056,27.02.2026,10:15,Yüz Temizleme,79.99,2.0,159.98
FIS_4056,27.02.2026,10:15,Şampuan,112.23,2.0,224.46
FIS_4056,27.02.2026,10:15,Deodorant,199.9,3.0,599.7
FIS_4056,27.02.2026,10:15,Bebe Şampuanı,149.9,3.0,449.7
FIS_4056,27.02.2026,10:15,Diş Macunu,42.98,2.0,85.96
FIS_4056,27.02.2026,10:15,Kek,59.0,3.0,177.0
FIS_4057,09.04.2026,16:45,Deodorant,199.9,1.0,199.9
FIS_4057,09.04.2026,16:45,Bebe Şampuanı,149.9,3.0,449.7
FIS_4057,09.04.2026,16:45,Yüz Temizleme,79.99,1.0,79.99
FIS_4057,09.04.2026,16:45,Şampuan,87.07,1.0,87.07
FIS_4057,09.04.2026,16:45,Diş Macunu,44.87,2.0,89.74
FIS_4058,26.06.2026,21:22,Deodorant,199.9,1.0,199.9
FIS_4058,26.06.2026,21:22,Deterjan (5kg),183.56,1.0,183.56
FIS_4058,26.06.2026,21:22,Şampuan,83.34,2.0,166.68
FIS_4058,26.06.2026,21:22,Plastik Poşet,1.0,1.0,1.0
FIS_4059,14.02.2026,18:20,Şeker (1kg),32.95,2.0,65.9
FIS_4059,14.02.2026,18:20,Sıvı Yağ (1L),46.27,2.0,92.54
FIS_4059,14.02.2026,18:20,Süt (1L),32.63,3.0,97.89
FIS_4059,14.02.2026,18:20,Makarna,16.49,3.0,49.47
FIS_4059,14.02.2026,18:20,Çay (500g),94.4,1.0,94.4
FIS_4060,08.01.2026,17:39,Süt (1L),33.87,3.0,101.61
FIS_4060,08.01.2026,17:39,Peynir (500g),113.16,1.0,113.16
FIS_4060,08.01.2026,17:39,Ekmek,11.47,2.0,22.94
FIS_4060,08.01.2026,17:39,Yumurta (15li),56.29,2.0,112.58
FIS_4060,08.01.2026,17:39,Yoğurt (2kg),63.97,3.0,191.91
FIS_4061,18.06.2026,19:39,Makarna,16.45,1.0,16.45
FIS_4061,18.06.2026,19:39,Süt (1L),31.86,1.0,31.86
FIS_4061,18.06.2026,19:39,Çay (500g),97.93,3.0,293.79
FIS_4061,18.06.2026,19:39,Şeker (1kg),35.41,3.0,106.23
FIS_4061,18.06.2026,19:39,Sıvı Yağ (1L),50.7,2.0,101.4
FIS_4061,18.06.2026,19:39,Ekmek,11.77,1.0,11.77
FIS_4062,03.12.2026,12:41,Domates (kg),27.08,1.0,27.08
FIS_4062,03.12.2026,12:41,Salatalık (kg),23.12,1.0,23.12
FIS_4062,03.12.2026,12:41,Biber Dolmalık (kg),69.95,2.0,139.9
FIS_4062,03.12.2026,12:41,Sıvı Yağ (1L),46.76,2.0,93.52
FIS_4062,03.12.2026,12:41,Yoğurt (2kg),66.71,2.0,133.42
FIS_4063,13.07.2026,15:11,Domates (kg),28.67,1.0,28.67
FIS_4063,13.07.2026,15:11,Elma (kg),34.5,3.0,103.5
FIS_4063,13.07.2026,15:11,Salatalık (kg),23.26,1.0,23.26
FIS_4063,13.07.2026,15:11,Limon Taze (kg),119.95,1.0,119.95
FIS_4064,12.08.2026,22:39,Deterjan (5kg),186.63,2.0,373.26
FIS_4064,12.08.2026,22:39,Plastik Poşet,1.0,3.0,3.0
FIS_4064,12.08.2026,22:39,Diş Macunu,43.23,1.0,43.23
FIS_4064,12.08.2026,22:39,Deodorant,199.9,3.0,599.7
FIS_4065,27.10.2026,09:43,Su 0.5 LT,5.0,2.0,10.0
FIS_4065,27.10.2026,09:43,Kek,59.0,3.0,177.0
FIS_4065,27.10.2026,09:43,Cola 1 LT,45.0,1.0,45.0
FIS_4065,27.10.2026,09:43,Cola 2.5 LT,55.0,2.0,110.0
FIS_4065,27.10.2026,09:43,Makarna,15.33,3.0,45.99
FIS_4066,21.03.2026,10:06,Biber Çarliston (kg),32.95,1.0,32.95
FIS_4066,21.03.2026,10:06,Domates (kg),29.15,2.0,58.3
FIS_4066,21.03.2026,10:06,Salatalık (kg),21.71,3.0,65.13
FIS_4066,21.03.2026,10:06,Elma (kg),34.5,2.0,69.0
FIS_4066,21.03.2026,10:06,Su 0.5 LT,5.0,3.0,15.0
FIS_4067,30.05.2026,13:54,Elma (kg),34.5,1.0,34.5
FIS_4067,30.05.2026,13:54,Salatalık (kg),21.42,3.0,64.26
FIS_4067,30.05.2026,13:54,Domates (kg),27.85,3.0,83.55
FIS_4067,30.05.2026,13:54,Biber Çarliston (kg),32.95,2.0,65.9
FIS_4067,30.05.2026,13:54,Ekmek,12.01,1.0,12.01
FIS_4068,20.04.2026,19:19,Şampuan,90.6,1.0,90.6
FIS_4068,20.04.2026,19:19,Diş Macunu,45.64,1.0,45.64
FIS_4068,20.04.2026,19:19,Deodorant,199.9,3.0,599.7
FIS_4068,20.04.2026,19:19,Kil Maskesi,297.9,1.0,297.9
FIS_4068,20.04.2026,19:19,Yüz Temizleme,79.99,3.0,239.97
FIS_4069,20.12.2026,15:43,Deterjan (5kg),188.08,2.0,376.16
FIS_4069,20.12.2026,15:43,Şampuan,79.69,1.0,79.69
FIS_4069,20.12.2026,15:43,Plastik Poşet,1.0,2.0,2.0
FIS_4069,20.12.2026,15:43,Deodorant,199.9,1.0,199.9
FIS_4069,20.12.2026,15:43,Diş Macunu,44.0,1.0,44.0
FIS_4069,20.12.2026,15:43,Makarna,15.13,2.0,30.26
FIS_4070,23.03.2026,10:00,Süt (1L),31.53,3.0,94.59
FIS_4070,23.03.2026,10:00,Yoğurt (2kg),66.54,3.0,199.62
FIS_4070,23.03.2026,10:00,Peynir (500g),117.67,3.0,353.01
FIS_4070,23.03.2026,10:00,Çay (500g),93.9,1.0,93.9
FIS_4071,23.11.2026,14:14,Cola 2.5 LT,55.0,3.0,165.0
FIS_4071,23.11.2026,14:14,Cola 1 LT,45.0,3.0,135.0
FIS_4071,23.11.2026,14:14,Kek,59.0,3.0,177.0
FIS_4071,23.11.2026,14:14,Çay (500g),93.16,2.0,186.32
FIS_4072,08.08.2026,15:11,Ekmek,13.02,2.0,26.04
FIS_4072,08.08.2026,15:11,Yumurta (15li),56.15,2.0,112.3
FIS_4072,08.08.2026,15:11,Peynir (500g),110.62,1.0,110.62
FIS_4072,08.08.2026,15:11,Yoğurt (2kg),63.55,2.0,127.1
FIS_4072,08.08.2026,15:11,Şampuan,113.73,1.0,113.73
FIS_4073,01.12.2026,18:34,Şeker (1kg),32.64,1.0,32.64
FIS_4073,01.12.2026,18:34,Ekmek,13.47,3.0,40.41
FIS_4073,01.12.2026,18:34,Süt (1L),33.34,3.0,100.02
FIS_4073,01.12.2026,18:34,Makarna,15.38,3.0,46.14
FIS_4073,01.12.2026,18:34,Sıvı Yağ (1L),47.58,2.0,95.16
FIS_4073,01.12.2026,18:34,Çay (500g),98.91,2.0,197.82
FIS_4074,07.11.2026,15:09,Elma (kg),34.5,1.0,34.5
FIS_4074,07.11.2026,15:09,Limon Taze (kg),119.95,3.0,359.85
FIS_4074,07.11.2026,15:09,Salatalık (kg),22.9,1.0,22.9
FIS_4074,07.11.2026,15:09,Domates (kg),28.87,3.0,86.61
FIS_4074,07.11.2026,15:09,Biber Çarliston (kg),32.95,2.0,65.9
FIS_4075,14.03.2026,21:27,Salatalık (kg),22.37,1.0,22.37
FIS_4075,14.03.2026,21:27,Sıvı Yağ (1L),50.61,2.0,101.22
FIS_4075,14.03.2026,21:27,Tavuk Göğsü (kg),162.75,1.0,162.75
FIS_4075,14.03.2026,21:27,Makarna,15.69,1.0,15.69
FIS_4075,14.03.2026,21:27,Domates (kg),28.4,3.0,85.2
FIS_4075,14.03.2026,21:27,Biber Dolmalık (kg),69.95,2.0,139.9
FIS_4076,24.01.2026,10:46,Biber Dolmalık (kg),69.95,1.0,69.95
FIS_4076,24.01.2026,10:46,Salatalık (kg),22.49,1.0,22.49
FIS_4076,24.01.2026,10:46,Sıvı Yağ (1L),49.6,1.0,49.6
FIS_4076,24.01.2026,10:46,Tavuk Göğsü (kg),161.66,3.0,484.98
FIS_4077,26.02.2026,09:51,Cola 1 LT,45.0,2.0,90.0
FIS_4077,26.02.2026,09:51,Kek,59.0,3.0,177.0
FIS_4077,26.02.2026,09:51,Çay (500g),94.22,2.0,188.44
FIS_4077,26.02.2026,09:51,Su 0.5 LT,5.0,1.0,5.0
FIS_4077,26.02.2026,09:51,Cola 2.5 LT,55.0,2.0,110.0
FIS_4077,26.02.2026,09:51,Salatalık (kg),22.09,3.0,66.27
FIS_4078,17.10.2026,14:37,Domates (kg),28.21,3.0,84.63
FIS_4078,17.10.2026,14:37,Salatalık (kg),23.42,1.0,23.42
FIS_4078,17.10.2026,14:37,Biber Çarliston (kg),32.95,1.0,32.95
FIS_4078,17.10.2026,14:37,Limon Taze (kg),119.95,1.0,119.95
FIS_4078,17.10.2026,14:37,Elma (kg),34.5,3.0,103.5
FIS_4079,03.04.2026,19:09,Makarna,15.07,2.0,30.14
FIS_4079,03.04.2026,19:09,Ekmek,9.74,3.0,29.22
FIS_4079,03.04.2026,19:09,Süt (1L),33.91,1.0,33.91
FIS_4079,03.04.2026,19:09,Sıvı Yağ (1L),48.89,1.0,48.89
FIS_4079,03.04.2026,19:09,Çay (500g),95.33,1.0,95.33
FIS_4079,03.04.2026,19:09,Şeker (1kg),32.79,1.0,32.79
FIS_4079,03.04.2026,19:09,Salatalık (kg),22.02,1.0,22.02
FIS_4080,23.09.2026,11:01,Ekmek,12.27,3.0,36.81
FIS_4080,23.09.2026,11:01,Çay (500g),95.12,2.0,190.24
FIS_4080,23.09.2026,11:01,Süt (1L),33.59,2.0,67.18
FIS_4080,23.09.2026,11:01,Yumurta (15li),56.05,3.0,168.15
FIS_4080,23.09.2026,11:01,Yoğurt (2kg),65.74,3.0,197.22
FIS_4080,23.09.2026,11:01,Peynir (500g),116.18,2.0,232.36
FIS_4081,24.03.2026,22:55,Sıvı Yağ (1L),48.08,2.0,96.16
FIS_4081,24.03.2026,22:55,Tavuk Göğsü (kg),172.94,2.0,345.88
FIS_4081,24.03.2026,22:55,Makarna,15.78,1.0,15.78
FIS_4081,24.03.2026,22:55,Domates (kg),28.42,3.0,85.26
FIS_4082,06.12.2026,09:57,Ekmek,10.61,2.0,21.22
FIS_4082,06.12.2026,09:57,Çay (500g),92.19,1.0,92.19
FIS_4082,06.12.2026,09:57,Peynir (500g),111.24,2.0,222.48
FIS_4082,06.12.2026,09:57,Yumurta (15li),56.5,2.0,113.0
FIS_4082,06.12.2026,09:57,Süt (1L),33.59,2.0,67.18
FIS_4083,02.04.2026,19:55,Ekmek,9.84,3.0,29.52
FIS_4083,02.04.2026,19:55,Sıvı Yağ (1L),50.13,1.0,50.13
FIS_4083,02.04.2026,19:55,Şeker (1kg),34.11,3.0,102.33
FIS_4083,02.04.2026,19:55,Makarna,16.08,3.0,48.24
FIS_4083,02.04.2026,19:55,Süt (1L),32.8,3.0,98.4
FIS_4083,02.04.2026,19:55,Limon Taze (kg),119.95,3.0,359.85
FIS_4084,27.03.2026,19:03,Yoğurt (2kg),64.98,1.0,64.98
FIS_4084,27.03.2026,19:03,Ekmek,13.08,3.0,39.24
FIS_4084,27.03.2026,19:03,Çay (500g),91.93,2.0,183.86
FIS_4084,27.03.2026,19:03,Süt (1L),31.68,3.0,95.04
FIS_4085,10.04.2026,14:58,Ekmek,12.9,1.0,12.9
FIS_4085,10.04.2026,14:58,Çay (500g),93.2,3.0,279.6
FIS_4085,10.04.2026,14:58,Yumurta (15li),55.74,1.0,55.74
FIS_4085,10.04.2026,14:58,Peynir (500g),114.76,1.0,114.76
FIS_4086,04.11.2026,13:47,Plastik Poşet,1.0,1.0,1.0
FIS_4086,04.11.2026,13:47,Diş Macunu,45.78,3.0,137.34
FIS_4086,04.11.2026,13:47,Deodorant,199.9,1.0,199.9
FIS_4086,04.11.2026,13:47,Deterjan (5kg),178.81,2.0,357.62
FIS_4086,04.11.2026,13:47,Şampuan,119.96,1.0,119.96
FIS_4087,06.11.2026,18:09,Salatalık (kg),22.94,1.0,22.94
FIS_4087,06.11.2026,18:09,Tavuk Göğsü (kg),162.08,1.0,162.08
FIS_4087,06.11.2026,18:09,Sıvı Yağ (1L),49.13,2.0,98.26
FIS_4087,06.11.2026,18:09,Domates (kg),29.35,2.0,58.7
FIS_4087,06.11.2026,18:09,Makarna,16.37,1.0,16.37
FIS_4088,27.12.2026,10:45,Tavuk Göğsü (kg),168.62,3.0,505.86
FIS_4088,27.12.2026,10:45,Biber Dolmalık (kg),69.95,1.0,69.95
FIS_4088,27.12.2026,10:45,Sıvı Yağ (1L),46.58,2.0,93.16
FIS_4088,27.12.2026,10:45,Makarna,15.31,1.0,15.31
FIS_4088,27.12.2026,10:45,Domates (kg),28.59,1.0,28.59
FIS_4088,27.12.2026,10:45,Peynir (500g),119.54,2.0,239.08
FIS_4089,03.11.2026,14:33,Deodorant,199.9,1.0,199.9
FIS_4089,03.11.2026,14:33,Yüz Temizleme,79.99,3.0,239.97
FIS_4089,03.11.2026,14:33,Şampuan,72.84,3.0,218.52
FIS_4089,03.11.2026,14:33,Bebe Şampuanı,149.9,1.0,149.9
FIS_4089,03.11.2026,14:33,Diş Macunu,45.88,2.0,91.76
FIS_4089,03.11.2026,14:33,Kil Maskesi,297.9,1.0,297.9
FIS_4089,03.11.2026,14:33,Makarna,15.48,1.0,15.48
FIS_4090,03.08.2026,14:32,Peynir (500g),114.49,2.0,228.98
FIS_4090,03.08.2026,14:32,Yoğurt (2kg),66.24,1.0,66.24
FIS_4090,03.08.2026,14:32,Çay (500g),94.74,1.0,94.74
FIS_4090,03.08.2026,14:32,Ekmek,12.69,1.0,12.69
FIS_4091,28.12.2026,22:11,Şampuan,114.13,3.0,342.39
FIS_4091,28.12.2026,22:11,Plastik Poşet,1.0,1.0,1.0
FIS_4091,28.12.2026,22:11,Diş Macunu,44.58,1.0,44.58
FIS_4091,28.12.2026,22:11,Deodorant,199.9,1.0,199.9
FIS_4091,28.12.2026,22:11,Limon Taze (kg),119.95,2.0,239.9
FIS_4092,08.01.2026,09:57,Elma (kg),34.5,3.0,103.5
FIS_4092,08.01.2026,09:57,Limon Taze (kg),119.95,3.0,359.85
FIS_4092,08.01.2026,09:57,Salatalık (kg),22.02,2.0,44.04
FIS_4092,08.01.2026,09:57,Domates (kg),26.62,3.0,79.86
FIS_4093,07.06.2026,15:26,Deterjan (5kg),183.58,2.0,367.16
FIS_4093,07.06.2026,15:26,Deodorant,199.9,3.0,599.7
FIS_4093,07.06.2026,15:26,Diş Macunu,44.02,2.0,88.04
FIS_4093,07.06.2026,15:26,Plastik Poşet,1.0,1.0,1.0
FIS_4094,14.11.2026,16:39,Diş Macunu,44.09,2.0,88.18
FIS_4094,14.11.2026,16:39,Kil Maskesi,297.9,3.0,893.7
FIS_4094,14.11.2026,16:39,Şampuan,102.14,1.0,102.14
FIS_4094,14.11.2026,16:39,Bebe Şampuanı,149.9,1.0,149.9
FIS_4095,17.07.2026,21:04,Şampuan,107.79,3.0,323.37
FIS_4095,17.07.2026,21:04,Diş Macunu,47.16,1.0,47.16
FIS_4095,17.07.2026,21:04,Deodorant,199.9,1.0,199.9
FIS_4095,17.07.2026,21:04,Yüz Temizleme,79.99,2.0,159.98
FIS_4096,31.12.2026,14:27,Limon Taze (kg),119.95,1.0,119.95
FIS_4096,31.12.2026,14:27,Salatalık (kg),23.23,3.0,69.69
FIS_4096,31.12.2026,14:27,Domates (kg),29.31,1.0,29.31
FIS_4096,31.12.2026,14:27,Biber Çarliston (kg),32.95,1.0,32.95
FIS_4096,31.12.2026,14:27,Elma (kg),34.5,1.0,34.5
FIS_4096,31.12.2026,14:27,Cola 1 LT,45.0,2.0,90.0
FIS_4097,06.03.2026,12:41,Deodorant,199.9,1.0,199.9
FIS_4097,06.03.2026,12:41,Şampuan,84.44,1.0,84.44
FIS_4097,06.03.2026,12:41,Kil Maskesi,297.9,2.0,595.8
FIS_4097,06.03.2026,12:41,Diş Macunu,45.75,3.0,137.25
FIS_4098,06.11.2026,11:15,Deodorant,199.9,3.0,599.7
FIS_4098,06.11.2026,11:15,Diş Macunu,42.92,2.0,85.84
FIS_4098,06.11.2026,11:15,Deterjan (5kg),190.09,2.0,380.18
FIS_4098,06.11.2026,11:15,Şampuan,110.84,1.0,110.84
FIS_4099,26.05.2026,11:46,Biber Çarliston (kg),32.95,1.0,32.95
FIS_4099,26.05.2026,11:46,Salatalık (kg),22.67,2.0,45.34
FIS_4099,26.05.2026,11:46,Elma (kg),34.5,3.0,103.5
FIS_4099,26.05.2026,11:46,Limon Taze (kg),119.95,3.0,359.85
FIS_4099,26.05.2026,11:46,Kek,59.0,2.0,118.0
FIS_4100,08.11.2026,12:56,Cola 2.5 LT,55.0,2.0,110.0
FIS_4100,08.11.2026,12:56,Su 0.5 LT,5.0,1.0,5.0
FIS_4100,08.11.2026,12:56,Kek,59.0,1.0,59.0
FIS_4100,08.11.2026,12:56,Çay (500g),97.7,3.0,293.1
FIS_4100,08.11.2026,12:56,Salatalık (kg),21.85,1.0,21.85
FIS_4101,31.10.2026,20:37,Şampuan,101.02,2.0,202.04
FIS_4101,31.10.2026,20:37,Deodorant,199.9,3.0,599.7
FIS_4101,31.10.2026,20:37,Deterjan (5kg),193.48,2.0,386.96
FIS_4101,31.10.2026,20:37,Plastik Poşet,1.0,3.0,3.0
FIS_4101,31.10.2026,20:37,Diş Macunu,45.47,2.0,90.94
FIS_4102,22.08.2026,08:26,Kil Maskesi,297.9,1.0,297.9
FIS_4102,22.08.2026,08:26,Şampuan,75.22,1.0,75.22
FIS_4102,22.08.2026,08:26,Bebe Şampuanı,149.9,2.0,299.8
FIS_4102,22.08.2026,08:26,Deodorant,199.9,3.0,599.7
FIS_4102,22.08.2026,08:26,Şeker (1kg),35.46,2.0,70.92
FIS_4103,22.02.2026,13:25,Su 0.5 LT,5.0,3.0,15.0
FIS_4103,22.02.2026,13:25,Çay (500g),94.98,1.0,94.98
FIS_4103,22.02.2026,13:25,Kek,59.0,2.0,118.0
FIS_4103,22.02.2026,13:25,Cola 2.5 LT,55.0,2.0,110.0
FIS_4103,22.02.2026,13:25,Cola 1 LT,45.0,3.0,135.0
FIS_4104,16.12.2026,10:13,Diş Macunu,46.13,1.0,46.13
FIS_4104,16.12.2026,10:13,Deodorant,199.9,2.0,399.8
FIS_4104,16.12.2026,10:13,Plastik Poşet,1.0,3.0,3.0
FIS_4104,16.12.2026,10:13,Şampuan,99.37,1.0,99.37
FIS_4105,06.09.2026,13:19,Yoğurt (2kg),64.83,3.0,194.49
FIS_4105,06.09.2026,13:19,Yumurta (15li),54.2,1.0,54.2
FIS_4105,06.09.2026,13:19,Peynir (500g),119.59,2.0,239.18
FIS_4105,06.09.2026,13:19,Süt (1L),31.38,1.0,31.38
FIS_4106,08.03.2026,13:03,Süt (1L),33.35,2.0,66.7
FIS_4106,08.03.2026,13:03,Makarna,15.77,1.0,15.77
FIS_4106,08.03.2026,13:03,Şeker (1kg),34.45,1.0,34.45
FIS_4106,08.03.2026,13:03,Sıvı Yağ (1L),48.6,2.0,97.2
FIS_4106,08.03.2026,13:03,Çay (500g),95.6,3.0,286.8
FIS_4106,08.03.2026,13:03,Ekmek,11.34,3.0,34.02
FIS_4107,27.01.2026,18:24,Makarna,15.66,3.0,46.98
FIS_4107,27.01.2026,18:24,Salatalık (kg),22.23,2.0,44.46
FIS_4107,27.01.2026,18:24,Domates (kg),26.88,3.0,80.64
FIS_4107,27.01.2026,18:24,Tavuk Göğsü (kg),167.4,1.0,167.4
FIS_4107,27.01.2026,18:24,Biber Dolmalık (kg),69.95,3.0,209.85
FIS_4107,27.01.2026,18:24,Peynir (500g),119.83,2.0,239.66
FIS_4108,17.03.2026,22:55,Kil Maskesi,297.9,2.0,595.8
FIS_4108,17.03.2026,22:55,Deodorant,199.9,1.0,199.9
FIS_4108,17.03.2026,22:55,Bebe Şampuanı,149.9,1.0,149.9
FIS_4108,17.03.2026,22:55,Diş Macunu,43.88,3.0,131.64
FIS_4108,17.03.2026,22:55,Şampuan,84.98,3.0,254.94
FIS_4109,01.11.2026,12:25,Salatalık (kg),22.89,1.0,22.89
FIS_4109,01.11.2026,12:25,Limon Taze (kg),119.95,3.0,359.85
FIS_4109,01.11.2026,12:25,Domates (kg),29.58,2.0,59.16
FIS_4109,01.11.2026,12:25,Elma (kg),34.5,1.0,34.5
FIS_4109,01.11.2026,12:25,Biber Çarliston (kg),32.95,2.0,65.9
FIS_4109,01.11.2026,12:25,Deodorant,199.9,2.0,399.8
FIS_4110,25.08.2026,15:56,Su 0.5 LT,5.0,2.0,10.0
FIS_4110,25.08.2026,15:56,Cola 2.5 LT,55.0,3.0,165.0
FIS_4110,25.08.2026,15:56,Çay (500g),95.98,3.0,287.94
FIS_4110,25.08.2026,15:56,Cola 1 LT,45.0,3.0,135.0
FIS_4111,08.09.2026,21:31,Diş Macunu,46.48,3.0,139.44
FIS_4111,08.09.2026,21:31,Plastik Poşet,1.0,3.0,3.0
FIS_4111,08.09.2026,21:31,Deodorant,199.9,1.0,199.9
FIS_4111,08.09.2026,21:31,Şampuan,93.02,2.0,186.04
FIS_4111,08.09.2026,21:31,Deterjan (5kg),190.29,1.0,190.29
FIS_4112,03.05.2026,15:24,Çay (500g),90.57,2.0,181.14
FIS_4112,03.05.2026,15:24,Su 0.5 LT,5.0,2.0,10.0
FIS_4112,03.05.2026,15:24,Cola 2.5 LT,55.0,3.0,165.0
FIS_4112,03.05.2026,15:24,Cola 1 LT,45.0,1.0,45.0
FIS_4112,03.05.2026,15:24,Kek,59.0,1.0,59.0
FIS_4113,12.06.2026,20:30,Çay (500g),97.58,3.0,292.74
FIS_4113,12.06.2026,20:30,Süt (1L),33.23,3.0,99.69
FIS_4113,12.06.2026,20:30,Ekmek,13.33,3.0,39.99
FIS_4113,12.06.2026,20:30,Şeker (1kg),32.48,2.0,64.96
FIS_4114,10.07.2026,14:22,Diş Macunu,45.66,2.0,91.32
FIS_4114,10.07.2026,14:22,Bebe Şampuanı,149.9,2.0,299.8
FIS_4114,10.07.2026,14:22,Deodorant,199.9,1.0,199.9
FIS_4114,10.07.2026,14:22,Kil Maskesi,297.9,1.0,297.9
FIS_4114,10.07.2026,14:22,Yüz Temizleme,79.99,2.0,159.98
FIS_4114,10.07.2026,14:22,Şampuan,119.21,3.0,357.63
FIS_4114,10.07.2026,14:22,Şeker (1kg),34.63,3.0,103.89
FIS_4115,07.01.2026,21:02,Deterjan (5kg),186.63,3.0,559.89
FIS_4115,07.01.2026,21:02,Plastik Poşet,1.0,2.0,2.0
FIS_4115,07.01.2026,21:02,Deodorant,199.9,3.0,599.7
FIS_4115,07.01.2026,21:02,Diş Macunu,45.82,3.0,137.46
FIS_4115,07.01.2026,21:02,Şampuan,95.73,3.0,287.19
FIS_4116,24.07.2026,21:20,Süt (1L),32.24,1.0,32.24
FIS_4116,24.07.2026,21:20,Ekmek,10.92,2.0,21.84
FIS_4116,24.07.2026,21:20,Yumurta (15li),53.86,2.0,107.72
FIS_4116,24.07.2026,21:20,Çay (500g),98.81,3.0,296.43
FIS_4116,24.07.2026,21:20,Kek,59.0,3.0,177.0
FIS_4117,29.07.2026,16:31,Deodorant,199.9,2.0,399.8
FIS_4117,29.07.2026,16:31,Kil Maskesi,297.9,1.0,297.9
FIS_4117,29.07.2026,16:31,Yüz Temizleme,79.99,1.0,79.99
FIS_4117,29.07.2026,16:31,Diş Macunu,46.04,3.0,138.12
FIS_4118,10.03.2026,13:25,Deterjan (5kg),176.1,1.0,176.1
FIS_4118,10.03.2026,13:25,Plastik Poşet,1.0,1.0,1.0
FIS_4118,10.03.2026,13:25,Şampuan,95.46,2.0,190.92
FIS_4118,10.03.2026,13:25,Deodorant,199.9,2.0,399.8
FIS_4118,10.03.2026,13:25,Diş Macunu,43.99,2.0,87.98
FIS_4119,15.12.2026,11:39,Salatalık (kg),22.57,2.0,45.14
FIS_4119,15.12.2026,11:39,Limon Taze (kg),119.95,2.0,239.9
FIS_4119,15.12.2026,11:39,Domates (kg),27.61,1.0,27.61
FIS_4119,15.12.2026,11:39,Biber Çarliston (kg),32.95,3.0,98.85
FIS_4119,15.12.2026,11:39,Elma (kg),34.5,2.0,69.0
FIS_4119,15.12.2026,11:39,Tavuk Göğsü (kg),164.22,3.0,492.66
FIS_4120,14.09.2026,13:10,Diş Macunu,43.21,3.0,129.63
FIS_4120,14.09.2026,13:10,Plastik Poşet,1.0,1.0,1.0
FIS_4120,14.09.2026,13:10,Deterjan (5kg),192.63,1.0,192.63
FIS_4120,14.09.2026,13:10,Deodorant,199.9,2.0,399.8
FIS_4120,14.09.2026,13:10,Şampuan,102.71,2.0,205.42
FIS_4121,12.02.2026,16:58,Bebe Şampuanı,149.9,2.0,299.8
FIS_4121,12.02.2026,16:58,Kil Maskesi,297.9,3.0,893.7
FIS_4121,12.02.2026,16:58,Yüz Temizleme,79.99,1.0,79.99
FIS_4121,12.02.2026,16:58,Diş Macunu,44.33,2.0,88.66
FIS_4121,12.02.2026,16:58,Deodorant,199.9,2.0,399.8
FIS_4121,12.02.2026,16:58,Şampuan,108.91,3.0,326.73
FIS_4121,12.02.2026,16:58,Tavuk Göğsü (kg),170.11,2.0,340.22
FIS_4122,18.04.2026,17:59,Salatalık (kg),23.17,1.0,23.17
FIS_4122,18.04.2026,17:59,Domates (kg),29.27,3.0,87.81
FIS_4122,18.04.2026,17:59,Limon Taze (kg),119.95,3.0,359.85
FIS_4122,18.04.2026,17:59,Elma (kg),34.5,1.0,34.5
FIS_4122,18.04.2026,17:59,Biber Çarliston (kg),32.95,3.0,98.85
FIS_4123,12.07.2026,13:23,Ekmek,13.74,1.0,13.74
FIS_4123,12.07.2026,13:23,Sıvı Yağ (1L),48.93,2.0,97.86
FIS_4123,12.07.2026,13:23,Makarna,15.8,3.0,47.4
FIS_4123,12.07.2026,13:23,Süt (1L),31.28,3.0,93.84
FIS_4123,12.07.2026,13:23,Çay (500g),97.36,3.0,292.08
FIS_4123,12.07.2026,13:23,Şeker (1kg),32.55,1.0,32.55
FIS_4124,30.09.2026,09:52,Şampuan,76.29,3.0,228.87
FIS_4124,30.09.2026,09:52,Diş Macunu,46.65,3.0,139.95
FIS_4124,30.09.2026,09:52,Deterjan (5kg),184.43,1.0,184.43
FIS_4124,30.09.2026,09:52,Deodorant,199.9,1.0,199.9
FIS_4124,30.09.2026,09:52,Plastik Poşet,1.0,3.0,3.0
FIS_4125,22.02.2026,10:04,Salatalık (kg),22.05,2.0,44.1
FIS_4125,22.02.2026,10:04,Biber Çarliston (kg),32.95,1.0,32.95
FIS_4125,22.02.2026,10:04,Domates (kg),26.88,3.0,80.64
FIS_4125,22.02.2026,10:04,Limon Taze (kg),119.95,1.0,119.95
FIS_4125,22.02.2026,10:04,Elma (kg),34.5,1.0,34.5
FIS_4126,14.06.2026,11:02,Salatalık (kg),21.6,3.0,64.8
FIS_4126,14.06.2026,11:02,Biber Dolmalık (kg),69.95,1.0,69.95
FIS_4126,14.06.2026,11:02,Tavuk Göğsü (kg),166.88,3.0,500.64
FIS_4126,14.06.2026,11:02,Domates (kg),27.94,3.0,83.82
FIS_4127,09.10.2026,12:42,Şeker (1kg),33.45,2.0,66.9
FIS_4127,09.10.2026,12:42,Sıvı Yağ (1L),46.7,3.0,140.1
FIS_4127,09.10.2026,12:42,Makarna,16.13,1.0,16.13
FIS_4127,09.10.2026,12:42,Çay (500g),95.83,1.0,95.83
FIS_4127,09.10.2026,12:42,Süt (1L),31.43,3.0,94.29
FIS_4128,03.11.2026,12:21,Sıvı Yağ (1L),49.96,1.0,49.96
FIS_4128,03.11.2026,12:21,Salatalık (kg),22.32,1.0,22.32
FIS_4128,03.11.2026,12:21,Tavuk Göğsü (kg),171.8,3.0,515.4
FIS_4128,03.11.2026,12:21,Makarna,15.57,3.0,46.71
FIS_4129,14.07.2026,19:39,Ekmek,10.12,3.0,30.36
FIS_4129,14.07.2026,19:39,Süt (1L),31.38,3.0,94.14
FIS_4129,14.07.2026,19:39,Peynir (500g),110.93,3.0,332.79
FIS_4129,14.07.2026,19:39,Yoğurt (2kg),67.71,1.0,67.71
FIS_4130,18.12.2026,09:40,Şeker (1kg),34.25,2.0,68.5
FIS_4130,18.12.2026,09:40,Sıvı Yağ (1L),50.68,1.0,50.68
FIS_4130,18.12.2026,09:40,Süt (1L),32.64,3.0,97.92
FIS_4130,18.12.2026,09:40,Çay (500g),92.84,3.0,278.52
FIS_4130,18.12.2026,09:40,Makarna,16.22,3.0,48.66
FIS_4131,14.02.2026,19:00,Süt (1L),33.36,3.0,100.08
FIS_4131,14.02.2026,19:00,Peynir (500g),116.48,1.0,116.48
FIS_4131,14.02.2026,19:00,Yoğurt (2kg),66.31,1.0,66.31
FIS_4131,14.02.2026,19:00,Yumurta (15li),52.18,1.0,52.18
FIS_4131,14.02.2026,19:00,Çay (500g),99.15,3.0,297.45
FIS_4132,26.08.2026,22:54,Plastik Poşet,1.0,1.0,1.0
FIS_4132,26.08.2026,22:54,Deodorant,199.9,2.0,399.8
FIS_4132,26.08.2026,22:54,Diş Macunu,43.14,2.0,86.28
FIS_4132,26.08.2026,22:54,Deterjan (5kg),179.41,3.0,538.23
FIS_4132,26.08.2026,22:54,Şampuan,110.81,2.0,221.62
FIS_4133,13.12.2026,16:56,Ekmek,13.07,1.0,13.07
FIS_4133,13.12.2026,16:56,Süt (1L),31.81,2.0,63.62
FIS_4133,13.12.2026,16:56,Sıvı Yağ (1L),49.87,2.0,99.74
FIS_4133,13.12.2026,16:56,Çay (500g),98.47,2.0,196.94
FIS_4133,13.12.2026,16:56,Makarna,15.67,2.0,31.34
FIS_4133,13.12.2026,16:56,Şeker (1kg),34.66,3.0,103.98
FIS_4133,13.12.2026,16:56,Peynir (500g),120.35,1.0,120.35
FIS_4134,24.10.2026,08:16,Çay (500g),92.23,1.0,92.23
FIS_4134,24.10.2026,08:16,Makarna,16.37,2.0,32.74
FIS_4134,24.10.2026,08:16,Şeker (1kg),34.45,2.0,68.9
FIS_4134,24.10.2026,08:16,Süt (1L),32.34,1.0,32.34
FIS_4134,24.10.2026,08:16,Deodorant,199.9,3.0,599.7
FIS_4135,09.09.2026,16:32,Biber Çarliston (kg),32.95,1.0,32.95
FIS_4135,09.09.2026,16:32,Elma (kg),34.5,1.0,34.5
FIS_4135,09.09.2026,16:32,Salatalık (kg),23.25,1.0,23.25
FIS_4135,09.09.2026,16:32,Domates (kg),29.52,1.0,29.52
FIS_4135,09.09.2026,16:32,Limon Taze (kg),119.95,1.0,119.95
FIS_4135,09.09.2026,16:32,Şampuan,98.37,1.0,98.37
FIS_4136,24.05.2026,15:53,Biber Çarliston (kg),32.95,1.0,32.95
FIS_4136,24.05.2026,15:53,Domates (kg),29.11,3.0,87.33
FIS_4136,24.05.2026,15:53,Elma (kg),34.5,3.0,103.5
FIS_4136,24.05.2026,15:53,Limon Taze (kg),119.95,2.0,239.9
FIS_4136,24.05.2026,15:53,Salatalık (kg),23.0,3.0,69.0
FIS_4137,28.03.2026,19:36,Deterjan (5kg),180.26,2.0,360.52
FIS_4137,28.03.2026,19:36,Plastik Poşet,1.0,1.0,1.0
FIS_4137,28.03.2026,19:36,Şampuan,99.95,1.0,99.95
FIS_4137,28.03.2026,19:36,Diş Macunu,47.01,2.0,94.02
FIS_4137,28.03.2026,19:36,Deodorant,199.9,3.0,599.7
FIS_4138,29.01.2026,21:36,Şampuan,83.74,3.0,251.22
FIS_4138,29.01.2026,21:36,Deodorant,199.9,2.0,399.8
FIS_4138,29.01.2026,21:36,Plastik Poşet,1.0,3.0,3.0
FIS_4138,29.01.2026,21:36,Deterjan (5kg),189.59,2.0,379.18
FIS_4139,19.06.2026,14:44,Yüz Temizleme,79.99,1.0,79.99
FIS_4139,19.06.2026,14:44,Diş Macunu,46.63,1.0,46.63
FIS_4139,19.06.2026,14:44,Deodorant,199.9,1.0,199.9
FIS_4139,19.06.2026,14:44,Kil Maskesi,297.9,1.0,297.9
FIS_4140,26.02.2026,16:13,Salatalık (kg),22.53,2.0,45.06
FIS_4140,26.02.2026,16:13,Domates (kg),28.37,2.0,56.74
FIS_4140,26.02.2026,16:13,Tavuk Göğsü (kg),167.94,2.0,335.88
FIS_4140,26.02.2026,16:13,Makarna,15.73,2.0,31.46
FIS_4141,24.11.2026,15:32,Çay (500g),97.08,3.0,291.24
FIS_4141,24.11.2026,15:32,Yumurta (15li),53.11,3.0,159.33
FIS_4141,24.11.2026,15:32,Süt (1L),32.47,1.0,32.47
FIS_4141,24.11.2026,15:32,Yoğurt (2kg),62.34,2.0,124.68
FIS_4141,24.11.2026,15:32,Ekmek,12.37,1.0,12.37
FIS_4141,24.11.2026,15:32,Peynir (500g),120.03,2.0,240.06
FIS_4142,26.06.2026,18:50,Yüz Temizleme,79.99,3.0,239.97
FIS_4142,26.06.2026,18:50,Diş Macunu,43.04,3.0,129.12
FIS_4142,26.06.2026,18:50,Kil Maskesi,297.9,3.0,893.7
FIS_4142,26.06.2026,18:50,Bebe Şampuanı,149.9,1.0,149.9
FIS_4142,26.06.2026,18:50,Deodorant,199.9,2.0,399.8
FIS_4143,03.03.2026,21:47,Yüz Temizleme,79.99,2.0,159.98
FIS_4143,03.03.2026,21:47,Bebe Şampuanı,149.9,1.0,149.9
FIS_4143,03.03.2026,21:47,Kil Maskesi,297.9,3.0,893.7
FIS_4143,03.03.2026,21:47,Diş Macunu,44.69,1.0,44.69
FIS_4143,03.03.2026,21:47,Salatalık (kg),22.74,2.0,45.48
FIS_4144,29.09.2026,17:27,Tavuk Göğsü (kg),163.28,1.0,163.28
FIS_4144,29.09.2026,17:27,Biber Dolmalık (kg),69.95,1.0,69.95
FIS_4144,29.09.2026,17:27,Domates (kg),29.1,2.0,58.2
FIS_4144,29.09.2026,17:27,Sıvı Yağ (1L),48.88,3.0,146.64
FIS_4144,29.09.2026,17:27,Makarna,15.97,1.0,15.97
FIS_4144,29.09.2026,17:27,Salatalık (kg),23.42,1.0,23.42
FIS_4145,06.03.2026,16:17,Çay (500g),95.55,3.0,286.65
FIS_4145,06.03.2026,16:17,Süt (1L),33.38,2.0,66.76
FIS_4145,06.03.2026,16:17,Şeker (1kg),34.54,1.0,34.54
FIS_4145,06.03.2026,16:17,Sıvı Yağ (1L),50.68,3.0,152.04
FIS_4145,06.03.2026,16:17,Ekmek,13.44,1.0,13.44
FIS_4145,06.03.2026,16:17,Makarna,15.4,1.0,15.4
FIS_4145,06.03.2026,16:17,Domates (kg),27.25,2.0,54.5
FIS_4146,11.10.2026,08:04,Süt (1L),33.32,1.0,33.32
FIS_4146,11.10.2026,08:04,Sıvı Yağ (1L),50.56,2.0,101.12
FIS_4146,11.10.2026,08:04,Çay (500g),92.75,2.0,185.5
FIS_4146,11.10.2026,08:04,Makarna,16.34,2.0,32.68
FIS_4146,11.10.2026,08:04,Şeker (1kg),33.18,1.0,33.18
FIS_4147,21.07.2026,08:39,Kek,59.0,2.0,118.0
FIS_4147,21.07.2026,08:39,Su 0.5 LT,5.0,2.0,10.0
FIS_4147,21.07.2026,08:39,Çay (500g),96.07,1.0,96.07
FIS_4147,21.07.2026,08:39,Cola 1 LT,45.0,3.0,135.0
FIS_4147,21.07.2026,08:39,Cola 2.5 LT,55.0,3.0,165.0
FIS_4147,21.07.2026,08:39,Deodorant,199.9,2.0,399.8
FIS_4148,29.07.2026,15:47,Diş Macunu,46.66,2.0,93.32
FIS_4148,29.07.2026,15:47,Yüz Temizleme,79.99,3.0,239.97
FIS_4148,29.07.2026,15:47,Deodorant,199.9,3.0,599.7
FIS_4148,29.07.2026,15:47,Kil Maskesi,297.9,1.0,297.9
FIS_4148,29.07.2026,15:47,Şampuan,98.42,1.0,98.42
FIS_4148,29.07.2026,15:47,Bebe Şampuanı,149.9,2.0,299.8
FIS_4149,24.06.2026,21:20,Domates (kg),27.32,3.0,81.96
FIS_4149,24.06.2026,21:20,Salatalık (kg),22.22,2.0,44.44
FIS_4149,24.06.2026,21:20,Biber Çarliston (kg),32.95,2.0,65.9
FIS_4149,24.06.2026,21:20,Limon Taze (kg),119.95,2.0,239.9
FIS_4150,02.01.2026,15:35,Biber Çarliston (kg),32.95,2.0,65.9
FIS_4150,02.01.2026,15:35,Elma (kg),34.5,1.0,34.5
FIS_4150,02.01.2026,15:35,Domates (kg),27.11,3.0,81.33
FIS_4150,02.01.2026,15:35,Limon Taze (kg),119.95,2.0,239.9
FIS_4151,19.02.2026,20:19,Elma (kg),34.5,3.0,103.5
FIS_4151,19.02.2026,20:19,Salatalık (kg),21.8,3.0,65.4
FIS_4151,19.02.2026,20:19,Limon Taze (kg),119.95,3.0,359.85
FIS_4151,19.02.2026,20:19,Domates (kg),29.18,2.0,58.36
FIS_4152,06.12.2026,17:30,Deodorant,199.9,1.0,199.9
FIS_4152,06.12.2026,17:30,Plastik Poşet,1.0,2.0,2.0
FIS_4152,06.12.2026,17:30,Şampuan,106.62,2.0,213.24
FIS_4152,06.12.2026,17:30,Diş Macunu,45.64,3.0,136.92
FIS_4152,06.12.2026,17:30,Deterjan (5kg),179.84,2.0,359.68
FIS_4153,24.04.2026,20:27,Biber Çarliston (kg),32.95,3.0,98.85
FIS_4153,24.04.2026,20:27,Domates (kg),27.48,3.0,82.44
FIS_4153,24.04.2026,20:27,Salatalık (kg),23.28,1.0,23.28
FIS_4153,24.04.2026,20:27,Elma (kg),34.5,3.0,103.5
FIS_4153,24.04.2026,20:27,Limon Taze (kg),119.95,1.0,119.95
FIS_4154,27.06.2026,11:23,Biber Çarliston (kg),32.95,1.0,32.95
FIS_4154,27.06.2026,11:23,Domates (kg),29.13,3.0,87.39
FIS_4154,27.06.2026,11:23,Limon Taze (kg),119.95,1.0,119.95
FIS_4154,27.06.2026,11:23,Elma (kg),34.5,3.0,103.5
FIS_4154,27.06.2026,11:23,Salatalık (kg),21.98,3.0,65.94
FIS_4154,27.06.2026,11:23,Diş Macunu,44.9,1.0,44.9
FIS_4155,30.06.2026,13:29,Biber Çarliston (kg),32.95,1.0,32.95
FIS_4155,30.06.2026,13:29,Elma (kg),34.5,2.0,69.0
FIS_4155,30.06.2026,13:29,Domates (kg),29.49,2.0,58.98
FIS_4155,30.06.2026,13:29,Limon Taze (kg),119.95,3.0,359.85
FIS_4155,30.06.2026,13:29,Salatalık (kg),22.86,1.0,22.86
FIS_4155,30.06.2026,13:29,Bebe Şampuanı,149.9,1.0,149.9
FIS_4156,02.10.2026,13:23,Plastik Poşet,1.0,3.0,3.0
FIS_4156,02.10.2026,13:23,Diş Macunu,43.18,2.0,86.36
FIS_4156,02.10.2026,13:23,Şampuan,90.89,1.0,90.89
FIS_4156,02.10.2026,13:23,Deodorant,199.9,3.0,599.7
FIS_4157,15.05.2026,18:40,Çay (500g),96.36,3.0,289.08
FIS_4157,15.05.2026,18:40,Peynir (500g),112.77,1.0,112.77
FIS_4157,15.05.2026,18:40,Süt (1L),31.93,2.0,63.86
FIS_4157,15.05.2026,18:40,Ekmek,9.98,2.0,19.96
FIS_4158,31.10.2026,15:40,Deodorant,199.9,1.0,199.9
FIS_4158,31.10.2026,15:40,Kil Maskesi,297.9,1.0,297.9
FIS_4158,31.10.2026,15:40,Yüz Temizleme,79.99,3.0,239.97
FIS_4158,31.10.2026,15:40,Bebe Şampuanı,149.9,2.0,299.8
FIS_4159,22.01.2026,16:45,Salatalık (kg),21.83,2.0,43.66
FIS_4159,22.01.2026,16:45,Biber Dolmalık (kg),69.95,1.0,69.95
FIS_4159,22.01.2026,16:45,Sıvı Yağ (1L),48.32,3.0,144.96
FIS_4159,22.01.2026,16:45,Tavuk Göğsü (kg),167.88,3.0,503.64
FIS_4159,22.01.2026,16:45,Makarna,16.29,1.0,16.29
FIS_4160,13.08.2026,19:02,Çay (500g),96.77,1.0,96.77
FIS_4160,13.08.2026,19:02,Kek,59.0,2.0,118.0
FIS_4160,13.08.2026,19:02,Su 0.5 LT,5.0,1.0,5.0
FIS_4160,13.08.2026,19:02,Cola 1 LT,45.0,3.0,135.0
FIS_4160,13.08.2026,19:02,Cola 2.5 LT,55.0,3.0,165.0
FIS_4161,06.07.2026,17:51,Çay (500g),92.65,1.0,92.65
FIS_4161,06.07.2026,17:51,Makarna,16.2,2.0,32.4
FIS_4161,06.07.2026,17:51,Sıvı Yağ (1L),50.9,2.0,101.8
FIS_4161,06.07.2026,17:51,Süt (1L),33.73,2.0,67.46
FIS_4162,27.12.2026,16:38,Su 0.5 LT,5.0,1.0,5.0
FIS_4162,27.12.2026,16:38,Cola 1 LT,45.0,1.0,45.0
FIS_4162,27.12.2026,16:38,Cola 2.5 LT,55.0,1.0,55.0
FIS_4162,27.12.2026,16:38,Çay (500g),97.25,3.0,291.75
FIS_4162,27.12.2026,16:38,Salatalık (kg),21.43,2.0,42.86
FIS_4163,08.04.2026,08:38,Cola 2.5 LT,55.0,1.0,55.0
FIS_4163,08.04.2026,08:38,Su 0.5 LT,5.0,3.0,15.0
FIS_4163,08.04.2026,08:38,Kek,59.0,3.0,177.0
FIS_4163,08.04.2026,08:38,Çay (500g),94.15,1.0,94.15
FIS_4163,08.04.2026,08:38,Cola 1 LT,45.0,2.0,90.0
FIS_4164,24.09.2026,08:12,Şampuan,92.57,2.0,185.14
FIS_4164,24.09.2026,08:12,Bebe Şampuanı,149.9,1.0,149.9
FIS_4164,24.09.2026,08:12,Kil Maskesi,297.9,1.0,297.9
FIS_4164,24.09.2026,08:12,Deodorant,199.9,2.0,399.8
FIS_4164,24.09.2026,08:12,Yüz Temizleme,79.99,3.0,239.97
FIS_4164,24.09.2026,08:12,Diş Macunu,44.6,3.0,133.8
FIS_4165,30.08.2026,20:37,Şampuan,77.54,1.0,77.54
FIS_4165,30.08.2026,20:37,Deodorant,199.9,1.0,199.9
FIS_4165,30.08.2026,20:37,Plastik Poşet,1.0,3.0,3.0
FIS_4165,30.08.2026,20:37,Deterjan (5kg),187.95,2.0,375.9
FIS_4165,30.08.2026,20:37,Biber Dolmalık (kg),69.95,2.0,139.9
FIS_4166,12.02.2026,22:06,Limon Taze (kg),119.95,2.0,239.9
FIS_4166,12.02.2026,22:06,Salatalık (kg),23.51,3.0,70.53
FIS_4166,12.02.2026,22:06,Biber Çarliston (kg),32.95,2.0,65.9
FIS_4166,12.02.2026,22:06,Elma (kg),34.5,3.0,103.5
FIS_4166,12.02.2026,22:06,Domates (kg),27.31,2.0,54.62
FIS_4167,18.12.2026,21:20,Deterjan (5kg),179.43,1.0,179.43
FIS_4167,18.12.2026,21:20,Plastik Poşet,1.0,1.0,1.0
FIS_4167,18.12.2026,21:20,Diş Macunu,43.01,3.0,129.03
FIS_4167,18.12.2026,21:20,Deodorant,199.9,3.0,599.7
FIS_4167,18.12.2026,21:20,Şampuan,97.58,3.0,292.74
FIS_4167,18.12.2026,21:20,Su 0.5 LT,5.0,2.0,10.0
FIS_4168,08.08.2026,16:19,Makarna,15.23,1.0,15.23
FIS_4168,08.08.2026,16:19,Şeker (1kg),33.23,3.0,99.69
FIS_4168,08.08.2026,16:19,Sıvı Yağ (1L),47.29,1.0,47.29
FIS_4168,08.08.2026,16:19,Ekmek,10.97,1.0,10.97
FIS_4168,08.08.2026,16:19,Diş Macunu,46.75,1.0,46.75
FIS_4169,05.04.2026,15:10,Biber Çarliston (kg),32.95,2.0,65.9
FIS_4169,05.04.2026,15:10,Domates (kg),29.64,2.0,59.28
FIS_4169,05.04.2026,15:10,Limon Taze (kg),119.95,1.0,119.95
FIS_4169,05.04.2026,15:10,Elma (kg),34.5,1.0,34.5
FIS_4170,04.08.2026,18:42,Cola 1 LT,45.0,2.0,90.0
FIS_4170,04.08.2026,18:42,Cola 2.5 LT,55.0,2.0,110.0
FIS_4170,04.08.2026,18:42,Su 0.5 LT,5.0,1.0,5.0
FIS_4170,04.08.2026,18:42,Kek,59.0,1.0,59.0
FIS_4170,04.08.2026,18:42,Çay (500g),99.13,2.0,198.26
FIS_4171,17.03.2026,08:18,Limon Taze (kg),119.95,1.0,119.95
FIS_4171,17.03.2026,08:18,Domates (kg),26.75,3.0,80.25
FIS_4171,17.03.2026,08:18,Elma (kg),34.5,2.0,69.0
FIS_4171,17.03.2026,08:18,Salatalık (kg),22.84,2.0,45.68
FIS_4171,17.03.2026,08:18,Biber Çarliston (kg),32.95,2.0,65.9
FIS_4172,28.08.2026,12:06,Biber Çarliston (kg),32.95,2.0,65.9
FIS_4172,28.08.2026,12:06,Domates (kg),29.23,3.0,87.69
FIS_4172,28.08.2026,12:06,Salatalık (kg),21.48,3.0,64.44
FIS_4172,28.08.2026,12:06,Limon Taze (kg),119.95,2.0,239.9
FIS_4173,27.11.2026,08:14,Diş Macunu,43.3,1.0,43.3
FIS_4173,27.11.2026,08:14,Deterjan (5kg),189.39,2.0,378.78
FIS_4173,27.11.2026,08:14,Plastik Poşet,1.0,1.0,1.0
FIS_4173,27.11.2026,08:14,Şampuan,80.43,3.0,241.29
FIS_4174,14.03.2026,17:25,Su 0.5 LT,5.0,1.0,5.0
FIS_4174,14.03.2026,17:25,Kek,59.0,3.0,177.0
FIS_4174,14.03.2026,17:25,Cola 1 LT,45.0,3.0,135.0
FIS_4174,14.03.2026,17:25,Çay (500g),91.63,2.0,183.26
FIS_4175,29.03.2026,14:50,Peynir (500g),117.96,3.0,353.88
FIS_4175,29.03.2026,14:50,Ekmek,12.69,2.0,25.38
FIS_4175,29.03.2026,14:50,Çay (500g),93.72,2.0,187.44
FIS_4175,29.03.2026,14:50,Yumurta (15li),54.08,1.0,54.08
FIS_4176,05.11.2026,11:12,Makarna,15.34,2.0,30.68
FIS_4176,05.11.2026,11:12,Süt (1L),33.65,2.0,67.3
FIS_4176,05.11.2026,11:12,Şeker (1kg),33.4,2.0,66.8
FIS_4176,05.11.2026,11:12,Ekmek,11.21,1.0,11.21
FIS_4176,05.11.2026,11:12,Sıvı Yağ (1L),49.81,3.0,149.43
FIS_4176,05.11.2026,11:12,Deodorant,199.9,1.0,199.9
FIS_4177,25.03.2026,19:05,Deterjan (5kg),182.69,3.0,548.07
FIS_4177,25.03.2026,19:05,Şampuan,99.68,2.0,199.36
FIS_4177,25.03.2026,19:05,Diş Macunu,45.27,1.0,45.27
FIS_4177,25.03.2026,19:05,Plastik Poşet,1.0,2.0,2.0
FIS_4177,25.03.2026,19:05,Elma (kg),34.5,3.0,103.5
FIS_4178,21.08.2026,09:31,Su 0.5 LT,5.0,3.0,15.0
FIS_4178,21.08.2026,09:31,Cola 1 LT,45.0,1.0,45.0
FIS_4178,21.08.2026,09:31,Çay (500g),92.68,3.0,278.04
FIS_4178,21.08.2026,09:31,Kek,59.0,2.0,118.0
FIS_4178,21.08.2026,09:31,Biber Çarliston (kg),32.95,2.0,65.9
FIS_4179,10.05.2026,16:51,Biber Dolmalık (kg),69.95,2.0,139.9
FIS_4179,10.05.2026,16:51,Makarna,16.16,2.0,32.32
FIS_4179,10.05.2026,16:51,Salatalık (kg),22.41,3.0,67.23
FIS_4179,10.05.2026,16:51,Tavuk Göğsü (kg),163.92,1.0,163.92
FIS_4179,10.05.2026,16:51,Sıvı Yağ (1L),46.17,2.0,92.34
FIS_4179,10.05.2026,16:51,Domates (kg),27.34,2.0,54.68
FIS_4179,10.05.2026,16:51,Deterjan (5kg),193.09,3.0,579.27
FIS_4180,28.10.2026,20:45,Cola 1 LT,45.0,2.0,90.0
FIS_4180,28.10.2026,20:45,Su 0.5 LT,5.0,3.0,15.0
FIS_4180,28.10.2026,20:45,Çay (500g),97.0,2.0,194.0
FIS_4180,28.10.2026,20:45,Kek,59.0,2.0,118.0
FIS_4180,28.10.2026,20:45,Salatalık (kg),23.36,2.0,46.72
FIS_4181,24.06.2026,09:49,Süt (1L),34.06,3.0,102.18
FIS_4181,24.06.2026,09:49,Yumurta (15li),55.57,1.0,55.57
FIS_4181,24.06.2026,09:49,Ekmek,11.95,2.0,23.9
FIS_4181,24.06.2026,09:49,Yoğurt (2kg),64.3,2.0,128.6
FIS_4181,24.06.2026,09:49,Peynir (500g),118.97,1.0,118.97
FIS_4182,05.09.2026,08:29,Limon Taze (kg),119.95,3.0,359.85
FIS_4182,05.09.2026,08:29,Elma (kg),34.5,2.0,69.0
FIS_4182,05.09.2026,08:29,Salatalık (kg),23.33,2.0,46.66
FIS_4182,05.09.2026,08:29,Biber Çarliston (kg),32.95,3.0,98.85
FIS_4182,05.09.2026,08:29,Domates (kg),27.76,2.0,55.52
FIS_4182,05.09.2026,08:29,Çay (500g),94.58,3.0,283.74
FIS_4183,17.10.2026,20:29,Sıvı Yağ (1L),47.41,3.0,142.23
FIS_4183,17.10.2026,20:29,Makarna,15.01,1.0,15.01
FIS_4183,17.10.2026,20:29,Domates (kg),28.51,3.0,85.53
FIS_4183,17.10.2026,20:29,Biber Dolmalık (kg),69.95,3.0,209.85
FIS_4184,14.07.2026,16:54,Deterjan (5kg),192.91,3.0,578.73
FIS_4184,14.07.2026,16:54,Deodorant,199.9,3.0,599.7
FIS_4184,14.07.2026,16:54,Şampuan,108.67,2.0,217.34
FIS_4184,14.07.2026,16:54,Plastik Poşet,1.0,2.0,2.0
FIS_4184,14.07.2026,16:54,Diş Macunu,44.7,2.0,89.4
FIS_4184,14.07.2026,16:54,Salatalık (kg),22.43,3.0,67.29
FIS_4185,16.04.2026,17:36,Süt (1L),33.73,2.0,67.46
FIS_4185,16.04.2026,17:36,Sıvı Yağ (1L),46.46,1.0,46.46
FIS_4185,16.04.2026,17:36,Çay (500g),90.86,2.0,181.72
FIS_4185,16.04.2026,17:36,Makarna,16.15,2.0,32.3
FIS_4185,16.04.2026,17:36,Şeker (1kg),32.78,3.0,98.34
FIS_4186,02.11.2026,14:11,Tavuk Göğsü (kg),157.66,1.0,157.66
FIS_4186,02.11.2026,14:11,Sıvı Yağ (1L),47.16,3.0,141.48
FIS_4186,02.11.2026,14:11,Domates (kg),29.67,2.0,59.34
FIS_4186,02.11.2026,14:11,Makarna,15.41,1.0,15.41
FIS_4186,02.11.2026,14:11,Biber Dolmalık (kg),69.95,3.0,209.85
FIS_4186,02.11.2026,14:11,Salatalık (kg),23.35,2.0,46.7
FIS_4186,02.11.2026,14:11,Diş Macunu,45.27,2.0,90.54
FIS_4187,29.12.2026,11:43,Süt (1L),33.74,2.0,67.48
FIS_4187,29.12.2026,11:43,Yumurta (15li),55.45,3.0,166.35
FIS_4187,29.12.2026,11:43,Peynir (500g),112.81,1.0,112.81
FIS_4187,29.12.2026,11:43,Ekmek,11.79,1.0,11.79
FIS_4187,29.12.2026,11:43,Çay (500g),94.77,1.0,94.77
FIS_4188,17.01.2026,20:24,Şeker (1kg),33.5,1.0,33.5
FIS_4188,17.01.2026,20:24,Makarna,15.15,3.0,45.45
FIS_4188,17.01.2026,20:24,Çay (500g),96.14,3.0,288.42
FIS_4188,17.01.2026,20:24,Süt (1L),33.43,2.0,66.86
FIS_4188,17.01.2026,20:24,Sıvı Yağ (1L),46.93,2.0,93.86
FIS_4189,09.06.2026,22:09,Elma (kg),34.5,1.0,34.5
FIS_4189,09.06.2026,22:09,Salatalık (kg),22.21,1.0,22.21
FIS_4189,09.06.2026,22:09,Biber Çarliston (kg),32.95,2.0,65.9
FIS_4189,09.06.2026,22:09,Limon Taze (kg),119.95,3.0,359.85
FIS_4190,17.08.2026,16:25,Peynir (500g),109.71,1.0,109.71
FIS_4190,17.08.2026,16:25,Ekmek,12.3,3.0,36.9
FIS_4190,17.08.2026,16:25,Yoğurt (2kg),67.58,3.0,202.74
FIS_4190,17.08.2026,16:25,Yumurta (15li),53.5,2.0,107.0
FIS_4190,17.08.2026,16:25,Süt (1L),33.87,3.0,101.61
FIS_4190,17.08.2026,16:25,Çay (500g),97.46,3.0,292.38
FIS_4191,09.03.2026,16:51,Cola 2.5 LT,55.0,3.0,165.0
FIS_4191,09.03.2026,16:51,Su 0.5 LT,5.0,2.0,10.0
FIS_4191,09.03.2026,16:51,Cola 1 LT,45.0,1.0,45.0
FIS_4191,09.03.2026,16:51,Kek,59.0,3.0,177.0
FIS_4191,09.03.2026,16:51,Çay (500g),95.64,2.0,191.28
FIS_4192,03.06.2026,09:27,Peynir (500g),117.33,1.0,117.33
FIS_4192,03.06.2026,09:27,Yoğurt (2kg),65.19,2.0,130.38
FIS_4192,03.06.2026,09:27,Ekmek,11.04,1.0,11.04
FIS_4192,03.06.2026,09:27,Süt (1L),31.46,1.0,31.46
FIS_4192,03.06.2026,09:27,Deterjan (5kg),178.7,1.0,178.7
FIS_4193,27.12.2026,18:48,Yoğurt (2kg),64.37,3.0,193.11
FIS_4193,27.12.2026,18:48,Çay (500g),94.92,1.0,94.92
FIS_4193,27.12.2026,18:48,Yumurta (15li),54.83,3.0,164.49
FIS_4193,27.12.2026,18:48,Peynir (500g),110.1,2.0,220.2
FIS_4193,27.12.2026,18:48,Deterjan (5kg),183.38,1.0,183.38
FIS_4194,27.08.2026,13:41,Şampuan,99.11,2.0,198.22
FIS_4194,27.08.2026,13:41,Deodorant,199.9,1.0,199.9
FIS_4194,27.08.2026,13:41,Diş Macunu,43.77,3.0,131.31
FIS_4194,27.08.2026,13:41,Kil Maskesi,297.9,2.0,595.8
FIS_4195,01.10.2026,22:49,Plastik Poşet,1.0,1.0,1.0
FIS_4195,01.10.2026,22:49,Şampuan,104.84,1.0,104.84
FIS_4195,01.10.2026,22:49,Deterjan (5kg),183.24,3.0,549.72
FIS_4195,01.10.2026,22:49,Diş Macunu,45.62,2.0,91.24
FIS_4195,01.10.2026,22:49,Deodorant,199.9,1.0,199.9
FIS_4196,13.05.2026,13:28,Salatalık (kg),22.57,3.0,67.71
FIS_4196,13.05.2026,13:28,Limon Taze (kg),119.95,3.0,359.85
FIS_4196,13.05.2026,13:28,Biber Çarliston (kg),32.95,1.0,32.95
FIS_4196,13.05.2026,13:28,Elma (kg),34.5,1.0,34.5
FIS_4196,13.05.2026,13:28,Bebe Şampuanı,149.9,3.0,449.7
FIS_4197,10.08.2026,15:38,Çay (500g),90.78,3.0,272.34
FIS_4197,10.08.2026,15:38,Süt (1L),31.47,3.0,94.41
FIS_4197,10.08.2026,15:38,Ekmek,12.75,1.0,12.75
FIS_4197,10.08.2026,15:38,Şeker (1kg),33.16,3.0,99.48
FIS_4197,10.08.2026,15:38,Sıvı Yağ (1L),46.84,3.0,140.52
FIS_4197,10.08.2026,15:38,Salatalık (kg),22.39,1.0,22.39
FIS_4198,18.05.2026,17:41,Sıvı Yağ (1L),48.68,3.0,146.04
FIS_4198,18.05.2026,17:41,Makarna,16.39,2.0,32.78
FIS_4198,18.05.2026,17:41,Şeker (1kg),35.05,1.0,35.05
FIS_4198,18.05.2026,17:41,Çay (500g),94.29,1.0,94.29
FIS_4198,18.05.2026,17:41,Yumurta (15li),55.57,3.0,166.71
FIS_4199,16.08.2026,09:18,Domates (kg),29.88,2.0,59.76
FIS_4199,16.08.2026,09:18,Biber Çarliston (kg),32.95,2.0,65.9
FIS_4199,16.08.2026,09:18,Salatalık (kg),22.63,2.0,45.26
FIS_4199,16.08.2026,09:18,Elma (kg),34.5,3.0,103.5
FIS_4199,16.08.2026,09:18,Ekmek,11.37,2.0,22.74
FIS_4200,08.03.2026,13:38,Süt (1L),31.73,3.0,95.19
FIS_4200,08.03.2026,13:38,Peynir (500g),114.28,2.0,228.56
FIS_4200,08.03.2026,13:38,Ekmek,11.67,2.0,23.34
FIS_4200,08.03.2026,13:38,Çay (500g),93.08,3.0,279.24
FIS_4200,08.03.2026,13:38,Yoğurt (2kg),63.78,3.0,191.34
FIS_4200,08.03.2026,13:38,Yumurta (15li),56.0,2.0,112.0
FIS_4201,15.11.2026,22:29,Salatalık (kg),21.9,3.0,65.7
FIS_4201,15.11.2026,22:29,Biber Çarliston (kg),32.95,3.0,98.85
FIS_4201,15.11.2026,22:29,Limon Taze (kg),119.95,1.0,119.95
FIS_4201,15.11.2026,22:29,Elma (kg),34.5,3.0,103.5
FIS_4201,15.11.2026,22:29,Domates (kg),26.75,1.0,26.75
FIS_4201,15.11.2026,22:29,Kek,59.0,3.0,177.0
FIS_4202,28.11.2026,08:41,Diş Macunu,45.54,3.0,136.62
FIS_4202,28.11.2026,08:41,Deodorant,199.9,2.0,399.8
FIS_4202,28.11.2026,08:41,Plastik Poşet,1.0,1.0,1.0
FIS_4202,28.11.2026,08:41,Şampuan,91.69,2.0,183.38
FIS_4203,05.09.2026,11:30,Kek,59.0,1.0,59.0
FIS_4203,05.09.2026,11:30,Cola 2.5 LT,55.0,2.0,110.0
FIS_4203,05.09.2026,11:30,Su 0.5 LT,5.0,1.0,5.0
FIS_4203,05.09.2026,11:30,Çay (500g),92.38,3.0,277.14
FIS_4204,29.04.2026,08:38,Çay (500g),91.72,1.0,91.72
FIS_4204,29.04.2026,08:38,Şeker (1kg),32.73,3.0,98.19
FIS_4204,29.04.2026,08:38,Ekmek,10.03,2.0,20.06
FIS_4204,29.04.2026,08:38,Sıvı Yağ (1L),47.01,1.0,47.01
FIS_4205,22.07.2026,12:58,Çay (500g),96.16,3.0,288.48
FIS_4205,22.07.2026,12:58,Yumurta (15li),52.8,3.0,158.4
FIS_4205,22.07.2026,12:58,Yoğurt (2kg),66.9,1.0,66.9
FIS_4205,22.07.2026,12:58,Süt (1L),34.04,3.0,102.12
FIS_4205,22.07.2026,12:58,Ekmek,11.88,3.0,35.64
FIS_4206,20.05.2026,15:51,Şampuan,104.62,3.0,313.86
FIS_4206,20.05.2026,15:51,Plastik Poşet,1.0,2.0,2.0
FIS_4206,20.05.2026,15:51,Diş Macunu,46.3,1.0,46.3
FIS_4206,20.05.2026,15:51,Deodorant,199.9,1.0,199.9
FIS_4207,01.11.2026,08:50,Sıvı Yağ (1L),47.26,2.0,94.52
FIS_4207,01.11.2026,08:50,Domates (kg),26.63,3.0,79.89
FIS_4207,01.11.2026,08:50,Salatalık (kg),21.85,3.0,65.55
FIS_4207,01.11.2026,08:50,Makarna,15.85,3.0,47.55
FIS_4208,20.01.2026,19:40,Yumurta (15li),53.95,3.0,161.85
FIS_4208,20.01.2026,19:40,Çay (500g),96.82,2.0,193.64
FIS_4208,20.01.2026,19:40,Süt (1L),31.8,1.0,31.8
FIS_4208,20.01.2026,19:40,Ekmek,12.72,2.0,25.44
FIS_4208,20.01.2026,19:40,Peynir (500g),111.33,1.0,111.33
FIS_4209,05.03.2026,14:39,Cola 1 LT,45.0,3.0,135.0
FIS_4209,05.03.2026,14:39,Su 0.5 LT,5.0,1.0,5.0
FIS_4209,05.03.2026,14:39,Cola 2.5 LT,55.0,1.0,55.0
FIS_4209,05.03.2026,14:39,Kek,59.0,2.0,118.0
FIS_4210,28.10.2026,08:17,Plastik Poşet,1.0,2.0,2.0
FIS_4210,28.10.2026,08:17,Şampuan,93.53,1.0,93.53
FIS_4210,28.10.2026,08:17,Diş Macunu,46.43,3.0,139.29
FIS_4210,28.10.2026,08:17,Deodorant,199.9,1.0,199.9
FIS_4210,28.10.2026,08:17,Çay (500g),92.61,2.0,185.22
FIS_4211,30.04.2026,12:21,Biber Dolmalık (kg),69.95,2.0,139.9
FIS_4211,30.04.2026,12:21,Domates (kg),29.68,1.0,29.68
FIS_4211,30.04.2026,12:21,Tavuk Göğsü (kg),167.16,3.0,501.48
FIS_4211,30.04.2026,12:21,Sıvı Yağ (1L),47.92,3.0,143.76
FIS_4211,30.04.2026,12:21,Salatalık (kg),23.2,1.0,23.2
FIS_4211,30.04.2026,12:21,Makarna,15.06,1.0,15.06
FIS_4211,30.04.2026,12:21,Süt (1L),32.07,2.0,64.14
FIS_4212,07.02.2026,14:03,Domates (kg),26.9,2.0,53.8
FIS_4212,07.02.2026,14:03,Salatalık (kg),22.12,2.0,44.24
FIS_4212,07.02.2026,14:03,Tavuk Göğsü (kg),157.69,3.0,473.07
FIS_4212,07.02.2026,14:03,Sıvı Yağ (1L),50.69,2.0,101.38
FIS_4213,21.11.2026,19:03,Şampuan,101.52,2.0,203.04
FIS_4213,21.11.2026,19:03,Diş Macunu,46.37,1.0,46.37
FIS_4213,21.11.2026,19:03,Plastik Poşet,1.0,1.0,1.0
FIS_4213,21.11.2026,19:03,Deodorant,199.9,1.0,199.9
FIS_4213,21.11.2026,19:03,Süt (1L),33.93,3.0,101.79
FIS_4214,08.02.2026,17:05,Çay (500g),92.4,3.0,277.2
FIS_4214,08.02.2026,17:05,Şeker (1kg),33.4,2.0,66.8
FIS_4214,08.02.2026,17:05,Ekmek,13.69,1.0,13.69
FIS_4214,08.02.2026,17:05,Süt (1L),32.91,2.0,65.82
FIS_4215,26.02.2026,13:44,Kek,59.0,3.0,177.0
FIS_4215,26.02.2026,13:44,Su 0.5 LT,5.0,1.0,5.0
FIS_4215,26.02.2026,13:44,Cola 1 LT,45.0,2.0,90.0
FIS_4215,26.02.2026,13:44,Cola 2.5 LT,55.0,2.0,110.0
FIS_4215,26.02.2026,13:44,Çay (500g),91.46,2.0,182.92
FIS_4216,10.03.2026,21:54,Yoğurt (2kg),64.75,1.0,64.75
FIS_4216,10.03.2026,21:54,Süt (1L),31.97,2.0,63.94
FIS_4216,10.03.2026,21:54,Yumurta (15li),52.22,2.0,104.44
FIS_4216,10.03.2026,21:54,Çay (500g),95.92,3.0,287.76
FIS_4216,10.03.2026,21:54,Peynir (500g),113.72,2.0,227.44
FIS_4216,10.03.2026,21:54,Ekmek,12.51,2.0,25.02
FIS_4217,01.11.2026,15:29,Peynir (500g),116.09,1.0,116.09
FIS_4217,01.11.2026,15:29,Yoğurt (2kg),62.12,2.0,124.24
FIS_4217,01.11.2026,15:29,Çay (500g),97.36,2.0,194.72
FIS_4217,01.11.2026,15:29,Ekmek,12.8,1.0,12.8
FIS_4217,01.11.2026,15:29,Yumurta (15li),55.22,3.0,165.66
FIS_4218,18.03.2026,15:53,Limon Taze (kg),119.95,3.0,359.85
FIS_4218,18.03.2026,15:53,Salatalık (kg),21.66,1.0,21.66
FIS_4218,18.03.2026,15:53,Domates (kg),28.43,1.0,28.43
FIS_4218,18.03.2026,15:53,Biber Çarliston (kg),32.95,3.0,98.85
FIS_4219,31.08.2026,19:34,Şampuan,101.86,3.0,305.58
FIS_4219,31.08.2026,19:34,Yüz Temizleme,79.99,2.0,159.98
FIS_4219,31.08.2026,19:34,Deodorant,199.9,3.0,599.7
FIS_4219,31.08.2026,19:34,Diş Macunu,45.14,1.0,45.14
FIS_4219,31.08.2026,19:34,Bebe Şampuanı,149.9,1.0,149.9
FIS_4220,26.09.2026,08:00,Su 0.5 LT,5.0,2.0,10.0
FIS_4220,26.09.2026,08:00,Cola 2.5 LT,55.0,3.0,165.0
FIS_4220,26.09.2026,08:00,Cola 1 LT,45.0,1.0,45.0
FIS_4220,26.09.2026,08:00,Kek,59.0,2.0,118.0
FIS_4221,10.01.2026,15:33,Biber Dolmalık (kg),69.95,3.0,209.85
FIS_4221,10.01.2026,15:33,Tavuk Göğsü (kg),166.35,3.0,499.05
FIS_4221,10.01.2026,15:33,Domates (kg),27.83,3.0,83.49
FIS_4221,10.01.2026,15:33,Makarna,15.37,2.0,30.74
FIS_4221,10.01.2026,15:33,Sıvı Yağ (1L),49.03,1.0,49.03
FIS_4221,10.01.2026,15:33,Salatalık (kg),22.31,1.0,22.31
FIS_4222,14.05.2026,14:30,Deodorant,199.9,3.0,599.7
FIS_4222,14.05.2026,14:30,Plastik Poşet,1.0,2.0,2.0
FIS_4222,14.05.2026,14:30,Diş Macunu,46.72,1.0,46.72
FIS_4222,14.05.2026,14:30,Şampuan,91.99,2.0,183.98
FIS_4223,09.08.2026,08:22,Deodorant,199.9,3.0,599.7
FIS_4223,09.08.2026,08:22,Kil Maskesi,297.9,3.0,893.7
FIS_4223,09.08.2026,08:22,Diş Macunu,46.9,1.0,46.9
FIS_4223,09.08.2026,08:22,Yüz Temizleme,79.99,1.0,79.99
FIS_4223,09.08.2026,08:22,Şampuan,88.31,2.0,176.62
FIS_4223,09.08.2026,08:22,Bebe Şampuanı,149.9,1.0,149.9
FIS_4224,03.05.2026,20:30,Kil Maskesi,297.9,3.0,893.7
FIS_4224,03.05.2026,20:30,Diş Macunu,46.23,2.0,92.46
FIS_4224,03.05.2026,20:30,Şampuan,76.53,2.0,153.06
FIS_4224,03.05.2026,20:30,Deodorant,199.9,3.0,599.7
FIS_4224,03.05.2026,20:30,Bebe Şampuanı,149.9,1.0,149.9
FIS_4224,03.05.2026,20:30,Çay (500g),91.67,3.0,275.01
FIS_4225,30.01.2026,10:23,Şeker (1kg),33.35,1.0,33.35
FIS_4225,30.01.2026,10:23,Çay (500g),95.0,3.0,285.0
FIS_4225,30.01.2026,10:23,Ekmek,12.75,3.0,38.25
FIS_4225,30.01.2026,10:23,Makarna,15.85,3.0,47.55
FIS_4225,30.01.2026,10:23,Sıvı Yağ (1L),50.15,3.0,150.45
FIS_4226,11.09.2026,14:40,Çay (500g),90.48,2.0,180.96
FIS_4226,11.09.2026,14:40,Su 0.5 LT,5.0,1.0,5.0
FIS_4226,11.09.2026,14:40,Cola 1 LT,45.0,1.0,45.0
FIS_4226,11.09.2026,14:40,Cola 2.5 LT,55.0,3.0,165.0
FIS_4227,10.02.2026,12:14,Plastik Poşet,1.0,3.0,3.0
FIS_4227,10.02.2026,12:14,Diş Macunu,43.99,2.0,87.98
FIS_4227,10.02.2026,12:14,Deodorant,199.9,3.0,599.7
FIS_4227,10.02.2026,12:14,Deterjan (5kg),193.46,2.0,386.92
FIS_4228,10.06.2026,12:26,Süt (1L),33.48,1.0,33.48
FIS_4228,10.06.2026,12:26,Makarna,15.2,1.0,15.2
FIS_4228,10.06.2026,12:26,Sıvı Yağ (1L),48.29,2.0,96.58
FIS_4228,10.06.2026,12:26,Şeker (1kg),34.46,1.0,34.46
FIS_4228,10.06.2026,12:26,Ekmek,9.54,1.0,9.54
FIS_4228,10.06.2026,12:26,Limon Taze (kg),119.95,1.0,119.95
FIS_4229,25.04.2026,22:18,Çay (500g),95.11,3.0,285.33
FIS_4229,25.04.2026,22:18,Yoğurt (2kg),62.12,2.0,124.24
FIS_4229,25.04.2026,22:18,Süt (1L),31.31,3.0,93.93
FIS_4229,25.04.2026,22:18,Ekmek,13.33,1.0,13.33
FIS_4229,25.04.2026,22:18,Yumurta (15li),55.42,3.0,166.26
FIS_4229,25.04.2026,22:18,Deodorant,199.9,1.0,199.9
FIS_4230,22.06.2026,09:26,Cola 1 LT,45.0,2.0,90.0
FIS_4230,22.06.2026,09:26,Çay (500g),94.81,3.0,284.43
FIS_4230,22.06.2026,09:26,Su 0.5 LT,5.0,3.0,15.0
FIS_4230,22.06.2026,09:26,Kek,59.0,1.0,59.0
FIS_4230,22.06.2026,09:26,Cola 2.5 LT,55.0,2.0,110.0
FIS_4231,13.03.2026,15:25,Limon Taze (kg),119.95,1.0,119.95
FIS_4231,13.03.2026,15:25,Elma (kg),34.5,3.0,103.5
FIS_4231,13.03.2026,15:25,Salatalık (kg),23.23,1.0,23.23
FIS_4231,13.03.2026,15:25,Biber Çarliston (kg),32.95,1.0,32.95
FIS_4231,13.03.2026,15:25,Domates (kg),29.47,1.0,29.47
FIS_4232,25.08.2026,09:19,Şampuan,89.81,2.0,179.62
FIS_4232,25.08.2026,09:19,Deterjan (5kg),187.47,1.0,187.47
FIS_4232,25.08.2026,09:19,Deodorant,199.9,1.0,199.9
FIS_4232,25.08.2026,09:19,Diş Macunu,45.44,1.0,45.44
FIS_4233,09.12.2026,17:26,Ekmek,12.06,3.0,36.18
FIS_4233,09.12.2026,17:26,Yoğurt (2kg),62.63,1.0,62.63
FIS_4233,09.12.2026,17:26,Yumurta (15li),55.64,3.0,166.92
FIS_4233,09.12.2026,17:26,Peynir (500g),110.75,2.0,221.5
FIS_4233,09.12.2026,17:26,Süt (1L),33.63,2.0,67.26
FIS_4234,03.12.2026,18:38,Biber Dolmalık (kg),69.95,2.0,139.9
FIS_4234,03.12.2026,18:38,Sıvı Yağ (1L),46.57,1.0,46.57
FIS_4234,03.12.2026,18:38,Makarna,15.77,1.0,15.77
FIS_4234,03.12.2026,18:38,Salatalık (kg),23.47,3.0,70.41
FIS_4234,03.12.2026,18:38,Tavuk Göğsü (kg),167.15,2.0,334.3
FIS_4234,03.12.2026,18:38,Peynir (500g),109.43,2.0,218.86
FIS_4235,13.02.2026,19:45,Salatalık (kg),22.09,2.0,44.18
FIS_4235,13.02.2026,19:45,Tavuk Göğsü (kg),157.44,2.0,314.88
FIS_4235,13.02.2026,19:45,Sıvı Yağ (1L),48.11,3.0,144.33
FIS_4235,13.02.2026,19:45,Biber Dolmalık (kg),69.95,1.0,69.95
FIS_4236,17.07.2026,15:06,Plastik Poşet,1.0,2.0,2.0
FIS_4236,17.07.2026,15:06,Şampuan,84.52,2.0,169.04
FIS_4236,17.07.2026,15:06,Deterjan (5kg),178.3,1.0,178.3
FIS_4236,17.07.2026,15:06,Diş Macunu,44.79,3.0,134.37
FIS_4236,17.07.2026,15:06,Deodorant,199.9,3.0,599.7
FIS_4236,17.07.2026,15:06,Şeker (1kg),33.26,1.0,33.26
FIS_4237,21.08.2026,19:17,Peynir (500g),115.95,3.0,347.85
FIS_4237,21.08.2026,19:17,Çay (500g),94.48,3.0,283.44
FIS_4237,21.08.2026,19:17,Yumurta (15li),56.3,1.0,56.3
FIS_4237,21.08.2026,19:17,Yoğurt (2kg),65.7,3.0,197.1
FIS_4238,28.04.2026,14:47,Domates (kg),26.66,1.0,26.66
FIS_4238,28.04.2026,14:47,Salatalık (kg),22.34,2.0,44.68
FIS_4238,28.04.2026,14:47,Elma (kg),34.5,1.0,34.5
FIS_4238,28.04.2026,14:47,Biber Çarliston (kg),32.95,3.0,98.85
FIS_4238,28.04.2026,14:47,Limon Taze (kg),119.95,2.0,239.9
FIS_4238,28.04.2026,14:47,Sıvı Yağ (1L),50.54,2.0,101.08
FIS_4239,04.05.2026,09:43,Ekmek,10.26,1.0,10.26
FIS_4239,04.05.2026,09:43,Çay (500g),93.98,2.0,187.96
FIS_4239,04.05.2026,09:43,Sıvı Yağ (1L),50.57,1.0,50.57
FIS_4239,04.05.2026,09:43,Şeker (1kg),32.57,2.0,65.14
FIS_4239,04.05.2026,09:43,Cola 1 LT,45.0,3.0,135.0
FIS_4240,24.07.2026,15:38,Plastik Poşet,1.0,1.0,1.0
FIS_4240,24.07.2026,15:38,Diş Macunu,44.55,1.0,44.55
FIS_4240,24.07.2026,15:38,Deodorant,199.9,1.0,199.9
FIS_4240,24.07.2026,15:38,Şampuan,116.17,2.0,232.34
FIS_4240,24.07.2026,15:38,Deterjan (5kg),190.49,1.0,190.49
FIS_4241,06.02.2026,15:31,Çay (500g),95.81,1.0,95.81
FIS_4241,06.02.2026,15:31,Sıvı Yağ (1L),50.02,1.0,50.02
FIS_4241,06.02.2026,15:31,Şeker (1kg),33.84,1.0,33.84
FIS_4241,06.02.2026,15:31,Makarna,15.14,1.0,15.14
FIS_4242,15.08.2026,09:36,Şampuan,85.24,1.0,85.24
FIS_4242,15.08.2026,09:36,Bebe Şampuanı,149.9,2.0,299.8
FIS_4242,15.08.2026,09:36,Deodorant,199.9,3.0,599.7
FIS_4242,15.08.2026,09:36,Kil Maskesi,297.9,2.0,595.8
FIS_4242,15.08.2026,09:36,Yüz Temizleme,79.99,1.0,79.99
FIS_4242,15.08.2026,09:36,Yumurta (15li),54.87,3.0,164.61
FIS_4243,05.06.2026,18:36,Bebe Şampuanı,149.9,3.0,449.7
FIS_4243,05.06.2026,18:36,Deodorant,199.9,1.0,199.9
FIS_4243,05.06.2026,18:36,Yüz Temizleme,79.99,2.0,159.98
FIS_4243,05.06.2026,18:36,Şampuan,83.16,1.0,83.16
FIS_4243,05.06.2026,18:36,Kil Maskesi,297.9,1.0,297.9
FIS_4244,09.06.2026,17:44,Makarna,16.46,3.0,49.38
FIS_4244,09.06.2026,17:44,Süt (1L),32.48,2.0,64.96
FIS_4244,09.06.2026,17:44,Sıvı Yağ (1L),47.25,2.0,94.5
FIS_4244,09.06.2026,17:44,Şeker (1kg),33.09,3.0,99.27
FIS_4244,09.06.2026,17:44,Çay (500g),98.31,2.0,196.62
FIS_4244,09.06.2026,17:44,Ekmek,12.63,1.0,12.63
FIS_4244,09.06.2026,17:44,Cola 1 LT,45.0,2.0,90.0
FIS_4245,19.03.2026,22:58,Makarna,16.0,2.0,32.0
FIS_4245,19.03.2026,22:58,Salatalık (kg),22.62,3.0,67.86
FIS_4245,19.03.2026,22:58,Sıvı Yağ (1L),46.57,3.0,139.71
FIS_4245,19.03.2026,22:58,Domates (kg),26.86,1.0,26.86
FIS_4245,19.03.2026,22:58,Tavuk Göğsü (kg),161.28,1.0,161.28
FIS_4245,19.03.2026,22:58,Biber Dolmalık (kg),69.95,2.0,139.9
FIS_4246,08.11.2026,14:28,Ekmek,10.55,2.0,21.1
FIS_4246,08.11.2026,14:28,Yumurta (15li),53.82,1.0,53.82
FIS_4246,08.11.2026,14:28,Süt (1L),31.36,3.0,94.08
FIS_4246,08.11.2026,14:28,Çay (500g),91.47,1.0,91.47
FIS_4246,08.11.2026,14:28,Yoğurt (2kg),63.99,2.0,127.98
FIS_4247,24.12.2026,20:37,Elma (kg),34.5,3.0,103.5
FIS_4247,24.12.2026,20:37,Limon Taze (kg),119.95,2.0,239.9
FIS_4247,24.12.2026,20:37,Salatalık (kg),21.44,2.0,42.88
FIS_4247,24.12.2026,20:37,Biber Çarliston (kg),32.95,3.0,98.85
FIS_4248,27.11.2026,13:23,Cola 2.5 LT,55.0,1.0,55.0
FIS_4248,27.11.2026,13:23,Çay (500g),96.99,2.0,193.98
FIS_4248,27.11.2026,13:23,Su 0.5 LT,5.0,3.0,15.0
FIS_4248,27.11.2026,13:23,Cola 1 LT,45.0,1.0,45.0
FIS_4249,05.07.2026,13:08,Elma (kg),34.5,1.0,34.5
FIS_4249,05.07.2026,13:08,Domates (kg),29.19,1.0,29.19
FIS_4249,05.07.2026,13:08,Limon Taze (kg),119.95,3.0,359.85
FIS_4249,05.07.2026,13:08,Biber Çarliston (kg),32.95,2.0,65.9
FIS_4249,05.07.2026,13:08,Ekmek,11.42,2.0,22.84
FIS_4250,06.02.2026,21:37,Çay (500g),90.37,3.0,271.11
FIS_4250,06.02.2026,21:37,Kek,59.0,3.0,177.0
FIS_4250,06.02.2026,21:37,Cola 2.5 LT,55.0,1.0,55.0
FIS_4250,06.02.2026,21:37,Cola 1 LT,45.0,2.0,90.0
FIS_4250,06.02.2026,21:37,Peynir (500g),116.93,2.0,233.86
FIS_4251,21.10.2026,17:03,Çay (500g),92.36,1.0,92.36
FIS_4251,21.10.2026,17:03,Makarna,15.38,2.0,30.76
FIS_4251,21.10.2026,17:03,Sıvı Yağ (1L),48.65,2.0,97.3
FIS_4251,21.10.2026,17:03,Süt (1L),33.1,2.0,66.2
FIS_4251,21.10.2026,17:03,Ekmek,13.77,1.0,13.77
FIS_4251,21.10.2026,17:03,Şeker (1kg),34.45,2.0,68.9
FIS_4252,05.07.2026,13:46,Çay (500g),95.21,1.0,95.21
FIS_4252,05.07.2026,13:46,Cola 2.5 LT,55.0,1.0,55.0
FIS_4252,05.07.2026,13:46,Cola 1 LT,45.0,1.0,45.0
FIS_4252,05.07.2026,13:46,Kek,59.0,2.0,118.0
FIS_4253,28.05.2026,09:30,Cola 2.5 LT,55.0,3.0,165.0
FIS_4253,28.05.2026,09:30,Cola 1 LT,45.0,3.0,135.0
FIS_4253,28.05.2026,09:30,Su 0.5 LT,5.0,3.0,15.0
FIS_4253,28.05.2026,09:30,Kek,59.0,3.0,177.0
FIS_4254,09.11.2026,17:04,Su 0.5 LT,5.0,3.0,15.0
FIS_4254,09.11.2026,17:04,Kek,59.0,1.0,59.0
FIS_4254,09.11.2026,17:04,Cola 1 LT,45.0,1.0,45.0
FIS_4254,09.11.2026,17:04,Çay (500g),97.57,3.0,292.71
FIS_4254,09.11.2026,17:04,Cola 2.5 LT,55.0,3.0,165.0
FIS_4254,09.11.2026,17:04,Domates (kg),29.26,2.0,58.52
FIS_4255,22.02.2026,10:24,Biber Çarliston (kg),32.95,1.0,32.95
FIS_4255,22.02.2026,10:24,Elma (kg),34.5,3.0,103.5
FIS_4255,22.02.2026,10:24,Limon Taze (kg),119.95,2.0,239.9
FIS_4255,22.02.2026,10:24,Salatalık (kg),21.97,3.0,65.91
FIS_4256,24.09.2026,12:48,Biber Dolmalık (kg),69.95,2.0,139.9
FIS_4256,24.09.2026,12:48,Sıvı Yağ (1L),47.36,3.0,142.08
FIS_4256,24.09.2026,12:48,Makarna,16.07,1.0,16.07
FIS_4256,24.09.2026,12:48,Salatalık (kg),22.11,2.0,44.22
FIS_4256,24.09.2026,12:48,Tavuk Göğsü (kg),164.63,2.0,329.26
FIS_4256,24.09.2026,12:48,Domates (kg),27.65,2.0,55.3
FIS_4256,24.09.2026,12:48,Süt (1L),32.84,3.0,98.52
FIS_4257,22.12.2026,08:49,Bebe Şampuanı,149.9,2.0,299.8
FIS_4257,22.12.2026,08:49,Diş Macunu,45.32,3.0,135.96
FIS_4257,22.12.2026,08:49,Kil Maskesi,297.9,3.0,893.7
FIS_4257,22.12.2026,08:49,Deodorant,199.9,2.0,399.8
FIS_4257,22.12.2026,08:49,Yüz Temizleme,79.99,2.0,159.98
FIS_4258,28.03.2026,09:26,Sıvı Yağ (1L),48.68,1.0,48.68
FIS_4258,28.03.2026,09:26,Biber Dolmalık (kg),69.95,2.0,139.9
FIS_4258,28.03.2026,09:26,Tavuk Göğsü (kg),162.44,3.0,487.32
FIS_4258,28.03.2026,09:26,Makarna,15.89,2.0,31.78
FIS_4258,28.03.2026,09:26,Salatalık (kg),22.43,1.0,22.43
FIS_4258,28.03.2026,09:26,Domates (kg),28.98,3.0,86.94
FIS_4258,28.03.2026,09:26,Deterjan (5kg),179.57,2.0,359.14
FIS_4259,08.09.2026,21:37,Deterjan (5kg),177.36,2.0,354.72
FIS_4259,08.09.2026,21:37,Şampuan,104.19,2.0,208.38
FIS_4259,08.09.2026,21:37,Deodorant,199.9,2.0,399.8
FIS_4259,08.09.2026,21:37,Diş Macunu,42.8,3.0,128.4
FIS_4259,08.09.2026,21:37,Plastik Poşet,1.0,1.0,1.0
FIS_4260,01.07.2026,14:41,Cola 1 LT,45.0,1.0,45.0
FIS_4260,01.07.2026,14:41,Çay (500g),90.64,1.0,90.64
FIS_4260,01.07.2026,14:41,Su 0.5 LT,5.0,2.0,10.0
FIS_4260,01.07.2026,14:41,Cola 2.5 LT,55.0,1.0,55.0
FIS_4260,01.07.2026,14:41,Kek,59.0,3.0,177.0
FIS_4261,25.12.2026,10:36,Salatalık (kg),23.24,1.0,23.24
FIS_4261,25.12.2026,10:36,Makarna,16.22,1.0,16.22
FIS_4261,25.12.2026,10:36,Domates (kg),29.53,3.0,88.59
FIS_4261,25.12.2026,10:36,Biber Dolmalık (kg),69.95,3.0,209.85
FIS_4261,25.12.2026,10:36,Sıvı Yağ (1L),47.1,1.0,47.1
FIS_4261,25.12.2026,10:36,Tavuk Göğsü (kg),167.21,1.0,167.21
FIS_4262,07.08.2026,13:48,Şampuan,112.45,3.0,337.35
FIS_4262,07.08.2026,13:48,Plastik Poşet,1.0,3.0,3.0
FIS_4262,07.08.2026,13:48,Deterjan (5kg),184.55,3.0,553.65
FIS_4262,07.08.2026,13:48,Deodorant,199.9,3.0,599.7
FIS_4262,07.08.2026,13:48,Diş Macunu,45.94,2.0,91.88
FIS_4262,07.08.2026,13:48,Biber Çarliston (kg),32.95,2.0,65.9
FIS_4263,18.04.2026,18:25,Şampuan,72.17,2.0,144.34
FIS_4263,18.04.2026,18:25,Diş Macunu,46.69,1.0,46.69
FIS_4263,18.04.2026,18:25,Plastik Poşet,1.0,3.0,3.0
FIS_4263,18.04.2026,18:25,Deodorant,199.9,3.0,599.7
FIS_4264,12.05.2026,19:08,Domates (kg),29.89,1.0,29.89
FIS_4264,12.05.2026,19:08,Biber Dolmalık (kg),69.95,2.0,139.9
FIS_4264,12.05.2026,19:08,Tavuk Göğsü (kg),157.44,3.0,472.32
FIS_4264,12.05.2026,19:08,Sıvı Yağ (1L),49.25,1.0,49.25
FIS_4264,12.05.2026,19:08,Salatalık (kg),21.42,1.0,21.42
FIS_4265,09.12.2026,12:43,Salatalık (kg),23.08,1.0,23.08
FIS_4265,09.12.2026,12:43,Domates (kg),29.4,3.0,88.2
FIS_4265,09.12.2026,12:43,Sıvı Yağ (1L),46.27,3.0,138.81
FIS_4265,09.12.2026,12:43,Makarna,15.14,2.0,30.28
FIS_4265,09.12.2026,12:43,Tavuk Göğsü (kg),168.4,1.0,168.4
FIS_4265,09.12.2026,12:43,Biber Dolmalık (kg),69.95,2.0,139.9
FIS_4266,10.11.2026,14:53,Elma (kg),34.5,1.0,34.5
FIS_4266,10.11.2026,14:53,Domates (kg),27.89,2.0,55.78
FIS_4266,10.11.2026,14:53,Biber Çarliston (kg),32.95,3.0,98.85
FIS_4266,10.11.2026,14:53,Limon Taze (kg),119.95,1.0,119.95
FIS_4266,10.11.2026,14:53,Salatalık (kg),22.9,2.0,45.8
FIS_4266,10.11.2026,14:53,Diş Macunu,44.04,3.0,132.12
FIS_4267,19.06.2026,16:01,Yoğurt (2kg),65.11,3.0,195.33
FIS_4267,19.06.2026,16:01,Ekmek,10.1,1.0,10.1
FIS_4267,19.06.2026,16:01,Çay (500g),91.45,1.0,91.45
FIS_4267,19.06.2026,16:01,Peynir (500g),112.95,1.0,112.95
FIS_4267,19.06.2026,16:01,Yumurta (15li),54.81,2.0,109.62
FIS_4267,19.06.2026,16:01,Cola 2.5 LT,55.0,3.0,165.0
FIS_4268,01.08.2026,09:46,Şampuan,83.19,1.0,83.19
FIS_4268,01.08.2026,09:46,Deodorant,199.9,3.0,599.7
FIS_4268,01.08.2026,09:46,Diş Macunu,46.91,2.0,93.82
FIS_4268,01.08.2026,09:46,Yüz Temizleme,79.99,3.0,239.97
FIS_4268,01.08.2026,09:46,Biber Dolmalık (kg),69.95,2.0,139.9
FIS_4269,28.11.2026,15:40,Diş Macunu,46.54,2.0,93.08
FIS_4269,28.11.2026,15:40,Plastik Poşet,1.0,2.0,2.0
FIS_4269,28.11.2026,15:40,Deodorant,199.9,2.0,399.8
FIS_4269,28.11.2026,15:40,Deterjan (5kg),189.55,3.0,568.65
FIS_4270,12.04.2026,17:23,Ekmek,10.95,3.0,32.85
FIS_4270,12.04.2026,17:23,Yoğurt (2kg),64.6,1.0,64.6
FIS_4270,12.04.2026,17:23,Yumurta (15li),53.82,3.0,161.46
FIS_4270,12.04.2026,17:23,Süt (1L),32.69,3.0,98.07
FIS_4271,01.04.2026,14:02,Sıvı Yağ (1L),50.38,3.0,151.14
FIS_4271,01.04.2026,14:02,Salatalık (kg),21.43,3.0,64.29
FIS_4271,01.04.2026,14:02,Tavuk Göğsü (kg),164.5,3.0,493.5
FIS_4271,01.04.2026,14:02,Biber Dolmalık (kg),69.95,2.0,139.9
FIS_4271,01.04.2026,14:02,Plastik Poşet,1.0,1.0,1.0
FIS_4272,02.04.2026,17:57,Biber Dolmalık (kg),69.95,2.0,139.9
FIS_4272,02.04.2026,17:57,Salatalık (kg),23.02,2.0,46.04
FIS_4272,02.04.2026,17:57,Makarna,15.85,2.0,31.7
FIS_4272,02.04.2026,17:57,Sıvı Yağ (1L),47.66,2.0,95.32
FIS_4272,02.04.2026,17:57,Domates (kg),28.58,1.0,28.58
FIS_4273,24.02.2026,18:12,Makarna,15.7,1.0,15.7
FIS_4273,24.02.2026,18:12,Çay (500g),94.41,2.0,188.82
FIS_4273,24.02.2026,18:12,Süt (1L),32.0,3.0,96.0
FIS_4273,24.02.2026,18:12,Ekmek,9.99,2.0,19.98
FIS_4273,24.02.2026,18:12,Sıvı Yağ (1L),46.13,3.0,138.39
FIS_4274,02.07.2026,16:36,Cola 1 LT,45.0,3.0,135.0
FIS_4274,02.07.2026,16:36,Kek,59.0,2.0,118.0
FIS_4274,02.07.2026,16:36,Su 0.5 LT,5.0,3.0,15.0
FIS_4274,02.07.2026,16:36,Çay (500g),92.15,2.0,184.3
FIS_4274,02.07.2026,16:36,Süt (1L),32.34,3.0,97.02
FIS_4275,06.02.2026,10:42,Domates (kg),29.04,3.0,87.12
FIS_4275,06.02.2026,10:42,Biber Çarliston (kg),32.95,3.0,98.85
FIS_4275,06.02.2026,10:42,Salatalık (kg),22.73,3.0,68.19
FIS_4275,06.02.2026,10:42,Elma (kg),34.5,3.0,103.5
FIS_4276,06.03.2026,15:06,Bebe Şampuanı,149.9,3.0,449.7
FIS_4276,06.03.2026,15:06,Kil Maskesi,297.9,3.0,893.7
FIS_4276,06.03.2026,15:06,Şampuan,88.47,1.0,88.47
FIS_4276,06.03.2026,15:06,Yüz Temizleme,79.99,3.0,239.97
FIS_4276,06.03.2026,15:06,Deodorant,199.9,3.0,599.7
FIS_4277,11.11.2026,16:25,Limon Taze (kg),119.95,3.0,359.85
FIS_4277,11.11.2026,16:25,Elma (kg),34.5,1.0,34.5
FIS_4277,11.11.2026,16:25,Domates (kg),28.15,2.0,56.3
FIS_4277,11.11.2026,16:25,Salatalık (kg),22.69,3.0,68.07
FIS_4277,11.11.2026,16:25,Tavuk Göğsü (kg),166.32,3.0,498.96
FIS_4278,01.12.2026,21:19,Şeker (1kg),33.7,1.0,33.7
FIS_4278,01.12.2026,21:19,Sıvı Yağ (1L),49.68,1.0,49.68
FIS_4278,01.12.2026,21:19,Çay (500g),93.89,2.0,187.78
FIS_4278,01.12.2026,21:19,Süt (1L),31.88,1.0,31.88
FIS_4278,01.12.2026,21:19,Makarna,15.43,2.0,30.86
FIS_4279,01.07.2026,17:06,Şampuan,96.41,3.0,289.23
FIS_4279,01.07.2026,17:06,Deodorant,199.9,3.0,599.7
FIS_4279,01.07.2026,17:06,Diş Macunu,46.05,2.0,92.1
FIS_4279,01.07.2026,17:06,Kil Maskesi,297.9,3.0,893.7
FIS_4279,01.07.2026,17:06,Bebe Şampuanı,149.9,2.0,299.8
FIS_4280,06.07.2026,16:54,Plastik Poşet,1.0,3.0,3.0
FIS_4280,06.07.2026,16:54,Şampuan,74.79,2.0,149.58
FIS_4280,06.07.2026,16:54,Diş Macunu,45.09,1.0,45.09
FIS_4280,06.07.2026,16:54,Deodorant,199.9,3.0,599.7
FIS_4280,06.07.2026,16:54,Deterjan (5kg),176.74,3.0,530.22
FIS_4281,18.04.2026,08:28,Şampuan,101.8,2.0,203.6
FIS_4281,18.04.2026,08:28,Kil Maskesi,297.9,1.0,297.9
FIS_4281,18.04.2026,08:28,Yüz Temizleme,79.99,1.0,79.99
FIS_4281,18.04.2026,08:28,Diş Macunu,43.41,1.0,43.41
FIS_4281,18.04.2026,08:28,Bebe Şampuanı,149.9,3.0,449.7
FIS_4281,18.04.2026,08:28,Deodorant,199.9,1.0,199.9
FIS_4281,18.04.2026,08:28,Yoğurt (2kg),63.34,1.0,63.34
FIS_4282,29.07.2026,17:37,Salatalık (kg),23.44,3.0,70.32
FIS_4282,29.07.2026,17:37,Elma (kg),34.5,2.0,69.0
FIS_4282,29.07.2026,17:37,Biber Çarliston (kg),32.95,2.0,65.9
FIS_4282,29.07.2026,17:37,Domates (kg),27.39,3.0,82.17
FIS_4282,29.07.2026,17:37,Limon Taze (kg),119.95,2.0,239.9
FIS_4282,29.07.2026,17:37,Süt (1L),33.51,2.0,67.02
FIS_4283,16.11.2026,15:09,Şampuan,85.51,3.0,256.53
FIS_4283,16.11.2026,15:09,Plastik Poşet,1.0,1.0,1.0
FIS_4283,16.11.2026,15:09,Deterjan (5kg),186.63,3.0,559.89
FIS_4283,16.11.2026,15:09,Diş Macunu,44.34,2.0,88.68
FIS_4283,16.11.2026,15:09,Cola 1 LT,45.0,2.0,90.0
FIS_4284,22.01.2026,22:09,Çay (500g),92.79,2.0,185.58
FIS_4284,22.01.2026,22:09,Ekmek,12.04,2.0,24.08
FIS_4284,22.01.2026,22:09,Yoğurt (2kg),66.91,1.0,66.91
FIS_4284,22.01.2026,22:09,Peynir (500g),118.07,1.0,118.07
FIS_4284,22.01.2026,22:09,Kek,59.0,1.0,59.0
FIS_4285,06.12.2026,17:05,Kil Maskesi,297.9,1.0,297.9
FIS_4285,06.12.2026,17:05,Şampuan,79.51,1.0,79.51
FIS_4285,06.12.2026,17:05,Bebe Şampuanı,149.9,3.0,449.7
FIS_4285,06.12.2026,17:05,Diş Macunu,45.64,3.0,136.92
FIS_4286,30.12.2026,18:01,Diş Macunu,46.92,2.0,93.84
FIS_4286,30.12.2026,18:01,Plastik Poşet,1.0,2.0,2.0
FIS_4286,30.12.2026,18:01,Şampuan,99.57,1.0,99.57
FIS_4286,30.12.2026,18:01,Deodorant,199.9,2.0,399.8
FIS_4286,30.12.2026,18:01,Deterjan (5kg),179.88,2.0,359.76
FIS_4287,08.08.2026,08:31,Çay (500g),98.21,1.0,98.21
FIS_4287,08.08.2026,08:31,Kek,59.0,3.0,177.0
FIS_4287,08.08.2026,08:31,Cola 1 LT,45.0,3.0,135.0
FIS_4287,08.08.2026,08:31,Su 0.5 LT,5.0,1.0,5.0
FIS_4287,08.08.2026,08:31,Cola 2.5 LT,55.0,1.0,55.0
FIS_4288,22.12.2026,19:52,Makarna,15.2,3.0,45.6
FIS_4288,22.12.2026,19:52,Sıvı Yağ (1L),48.25,2.0,96.5
FIS_4288,22.12.2026,19:52,Domates (kg),28.83,2.0,57.66
FIS_4288,22.12.2026,19:52,Biber Dolmalık (kg),69.95,3.0,209.85
FIS_4288,22.12.2026,19:52,Tavuk Göğsü (kg),157.42,3.0,472.26
FIS_4288,22.12.2026,19:52,Diş Macunu,46.93,2.0,93.86
FIS_4289,13.01.2026,22:46,Yoğurt (2kg),63.45,3.0,190.35
FIS_4289,13.01.2026,22:46,Ekmek,9.67,2.0,19.34
FIS_4289,13.01.2026,22:46,Peynir (500g),116.16,1.0,116.16
FIS_4289,13.01.2026,22:46,Süt (1L),33.84,2.0,67.68
FIS_4289,13.01.2026,22:46,Yumurta (15li),52.36,1.0,52.36
FIS_4290,10.10.2026,18:12,Bebe Şampuanı,149.9,2.0,299.8
FIS_4290,10.10.2026,18:12,Diş Macunu,46.24,3.0,138.72
FIS_4290,10.10.2026,18:12,Şampuan,78.43,1.0,78.43
FIS_4290,10.10.2026,18:12,Deodorant,199.9,1.0,199.9
FIS_4291,13.01.2026,15:05,Sıvı Yağ (1L),47.24,2.0,94.48
FIS_4291,13.01.2026,15:05,Tavuk Göğsü (kg),164.07,2.0,328.14
FIS_4291,13.01.2026,15:05,Makarna,15.25,1.0,15.25
FIS_4291,13.01.2026,15:05,Salatalık (kg),22.1,3.0,66.3
FIS_4292,14.10.2026,13:31,Yüz Temizleme,79.99,3.0,239.97
FIS_4292,14.10.2026,13:31,Kil Maskesi,297.9,3.0,893.7
FIS_4292,14.10.2026,13:31,Diş Macunu,46.08,1.0,46.08
FIS_4292,14.10.2026,13:31,Deodorant,199.9,1.0,199.9
FIS_4292,14.10.2026,13:31,Şampuan,91.81,3.0,275.43
FIS_4292,14.10.2026,13:31,Bebe Şampuanı,149.9,2.0,299.8
FIS_4293,13.05.2026,14:45,Çay (500g),98.09,2.0,196.18
FIS_4293,13.05.2026,14:45,Kek,59.0,1.0,59.0
FIS_4293,13.05.2026,14:45,Cola 1 LT,45.0,2.0,90.0
FIS_4293,13.05.2026,14:45,Cola 2.5 LT,55.0,3.0,165.0
FIS_4293,13.05.2026,14:45,Su 0.5 LT,5.0,2.0,10.0
FIS_4294,01.04.2026,13:29,Makarna,15.81,1.0,15.81
FIS_4294,01.04.2026,13:29,Sıvı Yağ (1L),48.24,3.0,144.72
FIS_4294,01.04.2026,13:29,Salatalık (kg),22.93,2.0,45.86
FIS_4294,01.04.2026,13:29,Domates (kg),27.97,2.0,55.94
FIS_4294,01.04.2026,13:29,Biber Dolmalık (kg),69.95,1.0,69.95
FIS_4295,11.08.2026,09:09,Salatalık (kg),21.71,1.0,21.71
FIS_4295,11.08.2026,09:09,Elma (kg),34.5,3.0,103.5
FIS_4295,11.08.2026,09:09,Domates (kg),28.97,3.0,86.91
FIS_4295,11.08.2026,09:09,Limon Taze (kg),119.95,2.0,239.9
FIS_4295,11.08.2026,09:09,Biber Çarliston (kg),32.95,2.0,65.9
FIS_4296,14.01.2026,08:21,Tavuk Göğsü (kg),165.67,1.0,165.67
FIS_4296,14.01.2026,08:21,Makarna,16.21,1.0,16.21
FIS_4296,14.01.2026,08:21,Sıvı Yağ (1L),49.42,3.0,148.26
FIS_4296,14.01.2026,08:21,Biber Dolmalık (kg),69.95,2.0,139.9
FIS_4296,14.01.2026,08:21,Domates (kg),29.9,3.0,89.7
FIS_4296,14.01.2026,08:21,Kil Maskesi,297.9,3.0,893.7
FIS_4297,02.02.2026,10:29,Domates (kg),27.79,2.0,55.58
FIS_4297,02.02.2026,10:29,Salatalık (kg),22.88,2.0,45.76
FIS_4297,02.02.2026,10:29,Biber Çarliston (kg),32.95,2.0,65.9
FIS_4297,02.02.2026,10:29,Limon Taze (kg),119.95,1.0,119.95
FIS_4298,23.10.2026,17:05,Limon Taze (kg),119.95,1.0,119.95
FIS_4298,23.10.2026,17:05,Domates (kg),28.88,3.0,86.64
FIS_4298,23.10.2026,17:05,Elma (kg),34.5,2.0,69.0
FIS_4298,23.10.2026,17:05,Salatalık (kg),23.31,1.0,23.31
FIS_4298,23.10.2026,17:05,Biber Çarliston (kg),32.95,1.0,32.95
FIS_4299,03.09.2026,15:41,Ekmek,11.19,2.0,22.38
FIS_4299,03.09.2026,15:41,Çay (500g),95.82,2.0,191.64
FIS_4299,03.09.2026,15:41,Yumurta (15li),55.04,3.0,165.12
FIS_4299,03.09.2026,15:41,Yoğurt (2kg),67.63,2.0,135.26
FIS_4299,03.09.2026,15:41,Peynir (500g),110.27,1.0,110.27
FIS_4299,03.09.2026,15:41,Süt (1L),32.01,1.0,32.01
FIS_4299,03.09.2026,15:41,Limon Taze (kg),119.95,3.0,359.85
FIS_4300,01.01.2026,08:43,Cola 1 LT,45.0,1.0,45.0
FIS_4300,01.01.2026,08:43,Su 0.5 LT,5.0,2.0,10.0
FIS_4300,01.01.2026,08:43,Kek,59.0,1.0,59.0
FIS_4300,01.01.2026,08:43,Cola 2.5 LT,55.0,3.0,165.0
FIS_4300,01.01.2026,08:43,Tavuk Göğsü (kg),160.56,3.0,481.68
FIS_4301,13.11.2026,10:02,Yoğurt (2kg),66.86,2.0,133.72
FIS_4301,13.11.2026,10:02,Peynir (500g),112.39,2.0,224.78
FIS_4301,13.11.2026,10:02,Çay (500g),96.53,3.0,289.59
FIS_4301,13.11.2026,10:02,Süt (1L),33.06,2.0,66.12
FIS_4302,24.11.2026,11:55,Elma (kg),34.5,1.0,34.5
FIS_4302,24.11.2026,11:55,Biber Çarliston (kg),32.95,3.0,98.85
FIS_4302,24.11.2026,11:55,Limon Taze (kg),119.95,3.0,359.85
FIS_4302,24.11.2026,11:55,Salatalık (kg),21.97,3.0,65.91
FIS_4302,24.11.2026,11:55,Domates (kg),27.15,2.0,54.3
FIS_4303,12.02.2026,14:18,Yoğurt (2kg),66.84,2.0,133.68
FIS_4303,12.02.2026,14:18,Peynir (500g),110.38,1.0,110.38
FIS_4303,12.02.2026,14:18,Çay (500g),92.54,3.0,277.62
FIS_4303,12.02.2026,14:18,Süt (1L),33.38,2.0,66.76
FIS_4303,12.02.2026,14:18,Ekmek,13.06,2.0,26.12
FIS_4304,21.10.2026,20:50,Kil Maskesi,297.9,2.0,595.8
FIS_4304,21.10.2026,20:50,Bebe Şampuanı,149.9,2.0,299.8
FIS_4304,21.10.2026,20:50,Şampuan,85.95,3.0,257.85
FIS_4304,21.10.2026,20:50,Deodorant,199.9,2.0,399.8
FIS_4304,21.10.2026,20:50,Diş Macunu,45.07,3.0,135.21
FIS_4304,21.10.2026,20:50,Yüz Temizleme,79.99,3.0,239.97
FIS_4305,18.09.2026,09:17,Plastik Poşet,1.0,3.0,3.0
FIS_4305,18.09.2026,09:17,Deterjan (5kg),176.85,2.0,353.7
FIS_4305,18.09.2026,09:17,Deodorant,199.9,2.0,399.8
FIS_4305,18.09.2026,09:17,Şampuan,87.39,3.0,262.17
FIS_4306,13.11.2026,17:35,Cola 2.5 LT,55.0,1.0,55.0
FIS_4306,13.11.2026,17:35,Kek,59.0,1.0,59.0
FIS_4306,13.11.2026,17:35,Çay (500g),98.7,3.0,296.1
FIS_4306,13.11.2026,17:35,Cola 1 LT,45.0,3.0,135.0
FIS_4307,06.02.2026,16:16,Çay (500g),94.13,3.0,282.39
FIS_4307,06.02.2026,16:16,Kek,59.0,1.0,59.0
FIS_4307,06.02.2026,16:16,Su 0.5 LT,5.0,2.0,10.0
FIS_4307,06.02.2026,16:16,Cola 1 LT,45.0,1.0,45.0
FIS_4307,06.02.2026,16:16,Cola 2.5 LT,55.0,3.0,165.0
FIS_4307,06.02.2026,16:16,Plastik Poşet,1.0,3.0,3.0
FIS_4308,05.01.2026,22:48,Peynir (500g),109.42,2.0,218.84
FIS_4308,05.01.2026,22:48,Çay (500g),93.07,1.0,93.07
FIS_4308,05.01.2026,22:48,Yumurta (15li),55.68,3.0,167.04
FIS_4308,05.01.2026,22:48,Ekmek,13.42,2.0,26.84
FIS_4308,05.01.2026,22:48,Cola 2.5 LT,55.0,3.0,165.0
FIS_4309,22.02.2026,19:39,Salatalık (kg),22.02,2.0,44.04
FIS_4309,22.02.2026,19:39,Sıvı Yağ (1L),47.97,2.0,95.94
FIS_4309,22.02.2026,19:39,Biber Dolmalık (kg),69.95,1.0,69.95
FIS_4309,22.02.2026,19:39,Makarna,16.43,1.0,16.43
FIS_4310,04.09.2026,19:35,Şampuan,95.59,3.0,286.77
FIS_4310,04.09.2026,19:35,Deterjan (5kg),176.89,2.0,353.78
FIS_4310,04.09.2026,19:35,Plastik Poşet,1.0,1.0,1.0
FIS_4310,04.09.2026,19:35,Diş Macunu,45.52,1.0,45.52
FIS_4310,04.09.2026,19:35,Deodorant,199.9,2.0,399.8
FIS_4311,14.11.2026,22:32,Limon Taze (kg),119.95,2.0,239.9
FIS_4311,14.11.2026,22:32,Biber Çarliston (kg),32.95,1.0,32.95
FIS_4311,14.11.2026,22:32,Salatalık (kg),22.02,1.0,22.02
FIS_4311,14.11.2026,22:32,Elma (kg),34.5,1.0,34.5
FIS_4311,14.11.2026,22:32,Domates (kg),28.98,3.0,86.94
FIS_4312,21.12.2026,11:26,Yumurta (15li),51.75,3.0,155.25
FIS_4312,21.12.2026,11:26,Süt (1L),32.8,2.0,65.6
FIS_4312,21.12.2026,11:26,Çay (500g),93.81,1.0,93.81
FIS_4312,21.12.2026,11:26,Ekmek,11.83,1.0,11.83
FIS_4312,21.12.2026,11:26,Peynir (500g),110.59,2.0,221.18
FIS_4312,21.12.2026,11:26,Yoğurt (2kg),67.18,3.0,201.54
FIS_4313,27.05.2026,20:18,Su 0.5 LT,5.0,2.0,10.0
FIS_4313,27.05.2026,20:18,Kek,59.0,2.0,118.0
FIS_4313,27.05.2026,20:18,Cola 2.5 LT,55.0,1.0,55.0
FIS_4313,27.05.2026,20:18,Cola 1 LT,45.0,1.0,45.0
FIS_4314,01.02.2026,20:29,Çay (500g),91.29,1.0,91.29
FIS_4314,01.02.2026,20:29,Yumurta (15li),52.1,1.0,52.1
FIS_4314,01.02.2026,20:29,Süt (1L),32.39,2.0,64.78
FIS_4314,01.02.2026,20:29,Yoğurt (2kg),63.37,1.0,63.37
FIS_4314,01.02.2026,20:29,Ekmek,10.48,2.0,20.96
FIS_4314,01.02.2026,20:29,Peynir (500g),120.29,1.0,120.29
FIS_4315,30.11.2026,19:48,Çay (500g),94.19,1.0,94.19
FIS_4315,30.11.2026,19:48,Su 0.5 LT,5.0,1.0,5.0
FIS_4315,30.11.2026,19:48,Kek,59.0,1.0,59.0
FIS_4315,30.11.2026,19:48,Cola 1 LT,45.0,3.0,135.0
FIS_4316,08.01.2026,15:34,Makarna,15.47,2.0,30.94
FIS_4316,08.01.2026,15:34,Sıvı Yağ (1L),47.78,3.0,143.34
FIS_4316,08.01.2026,15:34,Ekmek,11.0,2.0,22.0
FIS_4316,08.01.2026,15:34,Süt (1L),32.17,2.0,64.34
FIS_4317,10.08.2026,13:45,Ekmek,13.62,3.0,40.86
FIS_4317,10.08.2026,13:45,Makarna,16.07,2.0,32.14
FIS_4317,10.08.2026,13:45,Çay (500g),94.32,1.0,94.32
FIS_4317,10.08.2026,13:45,Sıvı Yağ (1L),50.48,2.0,100.96
FIS_4317,10.08.2026,13:45,Şeker (1kg),35.13,3.0,105.39
FIS_4317,10.08.2026,13:45,Peynir (500g),112.43,3.0,337.29
FIS_4318,07.11.2026,16:48,Plastik Poşet,1.0,1.0,1.0
FIS_4318,07.11.2026,16:48,Şampuan,73.45,1.0,73.45
FIS_4318,07.11.2026,16:48,Diş Macunu,45.73,3.0,137.19
FIS_4318,07.11.2026,16:48,Deodorant,199.9,3.0,599.7
FIS_4319,04.10.2026,16:55,Cola 2.5 LT,55.0,2.0,110.0
FIS_4319,04.10.2026,16:55,Çay (500g),99.0,3.0,297.0
FIS_4319,04.10.2026,16:55,Kek,59.0,2.0,118.0
FIS_4319,04.10.2026,16:55,Cola 1 LT,45.0,2.0,90.0
FIS_4320,04.09.2026,16:24,Makarna,16.12,1.0,16.12
FIS_4320,04.09.2026,16:24,Salatalık (kg),22.98,1.0,22.98
FIS_4320,04.09.2026,16:24,Domates (kg),26.62,2.0,53.24
FIS_4320,04.09.2026,16:24,Sıvı Yağ (1L),48.27,1.0,48.27
FIS_4320,04.09.2026,16:24,Tavuk Göğsü (kg),170.38,2.0,340.76
FIS_4321,10.02.2026,19:00,Çay (500g),93.53,3.0,280.59
FIS_4321,10.02.2026,19:00,Cola 2.5 LT,55.0,2.0,110.0
FIS_4321,10.02.2026,19:00,Cola 1 LT,45.0,2.0,90.0
FIS_4321,10.02.2026,19:00,Su 0.5 LT,5.0,3.0,15.0
FIS_4322,08.03.2026,21:51,Sıvı Yağ (1L),49.5,2.0,99.0
FIS_4322,08.03.2026,21:51,Ekmek,10.5,1.0,10.5
FIS_4322,08.03.2026,21:51,Makarna,16.18,1.0,16.18
FIS_4322,08.03.2026,21:51,Süt (1L),33.32,3.0,99.96
FIS_4322,08.03.2026,21:51,Şeker (1kg),35.1,1.0,35.1
FIS_4322,08.03.2026,21:51,Elma (kg),34.5,2.0,69.0
FIS_4323,12.01.2026,12:45,Tavuk Göğsü (kg),166.67,3.0,500.01
FIS_4323,12.01.2026,12:45,Domates (kg),28.86,3.0,86.58
FIS_4323,12.01.2026,12:45,Salatalık (kg),23.14,2.0,46.28
FIS_4323,12.01.2026,12:45,Makarna,15.98,2.0,31.96
FIS_4323,12.01.2026,12:45,Sıvı Yağ (1L),46.63,2.0,93.26
FIS_4323,12.01.2026,12:45,Çay (500g),94.72,3.0,284.16
FIS_4324,03.10.2026,21:04,Diş Macunu,46.49,2.0,92.98
FIS_4324,03.10.2026,21:04,Deodorant,199.9,1.0,199.9
FIS_4324,03.10.2026,21:04,Plastik Poşet,1.0,2.0,2.0
FIS_4324,03.10.2026,21:04,Şampuan,96.37,2.0,192.74
FIS_4324,03.10.2026,21:04,Deterjan (5kg),189.55,2.0,379.1
FIS_4325,13.09.2026,19:14,Biber Dolmalık (kg),69.95,3.0,209.85
FIS_4325,13.09.2026,19:14,Domates (kg),28.14,3.0,84.42
FIS_4325,13.09.2026,19:14,Tavuk Göğsü (kg),163.96,1.0,163.96
FIS_4325,13.09.2026,19:14,Salatalık (kg),22.85,2.0,45.7
FIS_4325,13.09.2026,19:14,Limon Taze (kg),119.95,1.0,119.95
FIS_4326,13.12.2026,17:16,Şampuan,102.27,3.0,306.81
FIS_4326,13.12.2026,17:16,Deodorant,199.9,1.0,199.9
FIS_4326,13.12.2026,17:16,Plastik Poşet,1.0,3.0,3.0
FIS_4326,13.12.2026,17:16,Deterjan (5kg),176.89,1.0,176.89
FIS_4326,13.12.2026,17:16,Diş Macunu,45.31,1.0,45.31
FIS_4327,22.12.2026,09:15,Kil Maskesi,297.9,3.0,893.7
FIS_4327,22.12.2026,09:15,Şampuan,109.04,1.0,109.04
FIS_4327,22.12.2026,09:15,Bebe Şampuanı,149.9,3.0,449.7
FIS_4327,22.12.2026,09:15,Yüz Temizleme,79.99,1.0,79.99
FIS_4327,22.12.2026,09:15,Deodorant,199.9,1.0,199.9
FIS_4327,22.12.2026,09:15,Diş Macunu,43.67,2.0,87.34
FIS_4327,22.12.2026,09:15,Limon Taze (kg),119.95,1.0,119.95
FIS_4328,16.06.2026,14:29,Yoğurt (2kg),64.77,2.0,129.54
FIS_4328,16.06.2026,14:29,Çay (500g),98.83,2.0,197.66
FIS_4328,16.06.2026,14:29,Süt (1L),32.89,3.0,98.67
FIS_4328,16.06.2026,14:29,Ekmek,12.3,2.0,24.6
FIS_4329,23.12.2026,22:37,Deodorant,199.9,2.0,399.8
FIS_4329,23.12.2026,22:37,Kil Maskesi,297.9,2.0,595.8
FIS_4329,23.12.2026,22:37,Bebe Şampuanı,149.9,3.0,449.7
FIS_4329,23.12.2026,22:37,Yüz Temizleme,79.99,3.0,239.97
FIS_4329,23.12.2026,22:37,Diş Macunu,44.47,3.0,133.41
FIS_4330,30.12.2026,18:05,Kek,59.0,1.0,59.0
FIS_4330,30.12.2026,18:05,Çay (500g),96.67,1.0,96.67
FIS_4330,30.12.2026,18:05,Cola 2.5 LT,55.0,3.0,165.0
FIS_4330,30.12.2026,18:05,Cola 1 LT,45.0,1.0,45.0
FIS_4331,01.02.2026,15:57,Bebe Şampuanı,149.9,1.0,149.9
FIS_4331,01.02.2026,15:57,Yüz Temizleme,79.99,2.0,159.98
FIS_4331,01.02.2026,15:57,Diş Macunu,44.94,3.0,134.82
FIS_4331,01.02.2026,15:57,Şampuan,85.69,1.0,85.69
FIS_4331,01.02.2026,15:57,Kil Maskesi,297.9,1.0,297.9
FIS_4331,01.02.2026,15:57,Deodorant,199.9,3.0,599.7
FIS_4331,01.02.2026,15:57,Süt (1L),31.41,3.0,94.23
FIS_4332,17.07.2026,20:39,Şampuan,80.47,3.0,241.41
FIS_4332,17.07.2026,20:39,Deterjan (5kg),182.6,1.0,182.6
FIS_4332,17.07.2026,20:39,Diş Macunu,43.52,1.0,43.52
FIS_4332,17.07.2026,20:39,Deodorant,199.9,3.0,599.7
FIS_4332,17.07.2026,20:39,Plastik Poşet,1.0,2.0,2.0
FIS_4333,05.01.2026,19:44,Domates (kg),26.89,3.0,80.67
FIS_4333,05.01.2026,19:44,Sıvı Yağ (1L),50.43,2.0,100.86
FIS_4333,05.01.2026,19:44,Biber Dolmalık (kg),69.95,3.0,209.85
FIS_4333,05.01.2026,19:44,Makarna,15.23,2.0,30.46
FIS_4333,05.01.2026,19:44,Tavuk Göğsü (kg),166.15,3.0,498.45
FIS_4333,05.01.2026,19:44,Salatalık (kg),22.65,3.0,67.95
FIS_4333,05.01.2026,19:44,Çay (500g),90.61,2.0,181.22
FIS_4334,08.11.2026,22:16,Yoğurt (2kg),65.36,3.0,196.08
FIS_4334,08.11.2026,22:16,Peynir (500g),110.31,1.0,110.31
FIS_4334,08.11.2026,22:16,Süt (1L),31.63,2.0,63.26
FIS_4334,08.11.2026,22:16,Çay (500g),97.14,3.0,291.42
FIS_4334,08.11.2026,22:16,Ekmek,13.9,2.0,27.8
FIS_4335,15.09.2026,19:23,Cola 2.5 LT,55.0,2.0,110.0
FIS_4335,15.09.2026,19:23,Çay (500g),95.36,1.0,95.36
FIS_4335,15.09.2026,19:23,Kek,59.0,1.0,59.0
FIS_4335,15.09.2026,19:23,Su 0.5 LT,5.0,1.0,5.0
FIS_4336,01.03.2026,20:07,Domates (kg),28.26,1.0,28.26
FIS_4336,01.03.2026,20:07,Makarna,15.03,2.0,30.06
FIS_4336,01.03.2026,20:07,Tavuk Göğsü (kg),166.48,2.0,332.96
FIS_4336,01.03.2026,20:07,Salatalık (kg),22.63,1.0,22.63
FIS_4337,13.11.2026,16:38,Süt (1L),31.58,3.0,94.74
FIS_4337,13.11.2026,16:38,Yoğurt (2kg),62.52,3.0,187.56
FIS_4337,13.11.2026,16:38,Ekmek,13.41,1.0,13.41
FIS_4337,13.11.2026,16:38,Yumurta (15li),54.08,1.0,54.08
FIS_4337,13.11.2026,16:38,Peynir (500g),116.98,1.0,116.98
FIS_4337,13.11.2026,16:38,Çay (500g),93.3,3.0,279.9
FIS_4337,13.11.2026,16:38,Şampuan,106.7,3.0,320.1
FIS_4338,16.04.2026,09:28,Sıvı Yağ (1L),50.78,3.0,152.34
FIS_4338,16.04.2026,09:28,Biber Dolmalık (kg),69.95,1.0,69.95
FIS_4338,16.04.2026,09:28,Makarna,16.39,1.0,16.39
FIS_4338,16.04.2026,09:28,Tavuk Göğsü (kg),157.0,3.0,471.0
FIS_4339,22.04.2026,19:35,Limon Taze (kg),119.95,3.0,359.85
FIS_4339,22.04.2026,19:35,Domates (kg),27.28,1.0,27.28
FIS_4339,22.04.2026,19:35,Elma (kg),34.5,1.0,34.5
FIS_4339,22.04.2026,19:35,Salatalık (kg),22.0,2.0,44.0
FIS_4339,22.04.2026,19:35,Deterjan (5kg),186.76,2.0,373.52
FIS_4340,15.01.2026,15:04,Deodorant,199.9,3.0,599.7
FIS_4340,15.01.2026,15:04,Diş Macunu,44.79,1.0,44.79
FIS_4340,15.01.2026,15:04,Deterjan (5kg),177.39,2.0,354.78
FIS_4340,15.01.2026,15:04,Şampuan,108.11,1.0,108.11
FIS_4340,15.01.2026,15:04,Plastik Poşet,1.0,1.0,1.0
FIS_4341,11.04.2026,18:31,Bebe Şampuanı,149.9,2.0,299.8
FIS_4341,11.04.2026,18:31,Şampuan,118.86,1.0,118.86
FIS_4341,11.04.2026,18:31,Yüz Temizleme,79.99,3.0,239.97
FIS_4341,11.04.2026,18:31,Deodorant,199.9,1.0,199.9
FIS_4341,11.04.2026,18:31,Kil Maskesi,297.9,2.0,595.8
FIS_4341,11.04.2026,18:31,Diş Macunu,46.62,1.0,46.62
FIS_4342,07.01.2026,13:38,Biber Çarliston (kg),32.95,3.0,98.85
FIS_4342,07.01.2026,13:38,Limon Taze (kg),119.95,1.0,119.95
FIS_4342,07.01.2026,13:38,Salatalık (kg),22.49,3.0,67.47
FIS_4342,07.01.2026,13:38,Domates (kg),28.85,3.0,86.55
FIS_4342,07.01.2026,13:38,Elma (kg),34.5,1.0,34.5
FIS_4343,24.10.2026,15:55,Yoğurt (2kg),67.2,2.0,134.4
FIS_4343,24.10.2026,15:55,Ekmek,11.03,3.0,33.09
FIS_4343,24.10.2026,15:55,Çay (500g),97.48,2.0,194.96
FIS_4343,24.10.2026,15:55,Süt (1L),31.88,3.0,95.64
FIS_4343,24.10.2026,15:55,Yumurta (15li),54.23,3.0,162.69
FIS_4343,24.10.2026,15:55,Şampuan,98.18,3.0,294.54
FIS_4344,30.11.2026,10:15,Çay (500g),98.72,3.0,296.16
FIS_4344,30.11.2026,10:15,Cola 1 LT,45.0,2.0,90.0
FIS_4344,30.11.2026,10:15,Kek,59.0,2.0,118.0
FIS_4344,30.11.2026,10:15,Cola 2.5 LT,55.0,2.0,110.0
FIS_4344,30.11.2026,10:15,Su 0.5 LT,5.0,1.0,5.0
FIS_4344,30.11.2026,10:15,Şeker (1kg),33.07,1.0,33.07
FIS_4345,22.10.2026,14:50,Yumurta (15li),54.23,1.0,54.23
FIS_4345,22.10.2026,14:50,Süt (1L),32.7,2.0,65.4
FIS_4345,22.10.2026,14:50,Peynir (500g),111.55,3.0,334.65
FIS_4345,22.10.2026,14:50,Ekmek,13.29,1.0,13.29
FIS_4346,16.03.2026,11:34,Yumurta (15li),54.11,2.0,108.22
FIS_4346,16.03.2026,11:34,Peynir (500g),114.13,2.0,228.26
FIS_4346,16.03.2026,11:34,Çay (500g),95.09,3.0,285.27
FIS_4346,16.03.2026,11:34,Süt (1L),32.49,3.0,97.47
FIS_4347,17.05.2026,09:25,Tavuk Göğsü (kg),171.35,3.0,514.05
FIS_4347,17.05.2026,09:25,Domates (kg),28.06,2.0,56.12
FIS_4347,17.05.2026,09:25,Biber Dolmalık (kg),69.95,2.0,139.9
FIS_4347,17.05.2026,09:25,Makarna,15.53,2.0,31.06
FIS_4347,17.05.2026,09:25,Sıvı Yağ (1L),46.15,1.0,46.15
FIS_4347,17.05.2026,09:25,Diş Macunu,43.24,2.0,86.48
FIS_4348,10.05.2026,20:05,Şampuan,114.72,1.0,114.72
FIS_4348,10.05.2026,20:05,Deterjan (5kg),183.53,2.0,367.06
FIS_4348,10.05.2026,20:05,Diş Macunu,43.28,2.0,86.56
FIS_4348,10.05.2026,20:05,Plastik Poşet,1.0,1.0,1.0
FIS_4348,10.05.2026,20:05,Deodorant,199.9,2.0,399.8
FIS_4349,08.02.2026,09:33,Biber Çarliston (kg),32.95,2.0,65.9
FIS_4349,08.02.2026,09:33,Domates (kg),29.6,1.0,29.6
FIS_4349,08.02.2026,09:33,Salatalık (kg),23.03,3.0,69.09
FIS_4349,08.02.2026,09:33,Elma (kg),34.5,2.0,69.0
FIS_4349,08.02.2026,09:33,Deodorant,199.9,2.0,399.8
FIS_4350,29.04.2026,15:28,Ekmek,10.93,2.0,21.86
FIS_4350,29.04.2026,15:28,Peynir (500g),119.0,2.0,238.0
FIS_4350,29.04.2026,15:28,Yumurta (15li),54.91,2.0,109.82
FIS_4350,29.04.2026,15:28,Çay (500g),90.62,1.0,90.62
FIS_4350,29.04.2026,15:28,Süt (1L),34.09,1.0,34.09
FIS_4351,17.02.2026,17:26,Diş Macunu,44.43,3.0,133.29
FIS_4351,17.02.2026,17:26,Kil Maskesi,297.9,2.0,595.8
FIS_4351,17.02.2026,17:26,Bebe Şampuanı,149.9,3.0,449.7
FIS_4351,17.02.2026,17:26,Şampuan,76.1,3.0,228.3
FIS_4352,16.08.2026,19:55,Sıvı Yağ (1L),50.62,2.0,101.24
FIS_4352,16.08.2026,19:55,Makarna,16.28,3.0,48.84
FIS_4352,16.08.2026,19:55,Süt (1L),32.4,3.0,97.2
FIS_4352,16.08.2026,19:55,Şeker (1kg),33.01,1.0,33.01
FIS_4352,16.08.2026,19:55,Ekmek,13.02,3.0,39.06
FIS_4353,21.10.2026,09:26,Şampuan,105.05,2.0,210.1
FIS_4353,21.10.2026,09:26,Yüz Temizleme,79.99,1.0,79.99
FIS_4353,21.10.2026,09:26,Bebe Şampuanı,149.9,3.0,449.7
FIS_4353,21.10.2026,09:26,Kil Maskesi,297.9,3.0,893.7
FIS_4353,21.10.2026,09:26,Deodorant,199.9,3.0,599.7
FIS_4354,31.08.2026,21:29,Yoğurt (2kg),63.94,3.0,191.82
FIS_4354,31.08.2026,21:29,Çay (500g),95.63,3.0,286.89
FIS_4354,31.08.2026,21:29,Peynir (500g),110.74,1.0,110.74
FIS_4354,31.08.2026,21:29,Süt (1L),32.84,2.0,65.68
FIS_4355,11.05.2026,12:39,Kil Maskesi,297.9,3.0,893.7
FIS_4355,11.05.2026,12:39,Yüz Temizleme,79.99,3.0,239.97
FIS_4355,11.05.2026,12:39,Deodorant,199.9,2.0,399.8
FIS_4355,11.05.2026,12:39,Diş Macunu,46.51,1.0,46.51
FIS_4355,11.05.2026,12:39,Şampuan,94.4,1.0,94.4
FIS_4356,14.09.2026,08:00,Yoğurt (2kg),66.27,2.0,132.54
FIS_4356,14.09.2026,08:00,Ekmek,12.14,1.0,12.14
FIS_4356,14.09.2026,08:00,Çay (500g),93.22,1.0,93.22
FIS_4356,14.09.2026,08:00,Süt (1L),33.54,3.0,100.62
FIS_4356,14.09.2026,08:00,Peynir (500g),111.75,1.0,111.75
FIS_4356,14.09.2026,08:00,Elma (kg),34.5,2.0,69.0
FIS_4357,23.05.2026,22:46,Domates (kg),27.01,3.0,81.03
FIS_4357,23.05.2026,22:46,Limon Taze (kg),119.95,3.0,359.85
FIS_4357,23.05.2026,22:46,Biber Çarliston (kg),32.95,2.0,65.9
FIS_4357,23.05.2026,22:46,Elma (kg),34.5,1.0,34.5
FIS_4357,23.05.2026,22:46,Salatalık (kg),23.02,1.0,23.02
FIS_4358,21.01.2026,21:17,Şeker (1kg),35.32,1.0,35.32
FIS_4358,21.01.2026,21:17,Makarna,15.46,2.0,30.92
FIS_4358,21.01.2026,21:17,Çay (500g),97.44,3.0,292.32
FIS_4358,21.01.2026,21:17,Ekmek,10.42,1.0,10.42
FIS_4358,21.01.2026,21:17,Süt (1L),32.5,3.0,97.5
FIS_4358,21.01.2026,21:17,Sıvı Yağ (1L),48.68,2.0,97.36
FIS_4359,03.07.2026,21:25,Yüz Temizleme,79.99,2.0,159.98
FIS_4359,03.07.2026,21:25,Bebe Şampuanı,149.9,2.0,299.8
FIS_4359,03.07.2026,21:25,Şampuan,117.59,2.0,235.18
FIS_4359,03.07.2026,21:25,Deodorant,199.9,1.0,199.9
FIS_4359,03.07.2026,21:25,Kil Maskesi,297.9,3.0,893.7
FIS_4359,03.07.2026,21:25,Sıvı Yağ (1L),46.75,3.0,140.25
FIS_4360,03.02.2026,21:33,Ekmek,12.1,1.0,12.1
FIS_4360,03.02.2026,21:33,Makarna,16.51,1.0,16.51
FIS_4360,03.02.2026,21:33,Şeker (1kg),32.62,2.0,65.24
FIS_4360,03.02.2026,21:33,Çay (500g),92.72,2.0,185.44
FIS_4360,03.02.2026,21:33,Sıvı Yağ (1L),49.53,1.0,49.53
FIS_4361,22.02.2026,17:54,Domates (kg),29.48,2.0,58.96
FIS_4361,22.02.2026,17:54,Biber Çarliston (kg),32.95,3.0,98.85
FIS_4361,22.02.2026,17:54,Salatalık (kg),23.18,3.0,69.54
FIS_4361,22.02.2026,17:54,Elma (kg),34.5,3.0,103.5
FIS_4361,22.02.2026,17:54,Şeker (1kg),35.21,2.0,70.42
FIS_4362,30.12.2026,10:15,Kek,59.0,1.0,59.0
FIS_4362,30.12.2026,10:15,Su 0.5 LT,5.0,2.0,10.0
FIS_4362,30.12.2026,10:15,Cola 2.5 LT,55.0,2.0,110.0
FIS_4362,30.12.2026,10:15,Cola 1 LT,45.0,1.0,45.0
FIS_4362,30.12.2026,10:15,Çay (500g),91.15,3.0,273.45
FIS_4363,12.10.2026,21:01,Salatalık (kg),22.86,2.0,45.72
FIS_4363,12.10.2026,21:01,Biber Çarliston (kg),32.95,1.0,32.95
FIS_4363,12.10.2026,21:01,Limon Taze (kg),119.95,2.0,239.9
FIS_4363,12.10.2026,21:01,Domates (kg),29.6,1.0,29.6
FIS_4364,09.10.2026,11:53,Biber Çarliston (kg),32.95,1.0,32.95
FIS_4364,09.10.2026,11:53,Domates (kg),29.82,3.0,89.46
FIS_4364,09.10.2026,11:53,Salatalık (kg),21.41,1.0,21.41
FIS_4364,09.10.2026,11:53,Elma (kg),34.5,3.0,103.5
FIS_4364,09.10.2026,11:53,Limon Taze (kg),119.95,3.0,359.85
FIS_4365,31.10.2026,21:01,Cola 2.5 LT,55.0,3.0,165.0
FIS_4365,31.10.2026,21:01,Su 0.5 LT,5.0,3.0,15.0
FIS_4365,31.10.2026,21:01,Kek,59.0,2.0,118.0
FIS_4365,31.10.2026,21:01,Cola 1 LT,45.0,3.0,135.0
FIS_4366,26.04.2026,10:02,Çay (500g),96.51,3.0,289.53
FIS_4366,26.04.2026,10:02,Cola 2.5 LT,55.0,3.0,165.0
FIS_4366,26.04.2026,10:02,Su 0.5 LT,5.0,2.0,10.0
FIS_4366,26.04.2026,10:02,Kek,59.0,3.0,177.0
FIS_4367,01.04.2026,17:26,Deodorant,199.9,2.0,399.8
FIS_4367,01.04.2026,17:26,Diş Macunu,43.34,2.0,86.68
FIS_4367,01.04.2026,17:26,Plastik Poşet,1.0,3.0,3.0
FIS_4367,01.04.2026,17:26,Şampuan,84.74,3.0,254.22
FIS_4368,19.09.2026,10:32,Süt (1L),31.59,2.0,63.18
FIS_4368,19.09.2026,10:32,Yumurta (15li),55.38,1.0,55.38
FIS_4368,19.09.2026,10:32,Çay (500g),90.92,2.0,181.84
FIS_4368,19.09.2026,10:32,Peynir (500g),120.45,2.0,240.9
FIS_4368,19.09.2026,10:32,Yoğurt (2kg),65.72,1.0,65.72
FIS_4368,19.09.2026,10:32,Ekmek,9.78,1.0,9.78
FIS_4369,19.07.2026,18:57,Şampuan,119.96,2.0,239.92
FIS_4369,19.07.2026,18:57,Diş Macunu,46.1,2.0,92.2
FIS_4369,19.07.2026,18:57,Plastik Poşet,1.0,1.0,1.0
FIS_4369,19.07.2026,18:57,Deterjan (5kg),189.3,1.0,189.3
FIS_4369,19.07.2026,18:57,Deodorant,199.9,2.0,399.8
FIS_4370,21.09.2026,13:09,Deodorant,199.9,2.0,399.8
FIS_4370,21.09.2026,13:09,Kil Maskesi,297.9,1.0,297.9
FIS_4370,21.09.2026,13:09,Yüz Temizleme,79.99,3.0,239.97
FIS_4370,21.09.2026,13:09,Bebe Şampuanı,149.9,1.0,149.9
FIS_4371,01.02.2026,19:51,Deodorant,199.9,2.0,399.8
FIS_4371,01.02.2026,19:51,Plastik Poşet,1.0,3.0,3.0
FIS_4371,01.02.2026,19:51,Diş Macunu,46.95,3.0,140.85
FIS_4371,01.02.2026,19:51,Deterjan (5kg),183.28,3.0,549.84
FIS_4371,01.02.2026,19:51,Su 0.5 LT,5.0,1.0,5.0
FIS_4372,23.04.2026,15:43,Salatalık (kg),22.97,3.0,68.91
FIS_4372,23.04.2026,15:43,Makarna,16.06,1.0,16.06
FIS_4372,23.04.2026,15:43,Domates (kg),26.62,3.0,79.86
FIS_4372,23.04.2026,15:43,Tavuk Göğsü (kg),166.35,1.0,166.35
FIS_4372,23.04.2026,15:43,Süt (1L),33.03,2.0,66.06
FIS_4373,18.01.2026,11:47,Kek,59.0,1.0,59.0
FIS_4373,18.01.2026,11:47,Cola 2.5 LT,55.0,3.0,165.0
FIS_4373,18.01.2026,11:47,Cola 1 LT,45.0,3.0,135.0
FIS_4373,18.01.2026,11:47,Çay (500g),92.29,2.0,184.58
FIS_4374,07.07.2026,14:40,Süt (1L),31.03,2.0,62.06
FIS_4374,07.07.2026,14:40,Şeker (1kg),33.1,1.0,33.1
FIS_4374,07.07.2026,14:40,Sıvı Yağ (1L),48.96,3.0,146.88
FIS_4374,07.07.2026,14:40,Makarna,15.97,2.0,31.94
FIS_4375,18.12.2026,18:07,Çay (500g),93.62,2.0,187.24
FIS_4375,18.12.2026,18:07,Su 0.5 LT,5.0,3.0,15.0
FIS_4375,18.12.2026,18:07,Kek,59.0,2.0,118.0
FIS_4375,18.12.2026,18:07,Cola 1 LT,45.0,3.0,135.0
FIS_4375,18.12.2026,18:07,Cola 2.5 LT,55.0,1.0,55.0
FIS_4376,26.08.2026,17:42,Salatalık (kg),22.39,3.0,67.17
FIS_4376,26.08.2026,17:42,Tavuk Göğsü (kg),172.65,3.0,517.95
FIS_4376,26.08.2026,17:42,Biber Dolmalık (kg),69.95,3.0,209.85
FIS_4376,26.08.2026,17:42,Makarna,15.54,1.0,15.54
FIS_4376,26.08.2026,17:42,Sıvı Yağ (1L),47.38,1.0,47.38
FIS_4377,27.09.2026,16:13,Şampuan,75.19,2.0,150.38
FIS_4377,27.09.2026,16:13,Diş Macunu,42.85,1.0,42.85
FIS_4377,27.09.2026,16:13,Kil Maskesi,297.9,3.0,893.7
FIS_4377,27.09.2026,16:13,Deodorant,199.9,3.0,599.7
FIS_4377,27.09.2026,16:13,Yüz Temizleme,79.99,2.0,159.98
FIS_4377,27.09.2026,16:13,Bebe Şampuanı,149.9,2.0,299.8
FIS_4378,11.02.2026,18:43,Diş Macunu,46.65,3.0,139.95
FIS_4378,11.02.2026,18:43,Deodorant,199.9,2.0,399.8
FIS_4378,11.02.2026,18:43,Şampuan,102.36,1.0,102.36
FIS_4378,11.02.2026,18:43,Bebe Şampuanı,149.9,2.0,299.8
FIS_4379,25.04.2026,12:31,Cola 1 LT,45.0,1.0,45.0
FIS_4379,25.04.2026,12:31,Kek,59.0,1.0,59.0
FIS_4379,25.04.2026,12:31,Su 0.5 LT,5.0,2.0,10.0
FIS_4379,25.04.2026,12:31,Cola 2.5 LT,55.0,1.0,55.0
FIS_4379,25.04.2026,12:31,Çay (500g),98.2,2.0,196.4
FIS_4379,25.04.2026,12:31,Elma (kg),34.5,1.0,34.5
FIS_4380,16.06.2026,13:36,Süt (1L),32.91,3.0,98.73
FIS_4380,16.06.2026,13:36,Sıvı Yağ (1L),47.51,1.0,47.51
FIS_4380,16.06.2026,13:36,Şeker (1kg),34.21,2.0,68.42
FIS_4380,16.06.2026,13:36,Ekmek,10.96,3.0,32.88
FIS_4380,16.06.2026,13:36,Çay (500g),92.98,2.0,185.96
FIS_4380,16.06.2026,13:36,Elma (kg),34.5,3.0,103.5
FIS_4381,01.12.2026,13:12,Ekmek,9.59,1.0,9.59
FIS_4381,01.12.2026,13:12,Süt (1L),33.29,2.0,66.58
FIS_4381,01.12.2026,13:12,Çay (500g),98.96,2.0,197.92
FIS_4381,01.12.2026,13:12,Yoğurt (2kg),66.1,1.0,66.1
FIS_4381,01.12.2026,13:12,Yumurta (15li),54.96,1.0,54.96
FIS_4381,01.12.2026,13:12,Şampuan,88.38,2.0,176.76
FIS_4382,03.12.2026,20:29,Biber Dolmalık (kg),69.95,3.0,209.85
FIS_4382,03.12.2026,20:29,Domates (kg),27.31,1.0,27.31
FIS_4382,03.12.2026,20:29,Makarna,15.63,2.0,31.26
FIS_4382,03.12.2026,20:29,Salatalık (kg),21.42,1.0,21.42
FIS_4382,03.12.2026,20:29,Tavuk Göğsü (kg),166.29,1.0,166.29
FIS_4382,03.12.2026,20:29,Sıvı Yağ (1L),49.01,2.0,98.02
FIS_4383,08.10.2026,16:27,Su 0.5 LT,5.0,2.0,10.0
FIS_4383,08.10.2026,16:27,Cola 2.5 LT,55.0,3.0,165.0
FIS_4383,08.10.2026,16:27,Kek,59.0,3.0,177.0
FIS_4383,08.10.2026,16:27,Cola 1 LT,45.0,3.0,135.0
FIS_4384,29.08.2026,16:22,Elma (kg),34.5,1.0,34.5
FIS_4384,29.08.2026,16:22,Domates (kg),28.58,2.0,57.16
FIS_4384,29.08.2026,16:22,Salatalık (kg),21.62,2.0,43.24
FIS_4384,29.08.2026,16:22,Limon Taze (kg),119.95,3.0,359.85
FIS_4384,29.08.2026,16:22,Biber Çarliston (kg),32.95,2.0,65.9
FIS_4385,23.11.2026,16:06,Yumurta (15li),56.4,2.0,112.8
FIS_4385,23.11.2026,16:06,Çay (500g),92.69,2.0,185.38
FIS_4385,23.11.2026,16:06,Peynir (500g),118.37,3.0,355.11
FIS_4385,23.11.2026,16:06,Yoğurt (2kg),67.94,1.0,67.94
FIS_4385,23.11.2026,16:06,Süt (1L),32.67,3.0,98.01
FIS_4386,30.01.2026,19:49,Şeker (1kg),35.41,1.0,35.41
FIS_4386,30.01.2026,19:49,Süt (1L),32.72,2.0,65.44
FIS_4386,30.01.2026,19:49,Ekmek,11.95,2.0,23.9
FIS_4386,30.01.2026,19:49,Çay (500g),97.13,2.0,194.26
FIS_4386,30.01.2026,19:49,Makarna,15.11,3.0,45.33
FIS_4386,30.01.2026,19:49,Sıvı Yağ (1L),50.53,3.0,151.59
FIS_4387,15.09.2026,11:28,Diş Macunu,45.5,3.0,136.5
FIS_4387,15.09.2026,11:28,Plastik Poşet,1.0,1.0,1.0
FIS_4387,15.09.2026,11:28,Deterjan (5kg),189.56,1.0,189.56
FIS_4387,15.09.2026,11:28,Şampuan,78.58,1.0,78.58
FIS_4388,19.09.2026,21:36,Bebe Şampuanı,149.9,1.0,149.9
FIS_4388,19.09.2026,21:36,Kil Maskesi,297.9,3.0,893.7
FIS_4388,19.09.2026,21:36,Deodorant,199.9,2.0,399.8
FIS_4388,19.09.2026,21:36,Diş Macunu,43.54,1.0,43.54
FIS_4388,19.09.2026,21:36,Şampuan,80.37,1.0,80.37
FIS_4388,19.09.2026,21:36,Yüz Temizleme,79.99,2.0,159.98
FIS_4389,17.01.2026,21:15,Domates (kg),28.65,2.0,57.3
FIS_4389,17.01.2026,21:15,Limon Taze (kg),119.95,2.0,239.9
FIS_4389,17.01.2026,21:15,Elma (kg),34.5,1.0,34.5
FIS_4389,17.01.2026,21:15,Biber Çarliston (kg),32.95,2.0,65.9
FIS_4389,17.01.2026,21:15,Salatalık (kg),21.98,2.0,43.96
FIS_4389,17.01.2026,21:15,Deodorant,199.9,3.0,599.7
FIS_4390,26.10.2026,09:42,Kil Maskesi,297.9,1.0,297.9
FIS_4390,26.10.2026,09:42,Şampuan,106.7,3.0,320.1
FIS_4390,26.10.2026,09:42,Diş Macunu,44.55,2.0,89.1
FIS_4390,26.10.2026,09:42,Yüz Temizleme,79.99,3.0,239.97
FIS_4390,26.10.2026,09:42,Deterjan (5kg),190.32,3.0,570.96
FIS_4391,15.09.2026,19:59,Bebe Şampuanı,149.9,2.0,299.8
FIS_4391,15.09.2026,19:59,Yüz Temizleme,79.99,1.0,79.99
FIS_4391,15.09.2026,19:59,Şampuan,81.75,2.0,163.5
FIS_4391,15.09.2026,19:59,Kil Maskesi,297.9,3.0,893.7
FIS_4392,01.08.2026,19:45,Şampuan,79.43,2.0,158.86
FIS_4392,01.08.2026,19:45,Bebe Şampuanı,149.9,2.0,299.8
FIS_4392,01.08.2026,19:45,Diş Macunu,43.61,3.0,130.83
FIS_4392,01.08.2026,19:45,Deodorant,199.9,1.0,199.9
FIS_4392,01.08.2026,19:45,Kil Maskesi,297.9,2.0,595.8
FIS_4392,01.08.2026,19:45,Ekmek,13.15,2.0,26.3
FIS_4393,18.02.2026,16:05,Deodorant,199.9,1.0,199.9
FIS_4393,18.02.2026,16:05,Deterjan (5kg),179.47,2.0,358.94
FIS_4393,18.02.2026,16:05,Diş Macunu,45.53,3.0,136.59
FIS_4393,18.02.2026,16:05,Şampuan,89.49,2.0,178.98
FIS_4394,22.06.2026,09:36,Yoğurt (2kg),62.33,1.0,62.33
FIS_4394,22.06.2026,09:36,Süt (1L),32.66,3.0,97.98
FIS_4394,22.06.2026,09:36,Peynir (500g),112.87,1.0,112.87
FIS_4394,22.06.2026,09:36,Yumurta (15li),54.51,1.0,54.51
FIS_4394,22.06.2026,09:36,Çay (500g),96.83,3.0,290.49
FIS_4394,22.06.2026,09:36,Ekmek,13.58,2.0,27.16
FIS_4394,22.06.2026,09:36,Su 0.5 LT,5.0,3.0,15.0
FIS_4395,21.02.2026,17:27,Süt (1L),32.79,1.0,32.79
FIS_4395,21.02.2026,17:27,Peynir (500g),120.3,1.0,120.3
FIS_4395,21.02.2026,17:27,Yoğurt (2kg),65.41,2.0,130.82
FIS_4395,21.02.2026,17:27,Ekmek,9.71,1.0,9.71
FIS_4395,21.02.2026,17:27,Salatalık (kg),23.47,1.0,23.47
FIS_4396,02.09.2026,21:43,Çay (500g),92.69,1.0,92.69
FIS_4396,02.09.2026,21:43,Yumurta (15li),53.43,1.0,53.43
FIS_4396,02.09.2026,21:43,Süt (1L),31.2,1.0,31.2
FIS_4396,02.09.2026,21:43,Peynir (500g),119.66,3.0,358.98
FIS_4396,02.09.2026,21:43,Ekmek,10.11,1.0,10.11
FIS_4397,29.11.2026,11:58,Süt (1L),31.28,1.0,31.28
FIS_4397,29.11.2026,11:58,Yumurta (15li),52.03,2.0,104.06
FIS_4397,29.11.2026,11:58,Ekmek,9.74,3.0,29.22
FIS_4397,29.11.2026,11:58,Peynir (500g),110.04,1.0,110.04
FIS_4397,29.11.2026,11:58,Yoğurt (2kg),67.55,3.0,202.65
FIS_4398,09.03.2026,21:42,Diş Macunu,46.17,3.0,138.51
FIS_4398,09.03.2026,21:42,Yüz Temizleme,79.99,1.0,79.99
FIS_4398,09.03.2026,21:42,Bebe Şampuanı,149.9,1.0,149.9
FIS_4398,09.03.2026,21:42,Şampuan,82.05,2.0,164.1
FIS_4398,09.03.2026,21:42,Deodorant,199.9,2.0,399.8
FIS_4398,09.03.2026,21:42,Kil Maskesi,297.9,3.0,893.7
FIS_4398,09.03.2026,21:42,Limon Taze (kg),119.95,3.0,359.85
FIS_4399,25.12.2026,17:54,Ekmek,13.37,1.0,13.37
FIS_4399,25.12.2026,17:54,Makarna,16.48,2.0,32.96
FIS_4399,25.12.2026,17:54,Sıvı Yağ (1L),46.28,1.0,46.28
FIS_4399,25.12.2026,17:54,Şeker (1kg),32.66,1.0,32.66
FIS_4400,26.01.2026,21:13,Ekmek,13.74,3.0,41.22
FIS_4400,26.01.2026,21:13,Makarna,16.17,2.0,32.34
FIS_4400,26.01.2026,21:13,Çay (500g),92.69,2.0,185.38
FIS_4400,26.01.2026,21:13,Süt (1L),33.61,3.0,100.83
FIS_4400,26.01.2026,21:13,Şeker (1kg),34.69,3.0,104.07
FIS_4401,09.11.2026,15:58,Ekmek,10.7,3.0,32.1
FIS_4401,09.11.2026,15:58,Süt (1L),33.72,1.0,33.72
FIS_4401,09.11.2026,15:58,Peynir (500g),118.69,1.0,118.69
FIS_4401,09.11.2026,15:58,Çay (500g),95.76,3.0,287.28
FIS_4401,09.11.2026,15:58,Yumurta (15li),53.14,3.0,159.42
FIS_4402,18.01.2026,14:52,Sıvı Yağ (1L),49.17,2.0,98.34
FIS_4402,18.01.2026,14:52,Salatalık (kg),22.66,1.0,22.66
FIS_4402,18.01.2026,14:52,Makarna,15.73,1.0,15.73
FIS_4402,18.01.2026,14:52,Domates (kg),28.61,2.0,57.22
FIS_4402,18.01.2026,14:52,Biber Dolmalık (kg),69.95,1.0,69.95
FIS_4402,18.01.2026,14:52,Tavuk Göğsü (kg),167.67,3.0,503.01
FIS_4403,09.01.2026,12:39,Deodorant,199.9,2.0,399.8
FIS_4403,09.01.2026,12:39,Plastik Poşet,1.0,2.0,2.0
FIS_4403,09.01.2026,12:39,Deterjan (5kg),186.99,3.0,560.97
FIS_4403,09.01.2026,12:39,Şampuan,110.57,1.0,110.57
FIS_4403,09.01.2026,12:39,Diş Macunu,42.95,2.0,85.9
FIS_4404,27.05.2026,15:08,Domates (kg),26.65,3.0,79.95
FIS_4404,27.05.2026,15:08,Biber Çarliston (kg),32.95,3.0,98.85
FIS_4404,27.05.2026,15:08,Salatalık (kg),23.17,2.0,46.34
FIS_4404,27.05.2026,15:08,Elma (kg),34.5,2.0,69.0
FIS_4404,27.05.2026,15:08,Limon Taze (kg),119.95,3.0,359.85
FIS_4405,04.10.2026,14:27,Yumurta (15li),53.49,3.0,160.47
FIS_4405,04.10.2026,14:27,Süt (1L),32.84,3.0,98.52
FIS_4405,04.10.2026,14:27,Peynir (500g),120.72,3.0,362.16
FIS_4405,04.10.2026,14:27,Çay (500g),94.14,3.0,282.42
FIS_4406,24.01.2026,09:25,Şampuan,111.32,2.0,222.64
FIS_4406,24.01.2026,09:25,Deodorant,199.9,1.0,199.9
FIS_4406,24.01.2026,09:25,Diş Macunu,43.14,1.0,43.14
FIS_4406,24.01.2026,09:25,Plastik Poşet,1.0,2.0,2.0
FIS_4406,24.01.2026,09:25,Deterjan (5kg),179.28,1.0,179.28
FIS_4406,24.01.2026,09:25,Yumurta (15li),53.18,2.0,106.36
FIS_4407,19.07.2026,21:02,Yumurta (15li),51.98,1.0,51.98
FIS_4407,19.07.2026,21:02,Süt (1L),32.05,1.0,32.05
FIS_4407,19.07.2026,21:02,Yoğurt (2kg),61.89,2.0,123.78
FIS_4407,19.07.2026,21:02,Çay (500g),98.67,1.0,98.67
FIS_4407,19.07.2026,21:02,Peynir (500g),113.09,1.0,113.09
FIS_4407,19.07.2026,21:02,Ekmek,10.36,1.0,10.36
FIS_4408,21.09.2026,12:23,Kek,59.0,1.0,59.0
FIS_4408,21.09.2026,12:23,Cola 2.5 LT,55.0,1.0,55.0
FIS_4408,21.09.2026,12:23,Su 0.5 LT,5.0,3.0,15.0
FIS_4408,21.09.2026,12:23,Cola 1 LT,45.0,2.0,90.0
FIS_4408,21.09.2026,12:23,Biber Dolmalık (kg),69.95,1.0,69.95
FIS_4409,25.02.2026,20:52,Diş Macunu,43.93,1.0,43.93
FIS_4409,25.02.2026,20:52,Deterjan (5kg),188.37,3.0,565.11
FIS_4409,25.02.2026,20:52,Plastik Poşet,1.0,2.0,2.0
FIS_4409,25.02.2026,20:52,Şampuan,100.11,3.0,300.33
FIS_4410,19.03.2026,19:55,Şampuan,78.46,1.0,78.46
FIS_4410,19.03.2026,19:55,Deterjan (5kg),179.96,3.0,539.88
FIS_4410,19.03.2026,19:55,Deodorant,199.9,3.0,599.7
FIS_4410,19.03.2026,19:55,Plastik Poşet,1.0,3.0,3.0
FIS_4411,11.02.2026,16:06,Şampuan,79.2,2.0,158.4
FIS_4411,11.02.2026,16:06,Yüz Temizleme,79.99,2.0,159.98
FIS_4411,11.02.2026,16:06,Kil Maskesi,297.9,3.0,893.7
FIS_4411,11.02.2026,16:06,Bebe Şampuanı,149.9,2.0,299.8
FIS_4412,22.04.2026,18:21,Deodorant,199.9,3.0,599.7
FIS_4412,22.04.2026,18:21,Diş Macunu,43.39,3.0,130.17
FIS_4412,22.04.2026,18:21,Şampuan,108.17,2.0,216.34
FIS_4412,22.04.2026,18:21,Deterjan (5kg),190.96,1.0,190.96
FIS_4412,22.04.2026,18:21,Plastik Poşet,1.0,2.0,2.0
FIS_4413,06.04.2026,10:40,Diş Macunu,45.77,1.0,45.77
FIS_4413,06.04.2026,10:40,Deterjan (5kg),186.06,2.0,372.12
FIS_4413,06.04.2026,10:40,Deodorant,199.9,1.0,199.9
FIS_4413,06.04.2026,10:40,Şampuan,83.55,2.0,167.1
FIS_4414,28.04.2026,16:47,Limon Taze (kg),119.95,2.0,239.9
FIS_4414,28.04.2026,16:47,Biber Çarliston (kg),32.95,2.0,65.9
FIS_4414,28.04.2026,16:47,Domates (kg),28.94,3.0,86.82
FIS_4414,28.04.2026,16:47,Elma (kg),34.5,3.0,103.5
FIS_4415,11.09.2026,12:20,Yüz Temizleme,79.99,1.0,79.99
FIS_4415,11.09.2026,12:20,Kil Maskesi,297.9,1.0,297.9
FIS_4415,11.09.2026,12:20,Şampuan,106.2,2.0,212.4
FIS_4415,11.09.2026,12:20,Deodorant,199.9,3.0,599.7
FIS_4415,11.09.2026,12:20,Bebe Şampuanı,149.9,2.0,299.8
FIS_4415,11.09.2026,12:20,Diş Macunu,46.21,3.0,138.63
FIS_4416,11.03.2026,14:08,Yoğurt (2kg),63.51,1.0,63.51
FIS_4416,11.03.2026,14:08,Ekmek,12.37,1.0,12.37
FIS_4416,11.03.2026,14:08,Çay (500g),90.5,2.0,181.0
FIS_4416,11.03.2026,14:08,Peynir (500g),110.25,2.0,220.5
FIS_4416,11.03.2026,14:08,Süt (1L),32.1,3.0,96.3
FIS_4416,11.03.2026,14:08,Yumurta (15li),55.5,3.0,166.5
FIS_4417,15.07.2026,22:19,Diş Macunu,45.47,2.0,90.94
FIS_4417,15.07.2026,22:19,Plastik Poşet,1.0,1.0,1.0
FIS_4417,15.07.2026,22:19,Deterjan (5kg),188.42,2.0,376.84
FIS_4417,15.07.2026,22:19,Deodorant,199.9,1.0,199.9
FIS_4417,15.07.2026,22:19,Şampuan,114.5,3.0,343.5
FIS_4418,19.08.2026,10:39,Cola 1 LT,45.0,2.0,90.0
FIS_4418,19.08.2026,10:39,Çay (500g),93.12,3.0,279.36
FIS_4418,19.08.2026,10:39,Su 0.5 LT,5.0,3.0,15.0
FIS_4418,19.08.2026,10:39,Kek,59.0,3.0,177.0
FIS_4418,19.08.2026,10:39,Cola 2.5 LT,55.0,3.0,165.0
FIS_4419,31.07.2026,18:04,Yüz Temizleme,79.99,1.0,79.99
FIS_4419,31.07.2026,18:04,Bebe Şampuanı,149.9,3.0,449.7
FIS_4419,31.07.2026,18:04,Şampuan,100.06,2.0,200.12
FIS_4419,31.07.2026,18:04,Diş Macunu,45.45,1.0,45.45
FIS_4419,31.07.2026,18:04,Deodorant,199.9,1.0,199.9
FIS_4419,31.07.2026,18:04,Kil Maskesi,297.9,2.0,595.8
FIS_4420,28.05.2026,17:55,Peynir (500g),112.99,3.0,338.97
FIS_4420,28.05.2026,17:55,Ekmek,9.7,2.0,19.4
FIS_4420,28.05.2026,17:55,Yoğurt (2kg),61.93,2.0,123.86
FIS_4420,28.05.2026,17:55,Süt (1L),31.64,1.0,31.64
FIS_4420,28.05.2026,17:55,Makarna,16.5,3.0,49.5
FIS_4421,26.09.2026,11:51,Kek,59.0,2.0,118.0
FIS_4421,26.09.2026,11:51,Su 0.5 LT,5.0,2.0,10.0
FIS_4421,26.09.2026,11:51,Cola 2.5 LT,55.0,1.0,55.0
FIS_4421,26.09.2026,11:51,Çay (500g),96.51,2.0,193.02
FIS_4421,26.09.2026,11:51,Cola 1 LT,45.0,3.0,135.0
FIS_4421,26.09.2026,11:51,Peynir (500g),110.91,3.0,332.73
FIS_4422,21.03.2026,09:55,Biber Dolmalık (kg),69.95,2.0,139.9
FIS_4422,21.03.2026,09:55,Makarna,15.84,2.0,31.68
FIS_4422,21.03.2026,09:55,Domates (kg),29.12,1.0,29.12
FIS_4422,21.03.2026,09:55,Tavuk Göğsü (kg),163.78,3.0,491.34
FIS_4422,21.03.2026,09:55,Salatalık (kg),23.13,3.0,69.39
FIS_4422,21.03.2026,09:55,Sıvı Yağ (1L),47.11,1.0,47.11
FIS_4423,03.06.2026,19:49,Plastik Poşet,1.0,1.0,1.0
FIS_4423,03.06.2026,19:49,Şampuan,114.52,3.0,343.56
FIS_4423,03.06.2026,19:49,Diş Macunu,44.32,1.0,44.32
FIS_4423,03.06.2026,19:49,Deterjan (5kg),177.74,1.0,177.74
FIS_4423,03.06.2026,19:49,Deodorant,199.9,2.0,399.8
FIS_4424,16.04.2026,13:33,Şeker (1kg),32.97,1.0,32.97
FIS_4424,16.04.2026,13:33,Makarna,16.33,3.0,48.99
FIS_4424,16.04.2026,13:33,Ekmek,10.57,3.0,31.71
FIS_4424,16.04.2026,13:33,Sıvı Yağ (1L),49.38,2.0,98.76
FIS_4424,16.04.2026,13:33,Süt (1L),33.35,1.0,33.35
FIS_4424,16.04.2026,13:33,Çay (500g),93.17,3.0,279.51
FIS_4424,16.04.2026,13:33,Salatalık (kg),22.99,1.0,22.99
FIS_4425,12.07.2026,12:40,Domates (kg),29.65,3.0,88.95
FIS_4425,12.07.2026,12:40,Biber Çarliston (kg),32.95,3.0,98.85
FIS_4425,12.07.2026,12:40,Elma (kg),34.5,3.0,103.5
FIS_4425,12.07.2026,12:40,Salatalık (kg),22.22,2.0,44.44
FIS_4426,27.03.2026,09:39,Makarna,15.49,2.0,30.98
FIS_4426,27.03.2026,09:39,Domates (kg),27.18,2.0,54.36
FIS_4426,27.03.2026,09:39,Tavuk Göğsü (kg),164.34,3.0,493.02
FIS_4426,27.03.2026,09:39,Sıvı Yağ (1L),48.48,2.0,96.96
FIS_4426,27.03.2026,09:39,Biber Dolmalık (kg),69.95,1.0,69.95
FIS_4426,27.03.2026,09:39,Kil Maskesi,297.9,3.0,893.7
FIS_4427,06.08.2026,09:13,Ekmek,10.51,3.0,31.53
FIS_4427,06.08.2026,09:13,Sıvı Yağ (1L),46.24,3.0,138.72
FIS_4427,06.08.2026,09:13,Şeker (1kg),34.53,2.0,69.06
FIS_4427,06.08.2026,09:13,Makarna,15.25,2.0,30.5
FIS_4427,06.08.2026,09:13,Çay (500g),98.18,1.0,98.18
FIS_4428,13.04.2026,17:38,Çay (500g),95.94,2.0,191.88
FIS_4428,13.04.2026,17:38,Yoğurt (2kg),63.8,1.0,63.8
FIS_4428,13.04.2026,17:38,Ekmek,10.9,1.0,10.9
FIS_4428,13.04.2026,17:38,Peynir (500g),117.88,2.0,235.76
FIS_4428,13.04.2026,17:38,Süt (1L),34.02,2.0,68.04
FIS_4428,13.04.2026,17:38,Yumurta (15li),54.62,1.0,54.62
FIS_4429,14.05.2026,17:38,Ekmek,11.24,2.0,22.48
FIS_4429,14.05.2026,17:38,Süt (1L),33.57,3.0,100.71
FIS_4429,14.05.2026,17:38,Çay (500g),95.9,2.0,191.8
FIS_4429,14.05.2026,17:38,Yoğurt (2kg),67.17,3.0,201.51
FIS_4430,05.11.2026,17:05,Şampuan,82.54,2.0,165.08
FIS_4430,05.11.2026,17:05,Deterjan (5kg),179.32,1.0,179.32
FIS_4430,05.11.2026,17:05,Plastik Poşet,1.0,2.0,2.0
FIS_4430,05.11.2026,17:05,Diş Macunu,43.28,1.0,43.28
FIS_4430,05.11.2026,17:05,Deodorant,199.9,2.0,399.8
FIS_4431,03.04.2026,14:19,Domates (kg),29.56,2.0,59.12
FIS_4431,03.04.2026,14:19,Tavuk Göğsü (kg),166.94,2.0,333.88
FIS_4431,03.04.2026,14:19,Salatalık (kg),21.64,3.0,64.92
FIS_4431,03.04.2026,14:19,Sıvı Yağ (1L),47.87,3.0,143.61
FIS_4431,03.04.2026,14:19,Biber Dolmalık (kg),69.95,1.0,69.95
FIS_4431,03.04.2026,14:19,Makarna,15.21,2.0,30.42
FIS_4432,28.08.2026,08:07,Yumurta (15li),52.37,2.0,104.74
FIS_4432,28.08.2026,08:07,Yoğurt (2kg),61.87,3.0,185.61
FIS_4432,28.08.2026,08:07,Ekmek,11.42,2.0,22.84
FIS_4432,28.08.2026,08:07,Peynir (500g),113.96,3.0,341.88
FIS_4432,28.08.2026,08:07,Süt (1L),33.14,3.0,99.42
FIS_4432,28.08.2026,08:07,Çay (500g),96.64,2.0,193.28
FIS_4433,02.02.2026,08:59,Şeker (1kg),33.95,3.0,101.85
FIS_4433,02.02.2026,08:59,Makarna,15.43,1.0,15.43
FIS_4433,02.02.2026,08:59,Sıvı Yağ (1L),50.66,1.0,50.66
FIS_4433,02.02.2026,08:59,Ekmek,13.97,2.0,27.94
FIS_4433,02.02.2026,08:59,Süt (1L),31.84,2.0,63.68
FIS_4433,02.02.2026,08:59,Çay (500g),90.83,2.0,181.66
FIS_4434,13.04.2026,10:31,Su 0.5 LT,5.0,3.0,15.0
FIS_4434,13.04.2026,10:31,Kek,59.0,2.0,118.0
FIS_4434,13.04.2026,10:31,Çay (500g),96.02,3.0,288.06
FIS_4434,13.04.2026,10:31,Cola 2.5 LT,55.0,2.0,110.0
FIS_4434,13.04.2026,10:31,Cola 1 LT,45.0,2.0,90.0
FIS_4435,01.07.2026,21:40,Süt (1L),31.39,1.0,31.39
FIS_4435,01.07.2026,21:40,Şeker (1kg),34.93,1.0,34.93
FIS_4435,01.07.2026,21:40,Sıvı Yağ (1L),48.24,1.0,48.24
FIS_4435,01.07.2026,21:40,Çay (500g),95.85,1.0,95.85
FIS_4435,01.07.2026,21:40,Makarna,15.84,2.0,31.68
FIS_4435,01.07.2026,21:40,Ekmek,12.56,3.0,37.68
FIS_4436,26.09.2026,17:25,Plastik Poşet,1.0,1.0,1.0
FIS_4436,26.09.2026,17:25,Diş Macunu,46.19,2.0,92.38
FIS_4436,26.09.2026,17:25,Şampuan,96.86,2.0,193.72
FIS_4436,26.09.2026,17:25,Deterjan (5kg),180.19,1.0,180.19
FIS_4436,26.09.2026,17:25,Şeker (1kg),33.03,3.0,99.09
FIS_4437,10.07.2026,22:25,Salatalık (kg),22.07,3.0,66.21
FIS_4437,10.07.2026,22:25,Domates (kg),28.33,3.0,84.99
FIS_4437,10.07.2026,22:25,Biber Çarliston (kg),32.95,1.0,32.95
FIS_4437,10.07.2026,22:25,Limon Taze (kg),119.95,2.0,239.9
FIS_4438,18.04.2026,08:51,Diş Macunu,43.9,1.0,43.9
FIS_4438,18.04.2026,08:51,Deterjan (5kg),181.72,1.0,181.72
FIS_4438,18.04.2026,08:51,Plastik Poşet,1.0,1.0,1.0
FIS_4438,18.04.2026,08:51,Şampuan,91.14,3.0,273.42
FIS_4438,18.04.2026,08:51,Çay (500g),92.47,3.0,277.41
FIS_4439,20.08.2026,18:37,Cola 2.5 LT,55.0,2.0,110.0
FIS_4439,20.08.2026,18:37,Kek,59.0,3.0,177.0
FIS_4439,20.08.2026,18:37,Çay (500g),90.7,1.0,90.7
FIS_4439,20.08.2026,18:37,Su 0.5 LT,5.0,1.0,5.0
FIS_4440,06.09.2026,11:52,Makarna,16.08,3.0,48.24
FIS_4440,06.09.2026,11:52,Sıvı Yağ (1L),47.48,1.0,47.48
FIS_4440,06.09.2026,11:52,Şeker (1kg),32.55,1.0,32.55
FIS_4440,06.09.2026,11:52,Ekmek,9.61,3.0,28.83
FIS_4440,06.09.2026,11:52,Süt (1L),32.52,1.0,32.52
FIS_4440,06.09.2026,11:52,Çay (500g),94.78,3.0,284.34
FIS_4441,26.02.2026,18:55,Domates (kg),28.69,1.0,28.69
FIS_4441,26.02.2026,18:55,Biber Çarliston (kg),32.95,1.0,32.95
FIS_4441,26.02.2026,18:55,Salatalık (kg),23.29,1.0,23.29
FIS_4441,26.02.2026,18:55,Elma (kg),34.5,2.0,69.0
FIS_4441,26.02.2026,18:55,Limon Taze (kg),119.95,2.0,239.9
FIS_4442,17.08.2026,21:41,Deodorant,199.9,3.0,599.7
FIS_4442,17.08.2026,21:41,Şampuan,80.22,1.0,80.22
FIS_4442,17.08.2026,21:41,Plastik Poşet,1.0,2.0,2.0
FIS_4442,17.08.2026,21:41,Deterjan (5kg),176.56,2.0,353.12
FIS_4442,17.08.2026,21:41,Diş Macunu,46.58,2.0,93.16
FIS_4443,21.06.2026,14:48,Su 0.5 LT,5.0,1.0,5.0
FIS_4443,21.06.2026,14:48,Cola 1 LT,45.0,2.0,90.0
FIS_4443,21.06.2026,14:48,Kek,59.0,1.0,59.0
FIS_4443,21.06.2026,14:48,Çay (500g),95.58,1.0,95.58
FIS_4444,07.04.2026,15:29,Plastik Poşet,1.0,2.0,2.0
FIS_4444,07.04.2026,15:29,Diş Macunu,46.91,2.0,93.82
FIS_4444,07.04.2026,15:29,Deodorant,199.9,3.0,599.7
FIS_4444,07.04.2026,15:29,Deterjan (5kg),185.18,1.0,185.18
FIS_4444,07.04.2026,15:29,Şampuan,95.12,1.0,95.12
FIS_4445,23.01.2026,18:51,Çay (500g),99.2,3.0,297.6
FIS_4445,23.01.2026,18:51,Şeker (1kg),33.05,3.0,99.15
FIS_4445,23.01.2026,18:51,Ekmek,12.57,2.0,25.14
FIS_4445,23.01.2026,18:51,Sıvı Yağ (1L),48.24,3.0,144.72
FIS_4445,23.01.2026,18:51,Süt (1L),31.83,1.0,31.83
FIS_4445,23.01.2026,18:51,Cola 1 LT,45.0,1.0,45.0
FIS_4446,11.05.2026,16:53,Sıvı Yağ (1L),46.16,2.0,92.32
FIS_4446,11.05.2026,16:53,Süt (1L),33.73,3.0,101.19
FIS_4446,11.05.2026,16:53,Çay (500g),91.54,1.0,91.54
FIS_4446,11.05.2026,16:53,Makarna,15.77,3.0,47.31
FIS_4446,11.05.2026,16:53,Şeker (1kg),32.4,1.0,32.4
FIS_4447,20.08.2026,16:55,Süt (1L),32.61,3.0,97.83
FIS_4447,20.08.2026,16:55,Sıvı Yağ (1L),49.11,2.0,98.22
FIS_4447,20.08.2026,16:55,Şeker (1kg),35.51,2.0,71.02
FIS_4447,20.08.2026,16:55,Ekmek,13.5,3.0,40.5
FIS_4447,20.08.2026,16:55,Makarna,15.85,3.0,47.55
FIS_4447,20.08.2026,16:55,Çay (500g),98.6,3.0,295.8
FIS_4448,28.10.2026,11:01,Biber Dolmalık (kg),69.95,3.0,209.85
FIS_4448,28.10.2026,11:01,Tavuk Göğsü (kg),170.28,1.0,170.28
FIS_4448,28.10.2026,11:01,Sıvı Yağ (1L),48.15,3.0,144.45
FIS_4448,28.10.2026,11:01,Salatalık (kg),23.11,1.0,23.11
FIS_4449,05.07.2026,10:13,Ekmek,13.6,2.0,27.2
FIS_4449,05.07.2026,10:13,Süt (1L),33.64,2.0,67.28
FIS_4449,05.07.2026,10:13,Sıvı Yağ (1L),47.81,1.0,47.81
FIS_4449,05.07.2026,10:13,Makarna,16.5,1.0,16.5
FIS_4449,05.07.2026,10:13,Çay (500g),94.39,3.0,283.17
FIS_4449,05.07.2026,10:13,Şeker (1kg),34.33,2.0,68.66
FIS_4449,05.07.2026,10:13,Salatalık (kg),22.01,1.0,22.01
FIS_4450,03.04.2026,18:29,Tavuk Göğsü (kg),160.32,3.0,480.96
FIS_4450,03.04.2026,18:29,Biber Dolmalık (kg),69.95,2.0,139.9
FIS_4450,03.04.2026,18:29,Domates (kg),26.61,2.0,53.22
FIS_4450,03.04.2026,18:29,Salatalık (kg),21.69,1.0,21.69
FIS_4451,07.12.2026,16:08,Bebe Şampuanı,149.9,1.0,149.9
FIS_4451,07.12.2026,16:08,Kil Maskesi,297.9,1.0,297.9
FIS_4451,07.12.2026,16:08,Diş Macunu,46.8,2.0,93.6
FIS_4451,07.12.2026,16:08,Şampuan,85.77,2.0,171.54
FIS_4451,07.12.2026,16:08,Ekmek,12.7,1.0,12.7
FIS_4452,22.09.2026,13:28,Makarna,15.97,2.0,31.94
FIS_4452,22.09.2026,13:28,Sıvı Yağ (1L),47.26,1.0,47.26
FIS_4452,22.09.2026,13:28,Süt (1L),32.16,1.0,32.16
FIS_4452,22.09.2026,13:28,Şeker (1kg),34.14,2.0,68.28
FIS_4452,22.09.2026,13:28,Ekmek,10.17,3.0,30.51
FIS_4452,22.09.2026,13:28,Deodorant,199.9,3.0,599.7
FIS_4453,12.03.2026,14:59,Plastik Poşet,1.0,3.0,3.0
FIS_4453,12.03.2026,14:59,Diş Macunu,44.61,3.0,133.83
FIS_4453,12.03.2026,14:59,Deterjan (5kg),190.23,3.0,570.69
FIS_4453,12.03.2026,14:59,Şampuan,106.54,2.0,213.08
FIS_4454,23.06.2026,17:02,Makarna,16.27,2.0,32.54
FIS_4454,23.06.2026,17:02,Tavuk Göğsü (kg),170.61,2.0,341.22
FIS_4454,23.06.2026,17:02,Sıvı Yağ (1L),49.67,2.0,99.34
FIS_4454,23.06.2026,17:02,Salatalık (kg),22.26,3.0,66.78
FIS_4455,23.06.2026,08:52,Yüz Temizleme,79.99,3.0,239.97
FIS_4455,23.06.2026,08:52,Bebe Şampuanı,149.9,3.0,449.7
FIS_4455,23.06.2026,08:52,Deodorant,199.9,2.0,399.8
FIS_4455,23.06.2026,08:52,Kil Maskesi,297.9,3.0,893.7
FIS_4455,23.06.2026,08:52,Şampuan,85.43,1.0,85.43
FIS_4456,20.06.2026,08:28,Makarna,15.77,1.0,15.77
FIS_4456,20.06.2026,08:28,Şeker (1kg),34.05,3.0,102.15
FIS_4456,20.06.2026,08:28,Çay (500g),91.59,1.0,91.59
FIS_4456,20.06.2026,08:28,Süt (1L),32.38,2.0,64.76
FIS_4456,20.06.2026,08:28,Ekmek,10.86,2.0,21.72
FIS_4456,20.06.2026,08:28,Plastik Poşet,1.0,2.0,2.0
FIS_4457,20.05.2026,13:36,Şeker (1kg),35.19,3.0,105.57
FIS_4457,20.05.2026,13:36,Çay (500g),95.73,1.0,95.73
FIS_4457,20.05.2026,13:36,Ekmek,11.68,2.0,23.36
FIS_4457,20.05.2026,13:36,Sıvı Yağ (1L),49.07,1.0,49.07
FIS_4457,20.05.2026,13:36,Cola 2.5 LT,55.0,3.0,165.0
FIS_4458,26.05.2026,21:21,Plastik Poşet,1.0,1.0,1.0
FIS_4458,26.05.2026,21:21,Diş Macunu,44.69,1.0,44.69
FIS_4458,26.05.2026,21:21,Deodorant,199.9,3.0,599.7
FIS_4458,26.05.2026,21:21,Şampuan,87.89,2.0,175.78
FIS_4458,26.05.2026,21:21,Deterjan (5kg),187.97,2.0,375.94
FIS_4459,02.03.2026,10:21,Diş Macunu,43.92,3.0,131.76
FIS_4459,02.03.2026,10:21,Deterjan (5kg),190.37,2.0,380.74
FIS_4459,02.03.2026,10:21,Deodorant,199.9,1.0,199.9
FIS_4459,02.03.2026,10:21,Şampuan,115.68,1.0,115.68
FIS_4460,09.09.2026,10:43,Kek,59.0,1.0,59.0
FIS_4460,09.09.2026,10:43,Cola 2.5 LT,55.0,2.0,110.0
FIS_4460,09.09.2026,10:43,Cola 1 LT,45.0,3.0,135.0
FIS_4460,09.09.2026,10:43,Su 0.5 LT,5.0,1.0,5.0
FIS_4460,09.09.2026,10:43,Çay (500g),93.46,2.0,186.92
FIS_4461,22.06.2026,16:15,Şeker (1kg),35.54,2.0,71.08
FIS_4461,22.06.2026,16:15,Çay (500g),99.44,3.0,298.32
FIS_4461,22.06.2026,16:15,Makarna,15.3,2.0,30.6
FIS_4461,22.06.2026,16:15,Süt (1L),33.47,3.0,100.41
FIS_4461,22.06.2026,16:15,Sıvı Yağ (1L),48.44,2.0,96.88
FIS_4462,01.08.2026,16:03,Domates (kg),29.11,1.0,29.11
FIS_4462,01.08.2026,16:03,Elma (kg),34.5,1.0,34.5
FIS_4462,01.08.2026,16:03,Biber Çarliston (kg),32.95,2.0,65.9
FIS_4462,01.08.2026,16:03,Limon Taze (kg),119.95,3.0,359.85
FIS_4462,01.08.2026,16:03,Salatalık (kg),22.44,2.0,44.88
FIS_4463,23.03.2026,09:40,Kil Maskesi,297.9,3.0,893.7
FIS_4463,23.03.2026,09:40,Yüz Temizleme,79.99,1.0,79.99
FIS_4463,23.03.2026,09:40,Diş Macunu,46.62,3.0,139.86
FIS_4463,23.03.2026,09:40,Şampuan,104.41,1.0,104.41
FIS_4463,23.03.2026,09:40,Bebe Şampuanı,149.9,3.0,449.7
FIS_4463,23.03.2026,09:40,Deodorant,199.9,3.0,599.7
FIS_4464,29.06.2026,18:43,Ekmek,10.0,1.0,10.0
FIS_4464,29.06.2026,18:43,Yumurta (15li),52.32,1.0,52.32
FIS_4464,29.06.2026,18:43,Süt (1L),32.26,1.0,32.26
FIS_4464,29.06.2026,18:43,Çay (500g),90.66,3.0,271.98
FIS_4465,08.04.2026,18:43,Bebe Şampuanı,149.9,1.0,149.9
FIS_4465,08.04.2026,18:43,Diş Macunu,45.71,1.0,45.71
FIS_4465,08.04.2026,18:43,Kil Maskesi,297.9,3.0,893.7
FIS_4465,08.04.2026,18:43,Şampuan,93.08,1.0,93.08
FIS_4466,02.12.2026,09:35,Limon Taze (kg),119.95,2.0,239.9
FIS_4466,02.12.2026,09:35,Elma (kg),34.5,2.0,69.0
FIS_4466,02.12.2026,09:35,Salatalık (kg),22.29,3.0,66.87
FIS_4466,02.12.2026,09:35,Biber Çarliston (kg),32.95,1.0,32.95
FIS_4467,05.01.2026,16:14,Şampuan,94.7,1.0,94.7
FIS_4467,05.01.2026,16:14,Diş Macunu,45.99,2.0,91.98
FIS_4467,05.01.2026,16:14,Deterjan (5kg),181.59,1.0,181.59
FIS_4467,05.01.2026,16:14,Plastik Poşet,1.0,3.0,3.0
FIS_4468,14.10.2026,11:49,Kil Maskesi,297.9,3.0,893.7
FIS_4468,14.10.2026,11:49,Yüz Temizleme,79.99,2.0,159.98
FIS_4468,14.10.2026,11:49,Bebe Şampuanı,149.9,2.0,299.8
FIS_4468,14.10.2026,11:49,Diş Macunu,43.96,3.0,131.88
FIS_4468,14.10.2026,11:49,Elma (kg),34.5,2.0,69.0
FIS_4469,27.09.2026,15:42,Yumurta (15li),53.13,2.0,106.26
FIS_4469,27.09.2026,15:42,Çay (500g),94.05,3.0,282.15
FIS_4469,27.09.2026,15:42,Peynir (500g),110.97,3.0,332.91
FIS_4469,27.09.2026,15:42,Yoğurt (2kg),63.61,1.0,63.61
FIS_4469,27.09.2026,15:42,Süt (1L),32.95,3.0,98.85
FIS_4469,27.09.2026,15:42,Şeker (1kg),34.88,3.0,104.64
FIS_4470,17.10.2026,20:24,Deodorant,199.9,1.0,199.9
FIS_4470,17.10.2026,20:24,Plastik Poşet,1.0,1.0,1.0
FIS_4470,17.10.2026,20:24,Diş Macunu,43.83,3.0,131.49
FIS_4470,17.10.2026,20:24,Deterjan (5kg),187.45,3.0,562.35
FIS_4470,17.10.2026,20:24,Şampuan,77.93,2.0,155.86
FIS_4471,14.10.2026,15:08,Domates (kg),28.44,2.0,56.88
FIS_4471,14.10.2026,15:08,Sıvı Yağ (1L),46.38,2.0,92.76
FIS_4471,14.10.2026,15:08,Biber Dolmalık (kg),69.95,1.0,69.95
FIS_4471,14.10.2026,15:08,Tavuk Göğsü (kg),160.14,2.0,320.28
FIS_4472,09.09.2026,22:19,Deodorant,199.9,2.0,399.8
FIS_4472,09.09.2026,22:19,Kil Maskesi,297.9,3.0,893.7
FIS_4472,09.09.2026,22:19,Diş Macunu,46.4,2.0,92.8
FIS_4472,09.09.2026,22:19,Şampuan,111.51,2.0,223.02
FIS_4472,09.09.2026,22:19,Yüz Temizleme,79.99,3.0,239.97
FIS_4472,09.09.2026,22:19,Bebe Şampuanı,149.9,1.0,149.9
FIS_4472,09.09.2026,22:19,Kek,59.0,2.0,118.0
FIS_4473,04.02.2026,21:47,Biber Dolmalık (kg),69.95,2.0,139.9
FIS_4473,04.02.2026,21:47,Sıvı Yağ (1L),50.5,1.0,50.5
FIS_4473,04.02.2026,21:47,Makarna,15.7,2.0,31.4
FIS_4473,04.02.2026,21:47,Domates (kg),27.96,2.0,55.92
FIS_4473,04.02.2026,21:47,Salatalık (kg),23.51,2.0,47.02
FIS_4474,09.04.2026,22:16,Süt (1L),32.34,2.0,64.68
FIS_4474,09.04.2026,22:16,Ekmek,11.56,1.0,11.56
FIS_4474,09.04.2026,22:16,Makarna,16.32,1.0,16.32
FIS_4474,09.04.2026,22:16,Çay (500g),90.82,2.0,181.64
FIS_4474,09.04.2026,22:16,Sıvı Yağ (1L),46.53,3.0,139.59
FIS_4474,09.04.2026,22:16,Yüz Temizleme,79.99,3.0,239.97
FIS_4475,27.06.2026,18:42,Çay (500g),93.28,3.0,279.84
FIS_4475,27.06.2026,18:42,Yumurta (15li),51.87,2.0,103.74
FIS_4475,27.06.2026,18:42,Ekmek,13.95,1.0,13.95
FIS_4475,27.06.2026,18:42,Yoğurt (2kg),67.13,3.0,201.39
FIS_4475,27.06.2026,18:42,Süt (1L),32.75,2.0,65.5
FIS_4475,27.06.2026,18:42,Makarna,16.37,2.0,32.74
FIS_4476,30.12.2026,11:11,Çay (500g),90.37,1.0,90.37
FIS_4476,30.12.2026,11:11,Makarna,16.41,3.0,49.23
FIS_4476,30.12.2026,11:11,Ekmek,13.11,3.0,39.33
FIS_4476,30.12.2026,11:11,Süt (1L),34.02,3.0,102.06
FIS_4476,30.12.2026,11:11,Sıvı Yağ (1L),50.06,1.0,50.06
FIS_4476,30.12.2026,11:11,Domates (kg),26.73,1.0,26.73
FIS_4477,06.03.2026,17:05,Elma (kg),34.5,1.0,34.5
FIS_4477,06.03.2026,17:05,Biber Çarliston (kg),32.95,3.0,98.85
FIS_4477,06.03.2026,17:05,Limon Taze (kg),119.95,3.0,359.85
FIS_4477,06.03.2026,17:05,Salatalık (kg),22.76,1.0,22.76
FIS_4477,06.03.2026,17:05,Domates (kg),29.76,2.0,59.52
FIS_4478,21.04.2026,13:57,Domates (kg),29.56,3.0,88.68
FIS_4478,21.04.2026,13:57,Elma (kg),34.5,1.0,34.5
FIS_4478,21.04.2026,13:57,Limon Taze (kg),119.95,1.0,119.95
FIS_4478,21.04.2026,13:57,Salatalık (kg),21.43,1.0,21.43
FIS_4479,13.03.2026,09:25,Elma (kg),34.5,1.0,34.5
FIS_4479,13.03.2026,09:25,Limon Taze (kg),119.95,1.0,119.95
FIS_4479,13.03.2026,09:25,Domates (kg),26.87,1.0,26.87
FIS_4479,13.03.2026,09:25,Salatalık (kg),22.38,1.0,22.38
FIS_4479,13.03.2026,09:25,Biber Çarliston (kg),32.95,1.0,32.95
FIS_4479,13.03.2026,09:25,Cola 2.5 LT,55.0,2.0,110.0
FIS_4480,29.06.2026,14:54,Peynir (500g),120.37,2.0,240.74
FIS_4480,29.06.2026,14:54,Yoğurt (2kg),65.08,2.0,130.16
FIS_4480,29.06.2026,14:54,Çay (500g),97.34,2.0,194.68
FIS_4480,29.06.2026,14:54,Ekmek,11.55,2.0,23.1
FIS_4481,23.06.2026,10:26,Cola 1 LT,45.0,3.0,135.0
FIS_4481,23.06.2026,10:26,Cola 2.5 LT,55.0,1.0,55.0
FIS_4481,23.06.2026,10:26,Su 0.5 LT,5.0,2.0,10.0
FIS_4481,23.06.2026,10:26,Kek,59.0,3.0,177.0
FIS_4482,12.08.2026,16:31,Süt (1L),34.02,1.0,34.02
FIS_4482,12.08.2026,16:31,Ekmek,12.65,1.0,12.65
FIS_4482,12.08.2026,16:31,Yumurta (15li),55.82,2.0,111.64
FIS_4482,12.08.2026,16:31,Peynir (500g),119.25,3.0,357.75
FIS_4482,12.08.2026,16:31,Yoğurt (2kg),63.13,1.0,63.13
FIS_4483,04.05.2026,13:51,Makarna,15.55,3.0,46.65
FIS_4483,04.05.2026,13:51,Süt (1L),31.87,3.0,95.61
FIS_4483,04.05.2026,13:51,Çay (500g),96.77,1.0,96.77
FIS_4483,04.05.2026,13:51,Ekmek,13.42,2.0,26.84
FIS_4484,19.06.2026,15:52,Süt (1L),31.7,1.0,31.7
FIS_4484,19.06.2026,15:52,Yumurta (15li),52.83,2.0,105.66
FIS_4484,19.06.2026,15:52,Peynir (500g),117.12,2.0,234.24
FIS_4484,19.06.2026,15:52,Ekmek,12.88,2.0,25.76
FIS_4484,19.06.2026,15:52,Yoğurt (2kg),65.83,3.0,197.49
FIS_4485,19.06.2026,19:07,Salatalık (kg),22.83,1.0,22.83
FIS_4485,19.06.2026,19:07,Domates (kg),27.67,2.0,55.34
FIS_4485,19.06.2026,19:07,Limon Taze (kg),119.95,1.0,119.95
FIS_4485,19.06.2026,19:07,Biber Çarliston (kg),32.95,1.0,32.95
FIS_4486,26.01.2026,17:14,Sıvı Yağ (1L),47.64,3.0,142.92
FIS_4486,26.01.2026,17:14,Salatalık (kg),23.09,3.0,69.27
FIS_4486,26.01.2026,17:14,Domates (kg),27.6,2.0,55.2
FIS_4486,26.01.2026,17:14,Tavuk Göğsü (kg),168.25,1.0,168.25
FIS_4486,26.01.2026,17:14,Biber Dolmalık (kg),69.95,3.0,209.85
FIS_4487,25.05.2026,09:25,Süt (1L),33.57,3.0,100.71
FIS_4487,25.05.2026,09:25,Sıvı Yağ (1L),47.42,1.0,47.42
FIS_4487,25.05.2026,09:25,Makarna,15.14,1.0,15.14
FIS_4487,25.05.2026,09:25,Ekmek,11.05,3.0,33.15
FIS_4487,25.05.2026,09:25,Şeker (1kg),35.26,1.0,35.26
FIS_4487,25.05.2026,09:25,Cola 1 LT,45.0,3.0,135.0
FIS_4488,25.04.2026,21:13,Bebe Şampuanı,149.9,3.0,449.7
FIS_4488,25.04.2026,21:13,Kil Maskesi,297.9,1.0,297.9
FIS_4488,25.04.2026,21:13,Şampuan,88.56,1.0,88.56
FIS_4488,25.04.2026,21:13,Diş Macunu,44.95,3.0,134.85
FIS_4488,25.04.2026,21:13,Deodorant,199.9,3.0,599.7
FIS_4488,25.04.2026,21:13,Yüz Temizleme,79.99,1.0,79.99
FIS_4489,16.01.2026,20:44,Yoğurt (2kg),66.72,1.0,66.72
FIS_4489,16.01.2026,20:44,Yumurta (15li),52.7,3.0,158.1
FIS_4489,16.01.2026,20:44,Süt (1L),31.22,3.0,93.66
FIS_4489,16.01.2026,20:44,Çay (500g),92.3,2.0,184.6
FIS_4490,28.05.2026,18:31,Süt (1L),33.49,2.0,66.98
FIS_4490,28.05.2026,18:31,Yumurta (15li),56.23,2.0,112.46
FIS_4490,28.05.2026,18:31,Yoğurt (2kg),67.1,3.0,201.3
FIS_4490,28.05.2026,18:31,Ekmek,11.02,1.0,11.02
FIS_4490,28.05.2026,18:31,Peynir (500g),119.96,2.0,239.92
FIS_4490,28.05.2026,18:31,Çay (500g),94.63,3.0,283.89
FIS_4491,12.09.2026,21:24,Ekmek,11.62,3.0,34.86
FIS_4491,12.09.2026,21:24,Makarna,15.47,1.0,15.47
FIS_4491,12.09.2026,21:24,Şeker (1kg),34.53,3.0,103.59
FIS_4491,12.09.2026,21:24,Süt (1L),31.56,1.0,31.56
FIS_4491,12.09.2026,21:24,Çay (500g),95.68,1.0,95.68
FIS_4492,30.07.2026,08:48,Biber Dolmalık (kg),69.95,3.0,209.85
FIS_4492,30.07.2026,08:48,Sıvı Yağ (1L),50.36,1.0,50.36
FIS_4492,30.07.2026,08:48,Tavuk Göğsü (kg),163.93,1.0,163.93
FIS_4492,30.07.2026,08:48,Makarna,15.89,1.0,15.89
FIS_4492,30.07.2026,08:48,Domates (kg),28.55,3.0,85.65
FIS_4492,30.07.2026,08:48,Salatalık (kg),21.42,3.0,64.26
FIS_4493,04.02.2026,18:29,Peynir (500g),111.24,1.0,111.24
FIS_4493,04.02.2026,18:29,Yoğurt (2kg),64.03,3.0,192.09
FIS_4493,04.02.2026,18:29,Çay (500g),96.46,3.0,289.38
FIS_4493,04.02.2026,18:29,Yumurta (15li),53.81,2.0,107.62
FIS_4494,11.09.2026,20:03,Yoğurt (2kg),67.43,1.0,67.43
FIS_4494,11.09.2026,20:03,Süt (1L),31.32,2.0,62.64
FIS_4494,11.09.2026,20:03,Çay (500g),94.27,3.0,282.81
FIS_4494,11.09.2026,20:03,Ekmek,12.98,3.0,38.94
FIS_4494,11.09.2026,20:03,Peynir (500g),119.7,2.0,239.4
FIS_4495,11.08.2026,08:31,Kek,59.0,1.0,59.0
FIS_4495,11.08.2026,08:31,Çay (500g),90.7,1.0,90.7
FIS_4495,11.08.2026,08:31,Cola 2.5 LT,55.0,2.0,110.0
FIS_4495,11.08.2026,08:31,Cola 1 LT,45.0,3.0,135.0
FIS_4496,19.10.2026,22:47,Deodorant,199.9,3.0,599.7
FIS_4496,19.10.2026,22:47,Yüz Temizleme,79.99,3.0,239.97
FIS_4496,19.10.2026,22:47,Diş Macunu,45.09,3.0,135.27
FIS_4496,19.10.2026,22:47,Kil Maskesi,297.9,2.0,595.8
FIS_4496,19.10.2026,22:47,Şampuan,97.65,3.0,292.95
FIS_4496,19.10.2026,22:47,Deterjan (5kg),178.4,1.0,178.4
FIS_4497,08.09.2026,19:31,Diş Macunu,45.48,3.0,136.44
FIS_4497,08.09.2026,19:31,Deodorant,199.9,2.0,399.8
FIS_4497,08.09.2026,19:31,Şampuan,103.17,2.0,206.34
FIS_4497,08.09.2026,19:31,Deterjan (5kg),179.95,1.0,179.95
FIS_4497,08.09.2026,19:31,Plastik Poşet,1.0,3.0,3.0
FIS_4498,24.10.2026,17:30,Süt (1L),32.9,1.0,32.9
FIS_4498,24.10.2026,17:30,Şeker (1kg),34.68,2.0,69.36
FIS_4498,24.10.2026,17:30,Çay (500g),94.26,3.0,282.78
FIS_4498,24.10.2026,17:30,Ekmek,10.07,2.0,20.14
FIS_4499,09.09.2026,09:36,Çay (500g),92.31,1.0,92.31
FIS_4499,09.09.2026,09:36,Süt (1L),31.76,3.0,95.28
FIS_4499,09.09.2026,09:36,Peynir (500g),114.78,1.0,114.78
FIS_4499,09.09.2026,09:36,Ekmek,9.7,3.0,29.1
FIS_4499,09.09.2026,09:36,Yoğurt (2kg),64.34,1.0,64.34
FIS_4499,09.09.2026,09:36,Yumurta (15li),54.09,3.0,162.27
FIS_4500,02.09.2026,13:14,Salatalık (kg),23.1,2.0,46.2
FIS_4500,02.09.2026,13:14,Domates (kg),27.44,3.0,82.32
FIS_4500,02.09.2026,13:14,Sıvı Yağ (1L),46.72,1.0,46.72
FIS_4500,02.09.2026,13:14,Biber Dolmalık (kg),69.95,2.0,139.9
FIS_4500,02.09.2026,13:14,Tavuk Göğsü (kg),166.46,3.0,499.38
FIS_4500,02.09.2026,13:14,Elma (kg),34.5,2.0,69.0
FIS_4501,08.07.2026,09:28,Domates (kg),28.12,2.0,56.24
FIS_4501,08.07.2026,09:28,Biber Dolmalık (kg),69.95,1.0,69.95
FIS_4501,08.07.2026,09:28,Makarna,16.21,3.0,48.63
FIS_4501,08.07.2026,09:28,Salatalık (kg),22.83,3.0,68.49
FIS_4501,08.07.2026,09:28,Tavuk Göğsü (kg),168.59,2.0,337.18
FIS_4501,08.07.2026,09:28,Sıvı Yağ (1L),47.91,3.0,143.73
FIS_4502,28.11.2026,08:20,Deodorant,199.9,1.0,199.9
FIS_4502,28.11.2026,08:20,Plastik Poşet,1.0,2.0,2.0
FIS_4502,28.11.2026,08:20,Diş Macunu,43.67,1.0,43.67
FIS_4502,28.11.2026,08:20,Deterjan (5kg),185.14,3.0,555.42
FIS_4502,28.11.2026,08:20,Şampuan,75.01,3.0,225.03
FIS_4502,28.11.2026,08:20,Peynir (500g),113.09,2.0,226.18
FIS_4503,17.01.2026,21:37,Domates (kg),27.22,3.0,81.66
FIS_4503,17.01.2026,21:37,Tavuk Göğsü (kg),168.27,2.0,336.54
FIS_4503,17.01.2026,21:37,Salatalık (kg),22.39,2.0,44.78
FIS_4503,17.01.2026,21:37,Sıvı Yağ (1L),50.86,1.0,50.86
FIS_4503,17.01.2026,21:37,Makarna,16.35,2.0,32.7
FIS_4504,11.04.2026,11:36,Süt (1L),33.36,1.0,33.36
FIS_4504,11.04.2026,11:36,Çay (500g),97.44,3.0,292.32
FIS_4504,11.04.2026,11:36,Yoğurt (2kg),65.92,2.0,131.84
FIS_4504,11.04.2026,11:36,Ekmek,10.71,1.0,10.71
FIS_4504,11.04.2026,11:36,Peynir (500g),110.01,3.0,330.03
FIS_4505,04.02.2026,08:19,Biber Dolmalık (kg),69.95,1.0,69.95
FIS_4505,04.02.2026,08:19,Makarna,15.14,3.0,45.42
FIS_4505,04.02.2026,08:19,Sıvı Yağ (1L),49.94,3.0,149.82
FIS_4505,04.02.2026,08:19,Domates (kg),28.4,3.0,85.2
FIS_4505,04.02.2026,08:19,Tavuk Göğsü (kg),166.85,3.0,500.55
FIS_4506,15.11.2026,18:07,Biber Dolmalık (kg),69.95,1.0,69.95
FIS_4506,15.11.2026,18:07,Makarna,15.79,3.0,47.37
FIS_4506,15.11.2026,18:07,Domates (kg),29.53,1.0,29.53
FIS_4506,15.11.2026,18:07,Sıvı Yağ (1L),46.61,2.0,93.22
FIS_4507,13.09.2026,08:54,Sıvı Yağ (1L),50.12,2.0,100.24
FIS_4507,13.09.2026,08:54,Salatalık (kg),23.24,3.0,69.72
FIS_4507,13.09.2026,08:54,Biber Dolmalık (kg),69.95,1.0,69.95
FIS_4507,13.09.2026,08:54,Tavuk Göğsü (kg),161.74,2.0,323.48
FIS_4507,13.09.2026,08:54,Makarna,16.39,2.0,32.78
FIS_4508,02.08.2026,10:00,Domates (kg),28.9,1.0,28.9
FIS_4508,02.08.2026,10:00,Salatalık (kg),22.86,3.0,68.58
FIS_4508,02.08.2026,10:00,Makarna,15.41,2.0,30.82
FIS_4508,02.08.2026,10:00,Biber Dolmalık (kg),69.95,1.0,69.95
FIS_4509,16.08.2026,11:42,Diş Macunu,46.32,2.0,92.64
FIS_4509,16.08.2026,11:42,Deodorant,199.9,2.0,399.8
FIS_4509,16.08.2026,11:42,Şampuan,94.29,1.0,94.29
FIS_4509,16.08.2026,11:42,Deterjan (5kg),189.09,1.0,189.09
FIS_4510,02.08.2026,08:50,Makarna,16.52,2.0,33.04
FIS_4510,02.08.2026,08:50,Çay (500g),91.35,1.0,91.35
FIS_4510,02.08.2026,08:50,Ekmek,11.03,1.0,11.03
FIS_4510,02.08.2026,08:50,Sıvı Yağ (1L),47.37,3.0,142.11
FIS_4511,13.02.2026,19:11,Peynir (500g),115.2,3.0,345.6
FIS_4511,13.02.2026,19:11,Yumurta (15li),53.17,2.0,106.34
FIS_4511,13.02.2026,19:11,Ekmek,12.5,1.0,12.5
FIS_4511,13.02.2026,19:11,Yoğurt (2kg),65.2,2.0,130.4
FIS_4511,13.02.2026,19:11,Çay (500g),92.83,1.0,92.83
FIS_4512,22.04.2026,18:12,Kek,59.0,2.0,118.0
FIS_4512,22.04.2026,18:12,Cola 1 LT,45.0,1.0,45.0
FIS_4512,22.04.2026,18:12,Su 0.5 LT,5.0,3.0,15.0
FIS_4512,22.04.2026,18:12,Cola 2.5 LT,55.0,1.0,55.0
FIS_4512,22.04.2026,18:12,Çay (500g),95.54,3.0,286.62
FIS_4513,18.06.2026,10:47,Makarna,15.13,2.0,30.26
FIS_4513,18.06.2026,10:47,Süt (1L),31.49,3.0,94.47
FIS_4513,18.06.2026,10:47,Çay (500g),98.69,2.0,197.38
FIS_4513,18.06.2026,10:47,Ekmek,11.78,2.0,23.56
FIS_4513,18.06.2026,10:47,Şeker (1kg),32.73,1.0,32.73
FIS_4514,13.02.2026,11:52,Biber Çarliston (kg),32.95,1.0,32.95
FIS_4514,13.02.2026,11:52,Salatalık (kg),21.42,1.0,21.42
FIS_4514,13.02.2026,11:52,Elma (kg),34.5,3.0,103.5
FIS_4514,13.02.2026,11:52,Domates (kg),26.7,2.0,53.4
FIS_4514,13.02.2026,11:52,Limon Taze (kg),119.95,1.0,119.95
FIS_4515,19.03.2026,08:39,Elma (kg),34.5,3.0,103.5
FIS_4515,19.03.2026,08:39,Biber Çarliston (kg),32.95,1.0,32.95
FIS_4515,19.03.2026,08:39,Limon Taze (kg),119.95,3.0,359.85
FIS_4515,19.03.2026,08:39,Salatalık (kg),21.68,3.0,65.04
FIS_4515,19.03.2026,08:39,Domates (kg),27.87,3.0,83.61
FIS_4515,19.03.2026,08:39,Plastik Poşet,1.0,3.0,3.0
FIS_4516,22.02.2026,22:26,Plastik Poşet,1.0,1.0,1.0
FIS_4516,22.02.2026,22:26,Deterjan (5kg),192.2,1.0,192.2
FIS_4516,22.02.2026,22:26,Şampuan,80.57,3.0,241.71
FIS_4516,22.02.2026,22:26,Deodorant,199.9,1.0,199.9
FIS_4516,22.02.2026,22:26,Diş Macunu,43.72,2.0,87.44
FIS_4517,26.07.2026,21:56,Salatalık (kg),23.53,3.0,70.59
FIS_4517,26.07.2026,21:56,Elma (kg),34.5,3.0,103.5
FIS_4517,26.07.2026,21:56,Domates (kg),29.49,2.0,58.98
FIS_4517,26.07.2026,21:56,Limon Taze (kg),119.95,2.0,239.9
FIS_4518,02.09.2026,21:05,Diş Macunu,43.46,3.0,130.38
FIS_4518,02.09.2026,21:05,Şampuan,91.93,1.0,91.93
FIS_4518,02.09.2026,21:05,Bebe Şampuanı,149.9,2.0,299.8
FIS_4518,02.09.2026,21:05,Kil Maskesi,297.9,2.0,595.8
FIS_4518,02.09.2026,21:05,Şeker (1kg),34.93,3.0,104.79
FIS_4519,12.04.2026,18:40,Yüz Temizleme,79.99,3.0,239.97
FIS_4519,12.04.2026,18:40,Bebe Şampuanı,149.9,2.0,299.8
FIS_4519,12.04.2026,18:40,Kil Maskesi,297.9,1.0,297.9
FIS_4519,12.04.2026,18:40,Deodorant,199.9,2.0,399.8
FIS_4519,12.04.2026,18:40,Diş Macunu,45.64,1.0,45.64
FIS_4519,12.04.2026,18:40,Şampuan,109.94,3.0,329.82
FIS_4520,27.01.2026,08:15,Çay (500g),96.9,2.0,193.8
FIS_4520,27.01.2026,08:15,Ekmek,13.85,1.0,13.85
FIS_4520,27.01.2026,08:15,Şeker (1kg),33.31,2.0,66.62
FIS_4520,27.01.2026,08:15,Makarna,16.22,1.0,16.22
FIS_4520,27.01.2026,08:15,Yüz Temizleme,79.99,1.0,79.99
FIS_4521,10.08.2026,13:18,Yoğurt (2kg),67.2,3.0,201.6
FIS_4521,10.08.2026,13:18,Süt (1L),33.96,3.0,101.88
FIS_4521,10.08.2026,13:18,Peynir (500g),117.47,3.0,352.41
FIS_4521,10.08.2026,13:18,Yumurta (15li),54.27,3.0,162.81
FIS_4521,10.08.2026,13:18,Ekmek,10.35,3.0,31.05
FIS_4522,03.12.2026,09:51,Limon Taze (kg),119.95,2.0,239.9
FIS_4522,03.12.2026,09:51,Salatalık (kg),22.61,2.0,45.22
FIS_4522,03.12.2026,09:51,Biber Çarliston (kg),32.95,2.0,65.9
FIS_4522,03.12.2026,09:51,Domates (kg),29.52,3.0,88.56
FIS_4523,21.01.2026,12:11,Deodorant,199.9,3.0,599.7
FIS_4523,21.01.2026,12:11,Kil Maskesi,297.9,1.0,297.9
FIS_4523,21.01.2026,12:11,Diş Macunu,45.98,3.0,137.94
FIS_4523,21.01.2026,12:11,Şampuan,99.47,1.0,99.47
FIS_4524,12.12.2026,09:41,Domates (kg),29.85,3.0,89.55
FIS_4524,12.12.2026,09:41,Salatalık (kg),21.42,2.0,42.84
FIS_4524,12.12.2026,09:41,Sıvı Yağ (1L),47.92,3.0,143.76
FIS_4524,12.12.2026,09:41,Makarna,15.84,2.0,31.68
FIS_4524,12.12.2026,09:41,Tavuk Göğsü (kg),166.06,3.0,498.18
FIS_4525,23.10.2026,17:39,Süt (1L),32.28,1.0,32.28
FIS_4525,23.10.2026,17:39,Şeker (1kg),33.16,1.0,33.16
FIS_4525,23.10.2026,17:39,Sıvı Yağ (1L),50.0,3.0,150.0
FIS_4525,23.10.2026,17:39,Çay (500g),93.64,3.0,280.92
FIS_4525,23.10.2026,17:39,Makarna,16.19,2.0,32.38
FIS_4526,10.10.2026,12:47,Şampuan,105.77,3.0,317.31
FIS_4526,10.10.2026,12:47,Plastik Poşet,1.0,1.0,1.0
FIS_4526,10.10.2026,12:47,Deodorant,199.9,1.0,199.9
FIS_4526,10.10.2026,12:47,Diş Macunu,45.34,1.0,45.34
FIS_4526,10.10.2026,12:47,Deterjan (5kg),187.98,2.0,375.96
FIS_4526,10.10.2026,12:47,Süt (1L),31.33,3.0,93.99
FIS_4527,27.12.2026,22:58,Süt (1L),34.04,2.0,68.08
FIS_4527,27.12.2026,22:58,Çay (500g),92.46,2.0,184.92
FIS_4527,27.12.2026,22:58,Yoğurt (2kg),66.5,1.0,66.5
FIS_4527,27.12.2026,22:58,Peynir (500g),120.09,2.0,240.18
FIS_4527,27.12.2026,22:58,Diş Macunu,46.02,2.0,92.04
FIS_4528,03.02.2026,15:15,Cola 2.5 LT,55.0,3.0,165.0
FIS_4528,03.02.2026,15:15,Çay (500g),97.56,2.0,195.12
FIS_4528,03.02.2026,15:15,Su 0.5 LT,5.0,1.0,5.0
FIS_4528,03.02.2026,15:15,Cola 1 LT,45.0,1.0,45.0
FIS_4529,14.12.2026,10:13,Şampuan,104.15,3.0,312.45
FIS_4529,14.12.2026,10:13,Diş Macunu,45.78,3.0,137.34
FIS_4529,14.12.2026,10:13,Bebe Şampuanı,149.9,1.0,149.9
FIS_4529,14.12.2026,10:13,Yüz Temizleme,79.99,1.0,79.99
FIS_4529,14.12.2026,10:13,Kil Maskesi,297.9,1.0,297.9
FIS_4529,14.12.2026,10:13,Deodorant,199.9,2.0,399.8
FIS_4529,14.12.2026,10:13,Şeker (1kg),35.51,2.0,71.02
FIS_4530,06.05.2026,20:54,Cola 1 LT,45.0,3.0,135.0
FIS_4530,06.05.2026,20:54,Çay (500g),94.05,1.0,94.05
FIS_4530,06.05.2026,20:54,Cola 2.5 LT,55.0,2.0,110.0
FIS_4530,06.05.2026,20:54,Su 0.5 LT,5.0,2.0,10.0
FIS_4530,06.05.2026,20:54,Ekmek,13.02,3.0,39.06
FIS_4531,13.05.2026,18:53,Peynir (500g),112.1,2.0,224.2
FIS_4531,13.05.2026,18:53,Süt (1L),31.92,2.0,63.84
FIS_4531,13.05.2026,18:53,Ekmek,12.72,3.0,38.16
FIS_4531,13.05.2026,18:53,Yumurta (15li),51.61,1.0,51.61
FIS_4532,08.03.2026,09:32,Tavuk Göğsü (kg),159.01,2.0,318.02
FIS_4532,08.03.2026,09:32,Salatalık (kg),23.53,1.0,23.53
FIS_4532,08.03.2026,09:32,Biber Dolmalık (kg),69.95,3.0,209.85
FIS_4532,08.03.2026,09:32,Makarna,15.7,2.0,31.4
FIS_4532,08.03.2026,09:32,Sıvı Yağ (1L),49.19,3.0,147.57
FIS_4533,09.04.2026,10:48,Süt (1L),33.99,2.0,67.98
FIS_4533,09.04.2026,10:48,Yoğurt (2kg),63.03,2.0,126.06
FIS_4533,09.04.2026,10:48,Çay (500g),96.44,2.0,192.88
FIS_4533,09.04.2026,10:48,Ekmek,10.47,1.0,10.47
FIS_4533,09.04.2026,10:48,Yumurta (15li),53.01,1.0,53.01
FIS_4534,23.02.2026,08:26,Deterjan (5kg),181.33,1.0,181.33
FIS_4534,23.02.2026,08:26,Plastik Poşet,1.0,2.0,2.0
FIS_4534,23.02.2026,08:26,Şampuan,89.13,3.0,267.39
FIS_4534,23.02.2026,08:26,Diş Macunu,44.78,2.0,89.56
FIS_4534,23.02.2026,08:26,Yoğurt (2kg),62.69,3.0,188.07
FIS_4535,30.08.2026,20:09,Diş Macunu,44.93,1.0,44.93
FIS_4535,30.08.2026,20:09,Bebe Şampuanı,149.9,3.0,449.7
FIS_4535,30.08.2026,20:09,Deodorant,199.9,3.0,599.7
FIS_4535,30.08.2026,20:09,Yüz Temizleme,79.99,3.0,239.97
FIS_4535,30.08.2026,20:09,Kil Maskesi,297.9,3.0,893.7
FIS_4535,30.08.2026,20:09,Şampuan,115.43,2.0,230.86
FIS_4536,09.09.2026,14:30,Deodorant,199.9,1.0,199.9
FIS_4536,09.09.2026,14:30,Şampuan,100.83,1.0,100.83
FIS_4536,09.09.2026,14:30,Diş Macunu,45.12,3.0,135.36
FIS_4536,09.09.2026,14:30,Bebe Şampuanı,149.9,2.0,299.8
FIS_4536,09.09.2026,14:30,Kil Maskesi,297.9,1.0,297.9
FIS_4537,22.01.2026,12:32,Cola 1 LT,45.0,3.0,135.0
FIS_4537,22.01.2026,12:32,Kek,59.0,3.0,177.0
FIS_4537,22.01.2026,12:32,Cola 2.5 LT,55.0,1.0,55.0
FIS_4537,22.01.2026,12:32,Çay (500g),96.26,2.0,192.52
FIS_4538,25.04.2026,12:07,Biber Çarliston (kg),32.95,2.0,65.9
FIS_4538,25.04.2026,12:07,Limon Taze (kg),119.95,3.0,359.85
FIS_4538,25.04.2026,12:07,Salatalık (kg),22.13,1.0,22.13
FIS_4538,25.04.2026,12:07,Domates (kg),29.59,1.0,29.59
FIS_4538,25.04.2026,12:07,Şampuan,108.66,3.0,325.98
FIS_4539,23.11.2026,13:15,Bebe Şampuanı,149.9,1.0,149.9
FIS_4539,23.11.2026,13:15,Diş Macunu,45.35,2.0,90.7
FIS_4539,23.11.2026,13:15,Şampuan,75.23,3.0,225.69
FIS_4539,23.11.2026,13:15,Yüz Temizleme,79.99,1.0,79.99
FIS_4539,23.11.2026,13:15,Deodorant,199.9,1.0,199.9
FIS_4540,22.09.2026,13:54,Cola 1 LT,45.0,3.0,135.0
FIS_4540,22.09.2026,13:54,Cola 2.5 LT,55.0,1.0,55.0
FIS_4540,22.09.2026,13:54,Çay (500g),90.86,2.0,181.72
FIS_4540,22.09.2026,13:54,Su 0.5 LT,5.0,3.0,15.0
FIS_4540,22.09.2026,13:54,Kek,59.0,2.0,118.0
FIS_4541,23.04.2026,18:20,Deterjan (5kg),193.56,3.0,580.68
FIS_4541,23.04.2026,18:20,Deodorant,199.9,3.0,599.7
FIS_4541,23.04.2026,18:20,Diş Macunu,46.88,1.0,46.88
FIS_4541,23.04.2026,18:20,Şampuan,102.67,3.0,308.01
FIS_4541,23.04.2026,18:20,Plastik Poşet,1.0,1.0,1.0
FIS_4542,17.01.2026,19:02,Cola 1 LT,45.0,1.0,45.0
FIS_4542,17.01.2026,19:02,Kek,59.0,2.0,118.0
FIS_4542,17.01.2026,19:02,Çay (500g),94.04,3.0,282.12
FIS_4542,17.01.2026,19:02,Cola 2.5 LT,55.0,3.0,165.0
FIS_4543,09.09.2026,16:44,Ekmek,9.89,2.0,19.78
FIS_4543,09.09.2026,16:44,Yoğurt (2kg),63.47,2.0,126.94
FIS_4543,09.09.2026,16:44,Yumurta (15li),52.19,2.0,104.38
FIS_4543,09.09.2026,16:44,Çay (500g),91.51,2.0,183.02
FIS_4543,09.09.2026,16:44,Peynir (500g),112.75,2.0,225.5
FIS_4544,31.01.2026,19:16,Biber Çarliston (kg),32.95,1.0,32.95
FIS_4544,31.01.2026,19:16,Domates (kg),27.36,1.0,27.36
FIS_4544,31.01.2026,19:16,Limon Taze (kg),119.95,1.0,119.95
FIS_4544,31.01.2026,19:16,Elma (kg),34.5,3.0,103.5
FIS_4544,31.01.2026,19:16,Salatalık (kg),22.05,1.0,22.05
FIS_4545,26.08.2026,11:08,Deodorant,199.9,1.0,199.9
FIS_4545,26.08.2026,11:08,Plastik Poşet,1.0,1.0,1.0
FIS_4545,26.08.2026,11:08,Diş Macunu,45.03,1.0,45.03
FIS_4545,26.08.2026,11:08,Şampuan,110.39,2.0,220.78
FIS_4545,26.08.2026,11:08,Deterjan (5kg),187.34,3.0,562.02
FIS_4546,14.09.2026,22:37,Elma (kg),34.5,1.0,34.5
FIS_4546,14.09.2026,22:37,Biber Çarliston (kg),32.95,3.0,98.85
FIS_4546,14.09.2026,22:37,Limon Taze (kg),119.95,1.0,119.95
FIS_4546,14.09.2026,22:37,Domates (kg),28.29,2.0,56.58
FIS_4546,14.09.2026,22:37,Yumurta (15li),52.69,1.0,52.69
FIS_4547,12.02.2026,21:16,Diş Macunu,45.4,2.0,90.8
FIS_4547,12.02.2026,21:16,Deterjan (5kg),177.06,1.0,177.06
FIS_4547,12.02.2026,21:16,Plastik Poşet,1.0,2.0,2.0
FIS_4547,12.02.2026,21:16,Deodorant,199.9,3.0,599.7
FIS_4547,12.02.2026,21:16,Şampuan,112.34,2.0,224.68
FIS_4548,15.07.2026,20:43,Cola 1 LT,45.0,1.0,45.0
FIS_4548,15.07.2026,20:43,Kek,59.0,2.0,118.0
FIS_4548,15.07.2026,20:43,Çay (500g),92.72,3.0,278.16
FIS_4548,15.07.2026,20:43,Cola 2.5 LT,55.0,3.0,165.0
FIS_4548,15.07.2026,20:43,Su 0.5 LT,5.0,1.0,5.0
FIS_4548,15.07.2026,20:43,Bebe Şampuanı,149.9,1.0,149.9
FIS_4549,14.07.2026,08:31,Yoğurt (2kg),64.13,1.0,64.13
FIS_4549,14.07.2026,08:31,Çay (500g),91.98,3.0,275.94
FIS_4549,14.07.2026,08:31,Peynir (500g),112.85,1.0,112.85
FIS_4549,14.07.2026,08:31,Ekmek,12.42,2.0,24.84
FIS_4550,13.08.2026,18:15,Diş Macunu,43.3,2.0,86.6
FIS_4550,13.08.2026,18:15,Yüz Temizleme,79.99,3.0,239.97
FIS_4550,13.08.2026,18:15,Deodorant,199.9,3.0,599.7
FIS_4550,13.08.2026,18:15,Kil Maskesi,297.9,3.0,893.7
FIS_4550,13.08.2026,18:15,Şampuan,86.44,3.0,259.32
FIS_4550,13.08.2026,18:15,Cola 1 LT,45.0,3.0,135.0
FIS_4551,13.02.2026,16:17,Şeker (1kg),32.79,3.0,98.37
FIS_4551,13.02.2026,16:17,Süt (1L),32.94,1.0,32.94
FIS_4551,13.02.2026,16:17,Sıvı Yağ (1L),48.68,2.0,97.36
FIS_4551,13.02.2026,16:17,Makarna,16.3,3.0,48.9
FIS_4551,13.02.2026,16:17,Ekmek,13.18,3.0,39.54
FIS_4552,09.06.2026,08:11,Süt (1L),32.58,3.0,97.74
FIS_4552,09.06.2026,08:11,Çay (500g),92.25,3.0,276.75
FIS_4552,09.06.2026,08:11,Şeker (1kg),34.81,3.0,104.43
FIS_4552,09.06.2026,08:11,Sıvı Yağ (1L),47.72,3.0,143.16
FIS_4552,09.06.2026,08:11,Salatalık (kg),21.78,3.0,65.34
FIS_4553,16.01.2026,13:01,Şeker (1kg),35.29,3.0,105.87
FIS_4553,16.01.2026,13:01,Ekmek,13.2,1.0,13.2
FIS_4553,16.01.2026,13:01,Sıvı Yağ (1L),47.85,2.0,95.7
FIS_4553,16.01.2026,13:01,Çay (500g),98.71,2.0,197.42
FIS_4553,16.01.2026,13:01,Makarna,15.25,3.0,45.75
FIS_4554,26.12.2026,15:31,Kek,59.0,2.0,118.0
FIS_4554,26.12.2026,15:31,Çay (500g),94.27,1.0,94.27
FIS_4554,26.12.2026,15:31,Cola 2.5 LT,55.0,1.0,55.0
FIS_4554,26.12.2026,15:31,Su 0.5 LT,5.0,3.0,15.0
FIS_4554,26.12.2026,15:31,Cola 1 LT,45.0,1.0,45.0
FIS_4555,19.07.2026,12:34,Su 0.5 LT,5.0,3.0,15.0
FIS_4555,19.07.2026,12:34,Kek,59.0,3.0,177.0
FIS_4555,19.07.2026,12:34,Cola 2.5 LT,55.0,3.0,165.0
FIS_4555,19.07.2026,12:34,Cola 1 LT,45.0,1.0,45.0
FIS_4556,26.10.2026,09:08,Yumurta (15li),52.73,2.0,105.46
FIS_4556,26.10.2026,09:08,Ekmek,12.8,3.0,38.4
FIS_4556,26.10.2026,09:08,Çay (500g),94.34,1.0,94.34
FIS_4556,26.10.2026,09:08,Süt (1L),33.35,1.0,33.35
FIS_4557,21.10.2026,21:39,Süt (1L),31.44,1.0,31.44
FIS_4557,21.10.2026,21:39,Şeker (1kg),33.56,1.0,33.56
FIS_4557,21.10.2026,21:39,Sıvı Yağ (1L),49.5,2.0,99.0
FIS_4557,21.10.2026,21:39,Ekmek,10.42,3.0,31.26
FIS_4558,21.07.2026,20:03,Salatalık (kg),22.92,3.0,68.76
FIS_4558,21.07.2026,20:03,Tavuk Göğsü (kg),161.66,3.0,484.98
FIS_4558,21.07.2026,20:03,Domates (kg),28.69,3.0,86.07
FIS_4558,21.07.2026,20:03,Biber Dolmalık (kg),69.95,2.0,139.9
FIS_4559,17.05.2026,10:29,Salatalık (kg),21.99,2.0,43.98
FIS_4559,17.05.2026,10:29,Limon Taze (kg),119.95,2.0,239.9
FIS_4559,17.05.2026,10:29,Biber Çarliston (kg),32.95,2.0,65.9
FIS_4559,17.05.2026,10:29,Domates (kg),28.59,3.0,85.77
FIS_4559,17.05.2026,10:29,Elma (kg),34.5,3.0,103.5
FIS_4560,16.11.2026,13:53,Cola 2.5 LT,55.0,2.0,110.0
FIS_4560,16.11.2026,13:53,Su 0.5 LT,5.0,3.0,15.0
FIS_4560,16.11.2026,13:53,Kek,59.0,2.0,118.0
FIS_4560,16.11.2026,13:53,Cola 1 LT,45.0,3.0,135.0
FIS_4561,28.04.2026,10:54,Salatalık (kg),23.4,2.0,46.8
FIS_4561,28.04.2026,10:54,Tavuk Göğsü (kg),163.14,2.0,326.28
FIS_4561,28.04.2026,10:54,Domates (kg),27.95,2.0,55.9
FIS_4561,28.04.2026,10:54,Makarna,16.08,3.0,48.24
FIS_4561,28.04.2026,10:54,Biber Dolmalık (kg),69.95,1.0,69.95
FIS_4561,28.04.2026,10:54,Sıvı Yağ (1L),47.46,2.0,94.92
FIS_4562,22.06.2026,18:23,Peynir (500g),120.25,1.0,120.25
FIS_4562,22.06.2026,18:23,Süt (1L),32.08,1.0,32.08
FIS_4562,22.06.2026,18:23,Çay (500g),96.83,1.0,96.83
FIS_4562,22.06.2026,18:23,Ekmek,11.9,3.0,35.7
FIS_4563,24.03.2026,08:30,Şeker (1kg),35.35,2.0,70.7
FIS_4563,24.03.2026,08:30,Çay (500g),94.77,2.0,189.54
FIS_4563,24.03.2026,08:30,Makarna,15.25,3.0,45.75
FIS_4563,24.03.2026,08:30,Ekmek,10.46,3.0,31.38
FIS_4563,24.03.2026,08:30,Sıvı Yağ (1L),47.39,1.0,47.39
FIS_4563,24.03.2026,08:30,Süt (1L),33.55,2.0,67.1
FIS_4564,10.04.2026,19:50,Sıvı Yağ (1L),46.33,1.0,46.33
FIS_4564,10.04.2026,19:50,Makarna,15.56,2.0,31.12
FIS_4564,10.04.2026,19:50,Domates (kg),28.06,1.0,28.06
FIS_4564,10.04.2026,19:50,Salatalık (kg),21.56,1.0,21.56
FIS_4564,10.04.2026,19:50,Biber Dolmalık (kg),69.95,3.0,209.85
FIS_4564,10.04.2026,19:50,Tavuk Göğsü (kg),160.92,3.0,482.76
FIS_4564,10.04.2026,19:50,Deterjan (5kg),185.49,3.0,556.47
FIS_4565,08.12.2026,20:24,Süt (1L),31.34,1.0,31.34
FIS_4565,08.12.2026,20:24,Sıvı Yağ (1L),47.83,1.0,47.83
FIS_4565,08.12.2026,20:24,Ekmek,12.03,3.0,36.09
FIS_4565,08.12.2026,20:24,Çay (500g),92.14,3.0,276.42
FIS_4565,08.12.2026,20:24,Şeker (1kg),33.87,1.0,33.87
FIS_4566,07.12.2026,20:36,Deodorant,199.9,1.0,199.9
FIS_4566,07.12.2026,20:36,Şampuan,76.42,1.0,76.42
FIS_4566,07.12.2026,20:36,Deterjan (5kg),187.12,1.0,187.12
FIS_4566,07.12.2026,20:36,Plastik Poşet,1.0,2.0,2.0
FIS_4567,13.02.2026,19:19,Domates (kg),29.34,3.0,88.02
FIS_4567,13.02.2026,19:19,Salatalık (kg),21.47,1.0,21.47
FIS_4567,13.02.2026,19:19,Elma (kg),34.5,3.0,103.5
FIS_4567,13.02.2026,19:19,Biber Çarliston (kg),32.95,3.0,98.85
FIS_4567,13.02.2026,19:19,Limon Taze (kg),119.95,1.0,119.95
FIS_4568,30.03.2026,08:35,Kil Maskesi,297.9,1.0,297.9
FIS_4568,30.03.2026,08:35,Şampuan,77.68,1.0,77.68
FIS_4568,30.03.2026,08:35,Diş Macunu,43.09,2.0,86.18
FIS_4568,30.03.2026,08:35,Yüz Temizleme,79.99,3.0,239.97
FIS_4568,30.03.2026,08:35,Bebe Şampuanı,149.9,2.0,299.8
FIS_4568,30.03.2026,08:35,Deodorant,199.9,1.0,199.9
FIS_4568,30.03.2026,08:35,Elma (kg),34.5,2.0,69.0
FIS_4569,14.11.2026,08:12,Tavuk Göğsü (kg),171.28,2.0,342.56
FIS_4569,14.11.2026,08:12,Makarna,16.43,2.0,32.86
FIS_4569,14.11.2026,08:12,Biber Dolmalık (kg),69.95,1.0,69.95
FIS_4569,14.11.2026,08:12,Domates (kg),29.75,3.0,89.25
FIS_4570,24.05.2026,09:14,Çay (500g),95.08,2.0,190.16
FIS_4570,24.05.2026,09:14,Süt (1L),32.0,3.0,96.0
FIS_4570,24.05.2026,09:14,Yoğurt (2kg),65.28,1.0,65.28
FIS_4570,24.05.2026,09:14,Peynir (500g),116.03,3.0,348.09
FIS_4571,19.02.2026,12:21,Süt (1L),31.9,2.0,63.8
FIS_4571,19.02.2026,12:21,Çay (500g),91.53,1.0,91.53
FIS_4571,19.02.2026,12:21,Peynir (500g),115.05,2.0,230.1
FIS_4571,19.02.2026,12:21,Ekmek,9.99,1.0,9.99
FIS_4571,19.02.2026,12:21,Yoğurt (2kg),63.67,3.0,191.01
FIS_4572,10.03.2026,08:19,Çay (500g),99.09,2.0,198.18
FIS_4572,10.03.2026,08:19,Makarna,16.38,1.0,16.38
FIS_4572,10.03.2026,08:19,Şeker (1kg),32.72,2.0,65.44
FIS_4572,10.03.2026,08:19,Sıvı Yağ (1L),47.37,1.0,47.37
FIS_4572,10.03.2026,08:19,Yoğurt (2kg),67.74,3.0,203.22
FIS_4573,14.04.2026,21:36,Deodorant,199.9,3.0,599.7
FIS_4573,14.04.2026,21:36,Plastik Poşet,1.0,3.0,3.0
FIS_4573,14.04.2026,21:36,Şampuan,91.72,3.0,275.16
FIS_4573,14.04.2026,21:36,Diş Macunu,46.02,3.0,138.06
FIS_4574,04.07.2026,16:20,Çay (500g),98.94,2.0,197.88
FIS_4574,04.07.2026,16:20,Cola 1 LT,45.0,2.0,90.0
FIS_4574,04.07.2026,16:20,Su 0.5 LT,5.0,1.0,5.0
FIS_4574,04.07.2026,16:20,Kek,59.0,3.0,177.0
FIS_4574,04.07.2026,16:20,Cola 2.5 LT,55.0,3.0,165.0
FIS_4575,19.08.2026,16:39,Deodorant,199.9,1.0,199.9
FIS_4575,19.08.2026,16:39,Plastik Poşet,1.0,1.0,1.0
FIS_4575,19.08.2026,16:39,Deterjan (5kg),183.84,2.0,367.68
FIS_4575,19.08.2026,16:39,Diş Macunu,44.34,3.0,133.02
FIS_4576,02.11.2026,16:09,Deodorant,199.9,1.0,199.9
FIS_4576,02.11.2026,16:09,Deterjan (5kg),183.08,1.0,183.08
FIS_4576,02.11.2026,16:09,Şampuan,110.34,2.0,220.68
FIS_4576,02.11.2026,16:09,Diş Macunu,44.41,3.0,133.23
FIS_4576,02.11.2026,16:09,Çay (500g),91.99,2.0,183.98
FIS_4577,23.12.2026,22:37,Domates (kg),29.16,1.0,29.16
FIS_4577,23.12.2026,22:37,Biber Dolmalık (kg),69.95,2.0,139.9
FIS_4577,23.12.2026,22:37,Sıvı Yağ (1L),50.38,1.0,50.38
FIS_4577,23.12.2026,22:37,Tavuk Göğsü (kg),172.96,1.0,172.96
FIS_4578,08.05.2026,08:01,Biber Çarliston (kg),32.95,2.0,65.9
FIS_4578,08.05.2026,08:01,Elma (kg),34.5,1.0,34.5
FIS_4578,08.05.2026,08:01,Limon Taze (kg),119.95,3.0,359.85
FIS_4578,08.05.2026,08:01,Domates (kg),29.42,2.0,58.84
FIS_4578,08.05.2026,08:01,Salatalık (kg),23.41,3.0,70.23
FIS_4578,08.05.2026,08:01,Deodorant,199.9,3.0,599.7
FIS_4579,07.11.2026,08:44,Domates (kg),27.94,3.0,83.82
FIS_4579,07.11.2026,08:44,Salatalık (kg),21.82,3.0,65.46
FIS_4579,07.11.2026,08:44,Tavuk Göğsü (kg),165.23,2.0,330.46
FIS_4579,07.11.2026,08:44,Sıvı Yağ (1L),49.62,3.0,148.86
FIS_4580,17.05.2026,17:56,Kil Maskesi,297.9,2.0,595.8
FIS_4580,17.05.2026,17:56,Bebe Şampuanı,149.9,1.0,149.9
FIS_4580,17.05.2026,17:56,Şampuan,111.79,1.0,111.79
FIS_4580,17.05.2026,17:56,Deodorant,199.9,2.0,399.8
FIS_4580,17.05.2026,17:56,Diş Macunu,42.89,1.0,42.89
FIS_4580,17.05.2026,17:56,Yüz Temizleme,79.99,3.0,239.97
FIS_4581,30.10.2026,09:46,Sıvı Yağ (1L),50.07,2.0,100.14
FIS_4581,30.10.2026,09:46,Şeker (1kg),33.16,3.0,99.48
FIS_4581,30.10.2026,09:46,Makarna,15.69,1.0,15.69
FIS_4581,30.10.2026,09:46,Ekmek,13.44,2.0,26.88
FIS_4581,30.10.2026,09:46,Süt (1L),33.77,3.0,101.31
FIS_4581,30.10.2026,09:46,Çay (500g),94.84,2.0,189.68
FIS_4581,30.10.2026,09:46,Bebe Şampuanı,149.9,3.0,449.7
FIS_4582,16.06.2026,12:23,Sıvı Yağ (1L),49.59,2.0,99.18
FIS_4582,16.06.2026,12:23,Çay (500g),90.97,1.0,90.97
FIS_4582,16.06.2026,12:23,Ekmek,11.71,2.0,23.42
FIS_4582,16.06.2026,12:23,Şeker (1kg),35.29,3.0,105.87
FIS_4582,16.06.2026,12:23,Makarna,15.07,1.0,15.07
FIS_4582,16.06.2026,12:23,Süt (1L),33.25,3.0,99.75
FIS_4583,15.09.2026,16:30,Domates (kg),28.5,3.0,85.5
FIS_4583,15.09.2026,16:30,Salatalık (kg),23.23,3.0,69.69
FIS_4583,15.09.2026,16:30,Biber Dolmalık (kg),69.95,1.0,69.95
FIS_4583,15.09.2026,16:30,Tavuk Göğsü (kg),158.81,3.0,476.43
FIS_4583,15.09.2026,16:30,Makarna,16.2,1.0,16.2
FIS_4583,15.09.2026,16:30,Diş Macunu,44.8,1.0,44.8
FIS_4584,19.04.2026,21:08,Şampuan,116.28,2.0,232.56
FIS_4584,19.04.2026,21:08,Deodorant,199.9,3.0,599.7
FIS_4584,19.04.2026,21:08,Yüz Temizleme,79.99,3.0,239.97
FIS_4584,19.04.2026,21:08,Kil Maskesi,297.9,3.0,893.7
FIS_4584,19.04.2026,21:08,Diş Macunu,45.85,2.0,91.7
FIS_4584,19.04.2026,21:08,Bebe Şampuanı,149.9,2.0,299.8
FIS_4585,02.08.2026,16:37,Makarna,16.12,2.0,32.24
FIS_4585,02.08.2026,16:37,Ekmek,11.49,2.0,22.98
FIS_4585,02.08.2026,16:37,Çay (500g),94.86,3.0,284.58
FIS_4585,02.08.2026,16:37,Süt (1L),33.94,2.0,67.88
FIS_4586,10.07.2026,21:30,Kil Maskesi,297.9,3.0,893.7
FIS_4586,10.07.2026,21:30,Bebe Şampuanı,149.9,2.0,299.8
FIS_4586,10.07.2026,21:30,Deodorant,199.9,1.0,199.9
FIS_4586,10.07.2026,21:30,Diş Macunu,45.36,2.0,90.72
FIS_4586,10.07.2026,21:30,Yüz Temizleme,79.99,2.0,159.98
FIS_4586,10.07.2026,21:30,Şampuan,116.42,1.0,116.42
FIS_4587,09.09.2026,13:03,Plastik Poşet,1.0,2.0,2.0
FIS_4587,09.09.2026,13:03,Şampuan,78.19,1.0,78.19
FIS_4587,09.09.2026,13:03,Diş Macunu,44.67,3.0,134.01
FIS_4587,09.09.2026,13:03,Deodorant,199.9,2.0,399.8
FIS_4587,09.09.2026,13:03,Deterjan (5kg),188.58,2.0,377.16
FIS_4588,07.11.2026,10:38,Sıvı Yağ (1L),46.8,2.0,93.6
FIS_4588,07.11.2026,10:38,Süt (1L),33.68,2.0,67.36
FIS_4588,07.11.2026,10:38,Çay (500g),92.21,1.0,92.21
FIS_4588,07.11.2026,10:38,Şeker (1kg),33.18,1.0,33.18
FIS_4588,07.11.2026,10:38,Makarna,15.37,1.0,15.37
FIS_4588,07.11.2026,10:38,Ekmek,10.39,3.0,31.17
FIS_4589,23.12.2026,11:36,Süt (1L),33.49,3.0,100.47
FIS_4589,23.12.2026,11:36,Ekmek,10.7,1.0,10.7
FIS_4589,23.12.2026,11:36,Makarna,15.59,2.0,31.18
FIS_4589,23.12.2026,11:36,Sıvı Yağ (1L),48.52,2.0,97.04
FIS_4590,25.06.2026,16:31,Şampuan,80.68,3.0,242.04
FIS_4590,25.06.2026,16:31,Diş Macunu,44.79,2.0,89.58
FIS_4590,25.06.2026,16:31,Plastik Poşet,1.0,3.0,3.0
FIS_4590,25.06.2026,16:31,Deterjan (5kg),193.31,1.0,193.31
FIS_4590,25.06.2026,16:31,Deodorant,199.9,2.0,399.8
FIS_4590,25.06.2026,16:31,Yumurta (15li),56.38,3.0,169.14
FIS_4591,13.04.2026,18:32,Cola 2.5 LT,55.0,2.0,110.0
FIS_4591,13.04.2026,18:32,Kek,59.0,1.0,59.0
FIS_4591,13.04.2026,18:32,Çay (500g),96.37,1.0,96.37
FIS_4591,13.04.2026,18:32,Su 0.5 LT,5.0,3.0,15.0
FIS_4592,31.12.2026,20:36,Diş Macunu,44.47,1.0,44.47
FIS_4592,31.12.2026,20:36,Deterjan (5kg),188.58,3.0,565.74
FIS_4592,31.12.2026,20:36,Şampuan,101.23,3.0,303.69
FIS_4592,31.12.2026,20:36,Deodorant,199.9,3.0,599.7
FIS_4592,31.12.2026,20:36,Plastik Poşet,1.0,2.0,2.0
FIS_4593,06.08.2026,22:38,Deodorant,199.9,3.0,599.7
FIS_4593,06.08.2026,22:38,Şampuan,85.11,2.0,170.22
FIS_4593,06.08.2026,22:38,Diş Macunu,45.09,2.0,90.18
FIS_4593,06.08.2026,22:38,Deterjan (5kg),191.19,2.0,382.38
FIS_4593,06.08.2026,22:38,Plastik Poşet,1.0,2.0,2.0
FIS_4594,08.04.2026,14:30,Domates (kg),28.6,1.0,28.6
FIS_4594,08.04.2026,14:30,Limon Taze (kg),119.95,3.0,359.85
FIS_4594,08.04.2026,14:30,Biber Çarliston (kg),32.95,3.0,98.85
FIS_4594,08.04.2026,14:30,Salatalık (kg),23.03,1.0,23.03
FIS_4595,05.01.2026,11:34,Diş Macunu,45.3,3.0,135.9
FIS_4595,05.01.2026,11:34,Şampuan,84.63,2.0,169.26
FIS_4595,05.01.2026,11:34,Bebe Şampuanı,149.9,2.0,299.8
FIS_4595,05.01.2026,11:34,Yüz Temizleme,79.99,2.0,159.98
FIS_4595,05.01.2026,11:34,Kil Maskesi,297.9,3.0,893.7
FIS_4596,19.05.2026,14:44,Tavuk Göğsü (kg),160.35,1.0,160.35
FIS_4596,19.05.2026,14:44,Biber Dolmalık (kg),69.95,3.0,209.85
FIS_4596,19.05.2026,14:44,Sıvı Yağ (1L),47.81,3.0,143.43
FIS_4596,19.05.2026,14:44,Domates (kg),27.11,1.0,27.11
FIS_4597,09.03.2026,14:08,Plastik Poşet,1.0,3.0,3.0
FIS_4597,09.03.2026,14:08,Deterjan (5kg),189.74,2.0,379.48
FIS_4597,09.03.2026,14:08,Şampuan,74.47,2.0,148.94
FIS_4597,09.03.2026,14:08,Deodorant,199.9,1.0,199.9
FIS_4597,09.03.2026,14:08,Kil Maskesi,297.9,2.0,595.8
FIS_4598,28.09.2026,12:12,Ekmek,12.86,1.0,12.86
FIS_4598,28.09.2026,12:12,Sıvı Yağ (1L),49.65,1.0,49.65
FIS_4598,28.09.2026,12:12,Şeker (1kg),35.49,3.0,106.47
FIS_4598,28.09.2026,12:12,Süt (1L),31.16,3.0,93.48
FIS_4598,28.09.2026,12:12,Çay (500g),96.21,3.0,288.63
FIS_4599,08.11.2026,20:29,Yumurta (15li),52.47,1.0,52.47
FIS_4599,08.11.2026,20:29,Yoğurt (2kg),67.6,1.0,67.6
FIS_4599,08.11.2026,20:29,Ekmek,11.62,1.0,11.62
FIS_4599,08.11.2026,20:29,Peynir (500g),116.96,1.0,116.96
FIS_4600,01.05.2026,18:21,Diş Macunu,44.28,2.0,88.56
FIS_4600,01.05.2026,18:21,Bebe Şampuanı,149.9,2.0,299.8
FIS_4600,01.05.2026,18:21,Kil Maskesi,297.9,2.0,595.8
FIS_4600,01.05.2026,18:21,Yüz Temizleme,79.99,1.0,79.99
FIS_4600,01.05.2026,18:21,Şampuan,87.73,2.0,175.46
FIS_4600,01.05.2026,18:21,Deodorant,199.9,1.0,199.9
FIS_4601,28.05.2026,15:06,Sıvı Yağ (1L),49.94,3.0,149.82
FIS_4601,28.05.2026,15:06,Biber Dolmalık (kg),69.95,1.0,69.95
FIS_4601,28.05.2026,15:06,Tavuk Göğsü (kg),166.73,1.0,166.73
FIS_4601,28.05.2026,15:06,Domates (kg),28.13,1.0,28.13
FIS_4601,28.05.2026,15:06,Makarna,16.27,1.0,16.27
FIS_4602,27.06.2026,08:59,Diş Macunu,43.45,3.0,130.35
FIS_4602,27.06.2026,08:59,Deodorant,199.9,3.0,599.7
FIS_4602,27.06.2026,08:59,Bebe Şampuanı,149.9,3.0,449.7
FIS_4602,27.06.2026,08:59,Yüz Temizleme,79.99,3.0,239.97
FIS_4602,27.06.2026,08:59,Çay (500g),92.02,2.0,184.04
FIS_4603,17.08.2026,15:12,Makarna,15.14,3.0,45.42
FIS_4603,17.08.2026,15:12,Tavuk Göğsü (kg),158.6,2.0,317.2
FIS_4603,17.08.2026,15:12,Domates (kg),27.74,1.0,27.74
FIS_4603,17.08.2026,15:12,Salatalık (kg),22.65,2.0,45.3
FIS_4603,17.08.2026,15:12,Biber Dolmalık (kg),69.95,3.0,209.85
FIS_4603,17.08.2026,15:12,Sıvı Yağ (1L),50.52,2.0,101.04
FIS_4604,03.04.2026,09:50,Kil Maskesi,297.9,3.0,893.7
FIS_4604,03.04.2026,09:50,Diş Macunu,45.96,2.0,91.92
FIS_4604,03.04.2026,09:50,Yüz Temizleme,79.99,1.0,79.99
FIS_4604,03.04.2026,09:50,Şampuan,71.47,2.0,142.94
FIS_4605,09.05.2026,11:25,Deodorant,199.9,2.0,399.8
FIS_4605,09.05.2026,11:25,Diş Macunu,45.37,2.0,90.74
FIS_4605,09.05.2026,11:25,Şampuan,78.46,3.0,235.38
FIS_4605,09.05.2026,11:25,Plastik Poşet,1.0,3.0,3.0
FIS_4605,09.05.2026,11:25,Biber Dolmalık (kg),69.95,1.0,69.95
FIS_4606,26.08.2026,18:09,Sıvı Yağ (1L),46.35,3.0,139.05
FIS_4606,26.08.2026,18:09,Makarna,15.76,2.0,31.52
FIS_4606,26.08.2026,18:09,Domates (kg),29.64,2.0,59.28
FIS_4606,26.08.2026,18:09,Biber Dolmalık (kg),69.95,1.0,69.95
FIS_4606,26.08.2026,18:09,Tavuk Göğsü (kg),157.73,1.0,157.73
FIS_4607,07.04.2026,16:48,Deterjan (5kg),188.09,1.0,188.09
FIS_4607,07.04.2026,16:48,Plastik Poşet,1.0,1.0,1.0
FIS_4607,07.04.2026,16:48,Deodorant,199.9,3.0,599.7
FIS_4607,07.04.2026,16:48,Diş Macunu,46.58,3.0,139.74
FIS_4608,01.09.2026,22:28,Deodorant,199.9,2.0,399.8
FIS_4608,01.09.2026,22:28,Diş Macunu,47.04,3.0,141.12
FIS_4608,01.09.2026,22:28,Plastik Poşet,1.0,2.0,2.0
FIS_4608,01.09.2026,22:28,Şampuan,84.64,2.0,169.28
FIS_4608,01.09.2026,22:28,Deterjan (5kg),187.59,1.0,187.59
FIS_4609,05.04.2026,19:18,Şeker (1kg),33.47,2.0,66.94
FIS_4609,05.04.2026,19:18,Sıvı Yağ (1L),47.62,1.0,47.62
FIS_4609,05.04.2026,19:18,Çay (500g),93.23,1.0,93.23
FIS_4609,05.04.2026,19:18,Ekmek,13.18,3.0,39.54
FIS_4609,05.04.2026,19:18,Süt (1L),32.13,3.0,96.39
FIS_4609,05.04.2026,19:18,Cola 2.5 LT,55.0,2.0,110.0
FIS_4610,22.07.2026,17:43,Çay (500g),90.48,3.0,271.44
FIS_4610,22.07.2026,17:43,Kek,59.0,1.0,59.0
FIS_4610,22.07.2026,17:43,Su 0.5 LT,5.0,2.0,10.0
FIS_4610,22.07.2026,17:43,Cola 2.5 LT,55.0,1.0,55.0
FIS_4610,22.07.2026,17:43,Cola 1 LT,45.0,2.0,90.0
FIS_4611,20.05.2026,16:16,Şampuan,77.51,1.0,77.51
FIS_4611,20.05.2026,16:16,Bebe Şampuanı,149.9,2.0,299.8
FIS_4611,20.05.2026,16:16,Diş Macunu,44.32,3.0,132.96
FIS_4611,20.05.2026,16:16,Yüz Temizleme,79.99,3.0,239.97
FIS_4612,12.04.2026,15:41,Sıvı Yağ (1L),50.59,2.0,101.18
FIS_4612,12.04.2026,15:41,Biber Dolmalık (kg),69.95,1.0,69.95
FIS_4612,12.04.2026,15:41,Makarna,15.94,2.0,31.88
FIS_4612,12.04.2026,15:41,Tavuk Göğsü (kg),157.57,1.0,157.57
FIS_4612,12.04.2026,15:41,Şampuan,82.03,2.0,164.06
FIS_4613,21.03.2026,10:37,Domates (kg),27.63,3.0,82.89
FIS_4613,21.03.2026,10:37,Limon Taze (kg),119.95,1.0,119.95
FIS_4613,21.03.2026,10:37,Elma (kg),34.5,3.0,103.5
FIS_4613,21.03.2026,10:37,Biber Çarliston (kg),32.95,1.0,32.95
FIS_4613,21.03.2026,10:37,Süt (1L),33.22,3.0,99.66
FIS_4614,08.12.2026,22:19,Salatalık (kg),22.87,2.0,45.74
FIS_4614,08.12.2026,22:19,Elma (kg),34.5,1.0,34.5
FIS_4614,08.12.2026,22:19,Domates (kg),29.64,2.0,59.28
FIS_4614,08.12.2026,22:19,Limon Taze (kg),119.95,1.0,119.95
FIS_4614,08.12.2026,22:19,Biber Çarliston (kg),32.95,3.0,98.85
FIS_4615,31.05.2026,20:31,Çay (500g),99.33,2.0,198.66
FIS_4615,31.05.2026,20:31,Cola 1 LT,45.0,3.0,135.0
FIS_4615,31.05.2026,20:31,Su 0.5 LT,5.0,2.0,10.0
FIS_4615,31.05.2026,20:31,Cola 2.5 LT,55.0,1.0,55.0
FIS_4615,31.05.2026,20:31,Kek,59.0,3.0,177.0
FIS_4616,21.11.2026,12:13,Limon Taze (kg),119.95,1.0,119.95
FIS_4616,21.11.2026,12:13,Salatalık (kg),22.14,3.0,66.42
FIS_4616,21.11.2026,12:13,Elma (kg),34.5,3.0,103.5
FIS_4616,21.11.2026,12:13,Biber Çarliston (kg),32.95,1.0,32.95
FIS_4616,21.11.2026,12:13,Domates (kg),27.84,3.0,83.52
FIS_4617,16.03.2026,11:51,Şeker (1kg),35.42,3.0,106.26
FIS_4617,16.03.2026,11:51,Sıvı Yağ (1L),49.02,1.0,49.02
FIS_4617,16.03.2026,11:51,Süt (1L),32.47,1.0,32.47
FIS_4617,16.03.2026,11:51,Makarna,16.11,2.0,32.22
FIS_4617,16.03.2026,11:51,Deodorant,199.9,1.0,199.9
FIS_4618,11.12.2026,18:15,Deodorant,199.9,2.0,399.8
FIS_4618,11.12.2026,18:15,Plastik Poşet,1.0,1.0,1.0
FIS_4618,11.12.2026,18:15,Şampuan,119.04,3.0,357.12
FIS_4618,11.12.2026,18:15,Deterjan (5kg),183.2,3.0,549.6
FIS_4618,11.12.2026,18:15,Diş Macunu,46.37,2.0,92.74
FIS_4619,24.09.2026,19:33,Kek,59.0,3.0,177.0
FIS_4619,24.09.2026,19:33,Çay (500g),98.92,3.0,296.76
FIS_4619,24.09.2026,19:33,Su 0.5 LT,5.0,3.0,15.0
FIS_4619,24.09.2026,19:33,Cola 2.5 LT,55.0,3.0,165.0
FIS_4620,07.08.2026,17:45,Deterjan (5kg),180.16,3.0,540.48
FIS_4620,07.08.2026,17:45,Şampuan,82.75,1.0,82.75
FIS_4620,07.08.2026,17:45,Diş Macunu,45.17,3.0,135.51
FIS_4620,07.08.2026,17:45,Deodorant,199.9,2.0,399.8
FIS_4620,07.08.2026,17:45,Plastik Poşet,1.0,1.0,1.0
FIS_4620,07.08.2026,17:45,Limon Taze (kg),119.95,2.0,239.9
FIS_4621,27.10.2026,09:51,Domates (kg),27.13,1.0,27.13
FIS_4621,27.10.2026,09:51,Sıvı Yağ (1L),46.5,1.0,46.5
FIS_4621,27.10.2026,09:51,Makarna,15.12,2.0,30.24
FIS_4621,27.10.2026,09:51,Salatalık (kg),21.8,1.0,21.8
FIS_4621,27.10.2026,09:51,Tavuk Göğsü (kg),167.05,1.0,167.05
FIS_4621,27.10.2026,09:51,Biber Dolmalık (kg),69.95,2.0,139.9
FIS_4621,27.10.2026,09:51,Diş Macunu,43.43,1.0,43.43
FIS_4622,10.04.2026,11:52,Çay (500g),91.98,1.0,91.98
FIS_4622,10.04.2026,11:52,Süt (1L),32.5,1.0,32.5
FIS_4622,10.04.2026,11:52,Ekmek,10.61,3.0,31.83
FIS_4622,10.04.2026,11:52,Makarna,15.9,2.0,31.8
FIS_4622,10.04.2026,11:52,Sıvı Yağ (1L),48.44,1.0,48.44
FIS_4623,27.02.2026,10:39,Şampuan,86.88,3.0,260.64
FIS_4623,27.02.2026,10:39,Deterjan (5kg),188.67,1.0,188.67
FIS_4623,27.02.2026,10:39,Diş Macunu,42.78,1.0,42.78
FIS_4623,27.02.2026,10:39,Plastik Poşet,1.0,3.0,3.0
FIS_4624,25.10.2026,18:48,Kil Maskesi,297.9,2.0,595.8
FIS_4624,25.10.2026,18:48,Bebe Şampuanı,149.9,3.0,449.7
FIS_4624,25.10.2026,18:48,Deodorant,199.9,1.0,199.9
FIS_4624,25.10.2026,18:48,Şampuan,109.48,3.0,328.44
FIS_4625,04.09.2026,09:23,Yumurta (15li),56.07,3.0,168.21
FIS_4625,04.09.2026,09:23,Çay (500g),95.41,1.0,95.41
FIS_4625,04.09.2026,09:23,Yoğurt (2kg),62.69,1.0,62.69
FIS_4625,04.09.2026,09:23,Peynir (500g),115.41,1.0,115.41
FIS_4625,04.09.2026,09:23,Ekmek,13.58,2.0,27.16
FIS_4625,04.09.2026,09:23,Şampuan,73.87,3.0,221.61
FIS_4626,02.05.2026,18:46,Şampuan,79.45,2.0,158.9
FIS_4626,02.05.2026,18:46,Yüz Temizleme,79.99,1.0,79.99
FIS_4626,02.05.2026,18:46,Diş Macunu,42.86,3.0,128.58
FIS_4626,02.05.2026,18:46,Kil Maskesi,297.9,1.0,297.9
FIS_4626,02.05.2026,18:46,Bebe Şampuanı,149.9,3.0,449.7
FIS_4626,02.05.2026,18:46,Deodorant,199.9,1.0,199.9
FIS_4627,13.03.2026,18:47,Süt (1L),33.75,1.0,33.75
FIS_4627,13.03.2026,18:47,Sıvı Yağ (1L),47.18,1.0,47.18
FIS_4627,13.03.2026,18:47,Makarna,15.65,3.0,46.95
FIS_4627,13.03.2026,18:47,Ekmek,11.07,2.0,22.14
FIS_4627,13.03.2026,18:47,Çay (500g),91.88,3.0,275.64
FIS_4628,21.04.2026,10:56,Cola 1 LT,45.0,2.0,90.0
FIS_4628,21.04.2026,10:56,Çay (500g),99.39,2.0,198.78
FIS_4628,21.04.2026,10:56,Kek,59.0,3.0,177.0
FIS_4628,21.04.2026,10:56,Su 0.5 LT,5.0,3.0,15.0
FIS_4628,21.04.2026,10:56,Cola 2.5 LT,55.0,3.0,165.0
FIS_4629,04.01.2026,10:20,Peynir (500g),111.99,1.0,111.99
FIS_4629,04.01.2026,10:20,Süt (1L),31.52,1.0,31.52
FIS_4629,04.01.2026,10:20,Çay (500g),95.99,2.0,191.98
FIS_4629,04.01.2026,10:20,Yoğurt (2kg),62.37,3.0,187.11
FIS_4629,04.01.2026,10:20,Ekmek,13.14,2.0,26.28
FIS_4630,17.04.2026,18:54,Yoğurt (2kg),63.62,1.0,63.62
FIS_4630,17.04.2026,18:54,Ekmek,9.79,2.0,19.58
FIS_4630,17.04.2026,18:54,Yumurta (15li),51.56,2.0,103.12
FIS_4630,17.04.2026,18:54,Süt (1L),33.47,1.0,33.47
FIS_4630,17.04.2026,18:54,Çay (500g),95.19,3.0,285.57
FIS_4631,13.06.2026,10:35,Deodorant,199.9,3.0,599.7
FIS_4631,13.06.2026,10:35,Plastik Poşet,1.0,3.0,3.0
FIS_4631,13.06.2026,10:35,Deterjan (5kg),176.16,3.0,528.48
FIS_4631,13.06.2026,10:35,Diş Macunu,45.98,1.0,45.98
FIS_4631,13.06.2026,10:35,Şampuan,102.97,2.0,205.94
FIS_4632,20.05.2026,18:18,Şeker (1kg),34.02,1.0,34.02
FIS_4632,20.05.2026,18:18,Makarna,15.66,2.0,31.32
FIS_4632,20.05.2026,18:18,Süt (1L),32.99,2.0,65.98
FIS_4632,20.05.2026,18:18,Sıvı Yağ (1L),47.29,3.0,141.87
FIS_4632,20.05.2026,18:18,Ekmek,10.14,1.0,10.14
FIS_4633,17.10.2026,08:07,Makarna,16.26,2.0,32.52
FIS_4633,17.10.2026,08:07,Süt (1L),31.08,1.0,31.08
FIS_4633,17.10.2026,08:07,Çay (500g),98.14,3.0,294.42
FIS_4633,17.10.2026,08:07,Ekmek,9.66,3.0,28.98
FIS_4633,17.10.2026,08:07,Sıvı Yağ (1L),48.98,2.0,97.96
FIS_4633,17.10.2026,08:07,Şeker (1kg),32.47,2.0,64.94
FIS_4633,17.10.2026,08:07,Tavuk Göğsü (kg),157.49,2.0,314.98
FIS_4634,02.02.2026,09:43,Su 0.5 LT,5.0,2.0,10.0
FIS_4634,02.02.2026,09:43,Cola 1 LT,45.0,3.0,135.0
FIS_4634,02.02.2026,09:43,Kek,59.0,1.0,59.0
FIS_4634,02.02.2026,09:43,Çay (500g),96.13,1.0,96.13
FIS_4634,02.02.2026,09:43,Cola 2.5 LT,55.0,2.0,110.0
FIS_4635,29.01.2026,15:47,Şampuan,103.32,1.0,103.32
FIS_4635,29.01.2026,15:47,Deodorant,199.9,1.0,199.9
FIS_4635,29.01.2026,15:47,Yüz Temizleme,79.99,2.0,159.98
FIS_4635,29.01.2026,15:47,Kil Maskesi,297.9,2.0,595.8
FIS_4635,29.01.2026,15:47,Bebe Şampuanı,149.9,2.0,299.8
FIS_4635,29.01.2026,15:47,Diş Macunu,46.29,2.0,92.58
FIS_4636,26.08.2026,15:26,Yumurta (15li),52.21,1.0,52.21
FIS_4636,26.08.2026,15:26,Peynir (500g),114.46,2.0,228.92
FIS_4636,26.08.2026,15:26,Yoğurt (2kg),63.94,2.0,127.88
FIS_4636,26.08.2026,15:26,Çay (500g),98.32,2.0,196.64
FIS_4636,26.08.2026,15:26,Süt (1L),33.36,1.0,33.36
FIS_4636,26.08.2026,15:26,Ekmek,10.1,1.0,10.1
FIS_4637,07.12.2026,11:35,Yoğurt (2kg),62.87,2.0,125.74
FIS_4637,07.12.2026,11:35,Yumurta (15li),54.82,2.0,109.64
FIS_4637,07.12.2026,11:35,Peynir (500g),119.16,3.0,357.48
FIS_4637,07.12.2026,11:35,Çay (500g),91.72,3.0,275.16
FIS_4637,07.12.2026,11:35,Süt (1L),33.85,3.0,101.55
FIS_4638,29.10.2026,18:44,Salatalık (kg),22.76,1.0,22.76
FIS_4638,29.10.2026,18:44,Makarna,15.31,3.0,45.93
FIS_4638,29.10.2026,18:44,Sıvı Yağ (1L),47.75,2.0,95.5
FIS_4638,29.10.2026,18:44,Tavuk Göğsü (kg),171.37,3.0,514.11
FIS_4638,29.10.2026,18:44,Domates (kg),26.65,3.0,79.95
FIS_4638,29.10.2026,18:44,Biber Dolmalık (kg),69.95,1.0,69.95
FIS_4638,29.10.2026,18:44,Cola 2.5 LT,55.0,3.0,165.0
FIS_4639,05.05.2026,17:32,Cola 2.5 LT,55.0,3.0,165.0
FIS_4639,05.05.2026,17:32,Kek,59.0,3.0,177.0
FIS_4639,05.05.2026,17:32,Çay (500g),97.3,3.0,291.9
FIS_4639,05.05.2026,17:32,Su 0.5 LT,5.0,3.0,15.0
FIS_4639,05.05.2026,17:32,Cola 1 LT,45.0,1.0,45.0
FIS_4639,05.05.2026,17:32,Kil Maskesi,297.9,3.0,893.7
FIS_4640,02.08.2026,18:29,Cola 2.5 LT,55.0,1.0,55.0
FIS_4640,02.08.2026,18:29,Su 0.5 LT,5.0,1.0,5.0
FIS_4640,02.08.2026,18:29,Cola 1 LT,45.0,3.0,135.0
FIS_4640,02.08.2026,18:29,Çay (500g),91.81,1.0,91.81
FIS_4641,30.07.2026,14:12,Tavuk Göğsü (kg),160.98,3.0,482.94
FIS_4641,30.07.2026,14:12,Biber Dolmalık (kg),69.95,1.0,69.95
FIS_4641,30.07.2026,14:12,Salatalık (kg),23.53,2.0,47.06
FIS_4641,30.07.2026,14:12,Sıvı Yağ (1L),47.14,1.0,47.14
FIS_4641,30.07.2026,14:12,Makarna,16.22,3.0,48.66
FIS_4641,30.07.2026,14:12,Cola 2.5 LT,55.0,1.0,55.0
FIS_4642,22.04.2026,11:23,Kek,59.0,3.0,177.0
FIS_4642,22.04.2026,11:23,Çay (500g),98.99,1.0,98.99
FIS_4642,22.04.2026,11:23,Cola 2.5 LT,55.0,2.0,110.0
FIS_4642,22.04.2026,11:23,Su 0.5 LT,5.0,1.0,5.0
FIS_4642,22.04.2026,11:23,Şampuan,75.06,2.0,150.12
FIS_4643,23.06.2026,12:56,Elma (kg),34.5,3.0,103.5
FIS_4643,23.06.2026,12:56,Limon Taze (kg),119.95,2.0,239.9
FIS_4643,23.06.2026,12:56,Salatalık (kg),21.8,3.0,65.4
FIS_4643,23.06.2026,12:56,Biber Çarliston (kg),32.95,2.0,65.9
FIS_4643,23.06.2026,12:56,Domates (kg),27.38,1.0,27.38
FIS_4644,07.07.2026,09:10,Domates (kg),27.17,2.0,54.34
FIS_4644,07.07.2026,09:10,Biber Çarliston (kg),32.95,2.0,65.9
FIS_4644,07.07.2026,09:10,Salatalık (kg),21.8,3.0,65.4
FIS_4644,07.07.2026,09:10,Elma (kg),34.5,2.0,69.0
FIS_4645,30.03.2026,12:28,Deodorant,199.9,1.0,199.9
FIS_4645,30.03.2026,12:28,Diş Macunu,44.35,1.0,44.35
FIS_4645,30.03.2026,12:28,Kil Maskesi,297.9,2.0,595.8
FIS_4645,30.03.2026,12:28,Yüz Temizleme,79.99,2.0,159.98
FIS_4646,08.07.2026,18:04,Süt (1L),31.53,2.0,63.06
FIS_4646,08.07.2026,18:04,Şeker (1kg),34.82,1.0,34.82
FIS_4646,08.07.2026,18:04,Sıvı Yağ (1L),46.25,3.0,138.75
FIS_4646,08.07.2026,18:04,Makarna,15.11,2.0,30.22
FIS_4646,08.07.2026,18:04,Ekmek,11.33,2.0,22.66
FIS_4646,08.07.2026,18:04,Çay (500g),98.63,1.0,98.63
FIS_4647,02.09.2026,16:40,Diş Macunu,45.58,2.0,91.16
FIS_4647,02.09.2026,16:40,Deodorant,199.9,1.0,199.9
FIS_4647,02.09.2026,16:40,Bebe Şampuanı,149.9,3.0,449.7
FIS_4647,02.09.2026,16:40,Yüz Temizleme,79.99,2.0,159.98
FIS_4647,02.09.2026,16:40,Şampuan,76.85,1.0,76.85
FIS_4648,13.07.2026,20:55,Salatalık (kg),23.14,3.0,69.42
FIS_4648,13.07.2026,20:55,Biber Çarliston (kg),32.95,3.0,98.85
FIS_4648,13.07.2026,20:55,Limon Taze (kg),119.95,3.0,359.85
FIS_4648,13.07.2026,20:55,Domates (kg),26.72,2.0,53.44
FIS_4648,13.07.2026,20:55,Elma (kg),34.5,1.0,34.5
FIS_4649,17.05.2026,15:05,Deterjan (5kg),177.5,1.0,177.5
FIS_4649,17.05.2026,15:05,Plastik Poşet,1.0,2.0,2.0
FIS_4649,17.05.2026,15:05,Deodorant,199.9,1.0,199.9
FIS_4649,17.05.2026,15:05,Şampuan,115.63,2.0,231.26
FIS_4649,17.05.2026,15:05,Diş Macunu,43.48,3.0,130.44
FIS_4650,05.10.2026,14:50,Süt (1L),31.81,3.0,95.43
FIS_4650,05.10.2026,14:50,Çay (500g),96.01,2.0,192.02
FIS_4650,05.10.2026,14:50,Ekmek,10.15,1.0,10.15
FIS_4650,05.10.2026,14:50,Sıvı Yağ (1L),50.19,3.0,150.57
FIS_4650,05.10.2026,14:50,Şeker (1kg),33.68,2.0,67.36
FIS_4650,05.10.2026,14:50,Makarna,15.93,3.0,47.79
FIS_4651,20.08.2026,16:56,Deterjan (5kg),178.5,2.0,357.0
FIS_4651,20.08.2026,16:56,Plastik Poşet,1.0,2.0,2.0
FIS_4651,20.08.2026,16:56,Diş Macunu,43.74,2.0,87.48
FIS_4651,20.08.2026,16:56,Deodorant,199.9,3.0,599.7
FIS_4652,01.10.2026,22:27,Yumurta (15li),53.1,2.0,106.2
FIS_4652,01.10.2026,22:27,Süt (1L),33.17,1.0,33.17
FIS_4652,01.10.2026,22:27,Yoğurt (2kg),67.53,2.0,135.06
FIS_4652,01.10.2026,22:27,Ekmek,12.67,3.0,38.01
FIS_4652,01.10.2026,22:27,Peynir (500g),115.07,3.0,345.21
FIS_4652,01.10.2026,22:27,Çay (500g),92.46,2.0,184.92
FIS_4653,10.06.2026,15:30,Limon Taze (kg),119.95,3.0,359.85
FIS_4653,10.06.2026,15:30,Salatalık (kg),21.89,2.0,43.78
FIS_4653,10.06.2026,15:30,Biber Çarliston (kg),32.95,3.0,98.85
FIS_4653,10.06.2026,15:30,Elma (kg),34.5,1.0,34.5
FIS_4653,10.06.2026,15:30,Domates (kg),29.15,1.0,29.15
FIS_4653,10.06.2026,15:30,Deterjan (5kg),186.35,1.0,186.35
FIS_4654,24.06.2026,20:27,Diş Macunu,45.5,2.0,91.0
FIS_4654,24.06.2026,20:27,Yüz Temizleme,79.99,1.0,79.99
FIS_4654,24.06.2026,20:27,Deodorant,199.9,2.0,399.8
FIS_4654,24.06.2026,20:27,Kil Maskesi,297.9,2.0,595.8
FIS_4655,13.12.2026,15:58,Su 0.5 LT,5.0,2.0,10.0
FIS_4655,13.12.2026,15:58,Kek,59.0,1.0,59.0
FIS_4655,13.12.2026,15:58,Cola 1 LT,45.0,3.0,135.0
FIS_4655,13.12.2026,15:58,Çay (500g),92.97,1.0,92.97
FIS_4655,13.12.2026,15:58,Süt (1L),32.63,1.0,32.63
FIS_4656,23.05.2026,13:37,Plastik Poşet,1.0,2.0,2.0
FIS_4656,23.05.2026,13:37,Diş Macunu,45.6,2.0,91.2
FIS_4656,23.05.2026,13:37,Deodorant,199.9,3.0,599.7
FIS_4656,23.05.2026,13:37,Deterjan (5kg),193.16,2.0,386.32
FIS_4656,23.05.2026,13:37,Şampuan,73.13,2.0,146.26
FIS_4657,02.08.2026,22:43,Deodorant,199.9,2.0,399.8
FIS_4657,02.08.2026,22:43,Şampuan,74.99,1.0,74.99
FIS_4657,02.08.2026,22:43,Plastik Poşet,1.0,3.0,3.0
FIS_4657,02.08.2026,22:43,Diş Macunu,45.2,2.0,90.4
FIS_4657,02.08.2026,22:43,Deterjan (5kg),183.63,3.0,550.89
FIS_4658,24.11.2026,08:05,Deodorant,199.9,2.0,399.8
FIS_4658,24.11.2026,08:05,Diş Macunu,44.21,1.0,44.21
FIS_4658,24.11.2026,08:05,Yüz Temizleme,79.99,3.0,239.97
FIS_4658,24.11.2026,08:05,Kil Maskesi,297.9,2.0,595.8
FIS_4658,24.11.2026,08:05,Şampuan,104.34,3.0,313.02
FIS_4659,16.10.2026,17:03,Domates (kg),28.45,1.0,28.45
FIS_4659,16.10.2026,17:03,Makarna,15.5,3.0,46.5
FIS_4659,16.10.2026,17:03,Salatalık (kg),21.59,1.0,21.59
FIS_4659,16.10.2026,17:03,Biber Dolmalık (kg),69.95,2.0,139.9
FIS_4659,16.10.2026,17:03,Ekmek,12.05,2.0,24.1
